{"type":"FeatureCollection","features":[{"type":"Feature","geometry":{"type":"Polygon","coordinates":[[[33.9658,2.6167],[33.8809,2.6705],[33.8819,2.6969],[33.8859,2.7328],[33.892,2.752],[33.9009,2.7894],[33.9034,2.796],[33.899,2.804],[33.8921,2.8109],[33.8957,2.83],[33.8936,2.8428],[33.8959,2.8582],[33.8894,2.8758],[33.8772,2.8904],[33.8739,2.8991],[33.8733,2.9126],[33.8652,2.922],[33.8685,2.9371],[33.8658,2.9438],[33.8512,2.949],[33.8041,2.9834],[33.7521,2.9656],[33.738,2.9788],[33.7244,2.9845],[33.7206,2.9909],[33.7223,3.0078],[33.7218,3.0211],[33.7078,3.0341],[33.6989,3.0403],[33.687,3.0537],[33.6802,3.0526],[33.6646,3.0584],[33.6607,3.0613],[33.6641,3.0675],[33.6813,3.0914],[33.6888,3.1072],[33.6897,3.1171],[33.7043,3.1346],[33.6941,3.1384],[33.677,3.138],[33.6418,3.1394],[33.6283,3.1375],[33.6135,3.1306],[33.6082,3.1328],[33.581,3.1491],[33.5595,3.1489],[33.5609,3.1258],[33.5678,3.037],[33.5709,3.0019],[33.575,2.9832],[33.5753,2.9669],[33.5806,2.9541],[33.5801,2.946],[33.5751,2.9427],[33.5706,2.934],[33.5721,2.929],[33.5772,2.8805],[33.582,2.88],[33.5989,2.8711],[33.6045,2.8701],[33.604,2.8503],[33.6038,2.7869],[33.5982,2.778],[33.5917,2.7752],[33.5801,2.7665],[33.5791,2.7623],[33.5717,2.7596],[33.5665,2.754],[33.5648,2.7476],[33.5519,2.7323],[33.5475,2.7224],[33.5382,2.7171],[33.5376,2.7092],[33.5338,2.6996],[33.5261,2.6879],[33.5237,2.6789],[33.5237,2.6594],[33.5306,2.6446],[33.5285,2.6281],[33.5335,2.6287],[33.537,2.6227],[33.5359,2.6153],[33.5394,2.6097],[33.533,2.6037],[33.5374,2.5922],[33.5515,2.5686],[33.5532,2.5589],[33.5684,2.5485],[33.5753,2.5414],[33.5789,2.5281],[33.5846,2.5229],[33.5881,2.516],[33.6078,2.4997],[33.6061,2.4958],[33.6146,2.4898],[33.6277,2.4712],[33.6401,2.4821],[33.6525,2.4897],[33.6695,2.5054],[33.6884,2.4908],[33.6963,2.4821],[33.7055,2.4604],[33.7328,2.449],[33.7393,2.4455],[33.743,2.4362],[33.7426,2.4283],[33.736,2.4175],[33.7484,2.4104],[33.7535,2.403],[33.8482,2.3438],[33.8494,2.3438],[33.858,2.3458],[33.8663,2.3581],[33.8741,2.3564],[33.885,2.3597],[33.8959,2.3755],[33.9078,2.3804],[33.9227,2.3883],[33.931,2.3896],[33.9475,2.3967],[33.9597,2.3999],[33.9615,2.4058],[33.9686,2.4046],[33.9858,2.4057],[33.9969,2.3999],[34.0046,2.402],[34.0036,2.4077],[34.0063,2.4205],[34.0196,2.4329],[34.0276,2.4289],[34.0277,2.4395],[34.032,2.4468],[34.0311,2.4535],[34.0351,2.4707],[34.0368,2.4993],[34.036,2.5063],[34.0322,2.5109],[34.0334,2.5191],[34.0265,2.5299],[34.0235,2.5281],[34.0108,2.5456],[33.9864,2.5708],[33.9803,2.5877],[33.9658,2.6167]]]},"properties":{"name":"Abim","code":"UG3064","region":"KARAMOJA"}},{"type":"Feature","geometry":{"type":"Polygon","coordinates":[[[32.062,3.5796],[32.0585,3.5871],[32.0537,3.591],[32.0436,3.5892],[32.0407,3.5863],[32.0295,3.583],[32.0199,3.5823],[32.0007,3.5768],[31.9853,3.5753],[31.9707,3.5691],[31.9647,3.5645],[31.9518,3.5475],[31.9474,3.5366],[31.9499,3.5251],[31.94,3.5184],[31.9207,3.5097],[31.9141,3.5087],[31.8996,3.5139],[31.8799,3.5158],[31.8707,3.5185],[31.8617,3.5242],[31.8544,3.536],[31.8444,3.5456],[31.8353,3.5492],[31.8139,3.5484],[31.8023,3.5408],[31.7938,3.527],[31.7812,3.5151],[31.7718,3.5121],[31.7694,3.5087],[31.7508,3.4968],[31.7356,3.4936],[31.7239,3.4968],[31.7072,3.4968],[31.7005,3.4898],[31.6952,3.4778],[31.6872,3.4684],[31.6794,3.4562],[31.6624,3.4483],[31.6532,3.4346],[31.6512,3.4266],[31.6536,3.4162],[31.6574,3.4085],[31.6585,3.3974],[31.6505,3.3853],[31.6371,3.3725],[31.6333,3.364],[31.6258,3.3569],[31.6097,3.3529],[31.6044,3.3428],[31.6063,3.3242],[31.5986,3.3157],[31.5941,3.3077],[31.5885,3.3027],[31.5863,3.2963],[31.5867,3.2843],[31.5804,3.2638],[31.5668,3.2575],[31.5623,3.2468],[31.563,3.238],[31.5717,3.2224],[31.5699,3.2153],[31.5643,3.2071],[31.5634,3.1975],[31.5596,3.1886],[31.5499,3.1758],[31.5442,3.165],[31.5436,3.1569],[31.5391,3.1507],[31.536,3.1464],[31.5244,3.1429],[31.5161,3.1239],[31.5085,3.1159],[31.502,3.0981],[31.4865,3.0751],[31.4775,3.067],[31.4742,3.0505],[31.4785,3.0355],[31.4745,3.0335],[31.4654,3.035],[31.4547,3.0338],[31.4429,3.0221],[31.4353,3.0169],[31.4347,3.0097],[31.4301,3.0023],[31.4113,2.991],[31.4027,2.9843],[31.401,2.9796],[31.4038,2.9701],[31.4113,2.9687],[31.4152,2.964],[31.4177,2.9523],[31.4229,2.9478],[31.4237,2.94],[31.4378,2.9326],[31.4473,2.9232],[31.4558,2.9177],[31.4704,2.9143],[31.478,2.9064],[31.4845,2.9124],[31.4927,2.9054],[31.4968,2.8987],[31.5029,2.8981],[31.5023,2.8913],[31.518,2.8798],[31.5297,2.8841],[31.539,2.8801],[31.5448,2.8822],[31.5507,2.8921],[31.5578,2.8955],[31.5586,2.9105],[31.5636,2.913],[31.567,2.9206],[31.5749,2.9223],[31.576,2.9305],[31.5861,2.9354],[31.5916,2.9463],[31.6057,2.9454],[31.6132,2.937],[31.6193,2.9373],[31.6341,2.9443],[31.6409,2.937],[31.658,2.9427],[31.7208,2.9574],[31.744,2.9632],[31.7491,2.9681],[31.7659,2.9704],[31.7681,2.9655],[31.7786,2.9611],[31.7872,2.9603],[31.7957,2.9512],[31.8057,2.9566],[31.8179,2.9506],[31.8228,2.954],[31.8331,2.9534],[31.8379,2.9566],[31.8503,2.9545],[31.8577,2.9512],[31.8643,2.96],[31.8756,2.9692],[31.8901,2.9756],[31.8916,2.9807],[31.9019,2.9925],[31.9032,3.0021],[31.9,3.0059],[31.9043,3.0168],[31.9123,3.0233],[31.916,3.0307],[31.9202,3.0487],[31.9272,3.0684],[31.931,3.0868],[31.9394,3.0965],[31.9598,3.1243],[31.9609,3.1368],[31.969,3.1662],[31.9708,3.1819],[31.9853,3.1959],[31.9899,3.1965],[31.994,3.2034],[32.0014,3.2107],[32.0062,3.2232],[32.0132,3.2314],[32.0086,3.235],[32.0093,3.2531],[32.0123,3.2558],[32.005,3.2649],[32.0045,3.2745],[32.0108,3.2873],[32.0119,3.2934],[32.0172,3.298],[32.0171,3.3028],[32.0263,3.3143],[32.0322,3.318],[32.0308,3.3329],[32.0415,3.3368],[32.0436,3.3402],[32.0384,3.354],[32.0284,3.3642],[32.0279,3.372],[32.0319,3.378],[32.0279,3.3892],[32.03,3.3927],[32.0219,3.4031],[32.0207,3.4101],[32.0563,3.4097],[32.0576,3.4132],[32.0532,3.4269],[32.0517,3.4473],[32.0536,3.4744],[32.059,3.4952],[32.0636,3.4997],[32.0637,3.5245],[32.0592,3.5474],[32.0565,3.5703],[32.062,3.5796]]]},"properties":{"name":"Adjumani","code":"UG3065","region":"WESTNILE"}},{"type":"Feature","geometry":{"type":"Polygon","coordinates":[[[33.5505,3.2815],[33.5388,3.2778],[33.5314,3.2786],[33.5237,3.2762],[33.5104,3.2783],[33.4999,3.2768],[33.4846,3.2908],[33.4826,3.2959],[33.442,3.2995],[33.4335,3.2995],[33.4282,3.3036],[33.4143,3.3046],[33.4029,3.3032],[33.3965,3.299],[33.3958,3.2873],[33.393,3.2813],[33.3874,3.2778],[33.3771,3.2777],[33.3665,3.2701],[33.3557,3.2649],[33.3286,3.2552],[33.3032,3.2345],[33.3026,3.2245],[33.31,3.2169],[33.3115,3.2048],[33.3258,3.195],[33.3365,3.1818],[33.2839,3.1855],[33.2458,3.1721],[33.2353,3.1761],[33.2113,3.1707],[33.18,3.1819],[33.1602,3.1803],[33.1427,3.1818],[33.1423,3.1648],[33.1386,3.1624],[33.1327,3.1459],[33.1338,3.135],[33.1383,3.1215],[33.1364,3.1018],[33.1379,3.0957],[33.1364,3.0874],[33.1313,3.074],[33.1367,3.0605],[33.1399,3.0407],[33.1392,3.032],[33.143,3.0256],[33.1448,3.0155],[33.1518,3.0127],[33.158,3.0062],[33.1657,2.9904],[33.1718,2.9858],[33.1882,2.9614],[33.1988,2.9546],[33.1903,2.9335],[33.1827,2.919],[33.1848,2.9121],[33.1835,2.9008],[33.1948,2.8906],[33.1945,2.8838],[33.1895,2.8708],[33.1784,2.8627],[33.1634,2.8499],[33.1615,2.8433],[33.1513,2.8471],[33.1473,2.8409],[33.1346,2.8347],[33.129,2.8278],[33.1168,2.8409],[33.1101,2.8456],[33.1102,2.8492],[33.1008,2.8519],[33.0959,2.8451],[33.0878,2.8406],[33.0853,2.831],[33.0861,2.8246],[33.0805,2.8225],[33.0764,2.83],[33.0718,2.8292],[33.063,2.8325],[33.0562,2.8473],[33.0529,2.8431],[33.0461,2.8492],[33.0402,2.844],[33.0327,2.8481],[33.0233,2.8472],[33.0203,2.8387],[33.0415,2.8328],[33.0528,2.8212],[33.0447,2.8176],[33.0362,2.8049],[33.0324,2.7915],[33.021,2.7601],[33.018,2.7438],[33.0129,2.7322],[33.0163,2.7312],[33.0236,2.7215],[33.0358,2.716],[33.0401,2.7084],[33.0418,2.6989],[33.048,2.6895],[33.0562,2.686],[33.0619,2.674],[33.0664,2.6694],[33.0781,2.6675],[33.0903,2.6471],[33.0862,2.6414],[33.0873,2.6324],[33.0989,2.606],[33.1006,2.5992],[33.1574,2.6191],[33.1833,2.5854],[33.2022,2.5969],[33.2064,2.5979],[33.2407,2.5933],[33.2588,2.5975],[33.2727,2.5949],[33.2913,2.5959],[33.3002,2.6077],[33.3071,2.6079],[33.3149,2.612],[33.3443,2.608],[33.3562,2.6052],[33.3648,2.6054],[33.3722,2.6024],[33.3851,2.6],[33.3962,2.596],[33.4108,2.5953],[33.4166,2.6078],[33.4289,2.6268],[33.4338,2.6318],[33.4401,2.6257],[33.4358,2.6162],[33.4434,2.6129],[33.444,2.5923],[33.4539,2.5908],[33.475,2.5967],[33.4801,2.5902],[33.4954,2.5923],[33.4998,2.5882],[33.5122,2.5921],[33.5185,2.6003],[33.533,2.6037],[33.5394,2.6097],[33.5359,2.6153],[33.537,2.6227],[33.5335,2.6287],[33.5285,2.6281],[33.5306,2.6446],[33.5237,2.6594],[33.5237,2.6789],[33.5261,2.6879],[33.5338,2.6996],[33.5376,2.7092],[33.5382,2.7171],[33.5475,2.7224],[33.5519,2.7323],[33.5648,2.7476],[33.5665,2.754],[33.5717,2.7596],[33.5791,2.7623],[33.5801,2.7665],[33.5917,2.7752],[33.5982,2.778],[33.6038,2.7869],[33.604,2.8503],[33.6045,2.8701],[33.5989,2.8711],[33.582,2.88],[33.5772,2.8805],[33.5721,2.929],[33.5706,2.934],[33.5751,2.9427],[33.5801,2.946],[33.5806,2.9541],[33.5753,2.9669],[33.575,2.9832],[33.5709,3.0019],[33.5678,3.037],[33.5609,3.1258],[33.5595,3.1489],[33.5572,3.1784],[33.5545,3.2034],[33.554,3.2213],[33.5508,3.2586],[33.5505,3.2815]]]},"properties":{"name":"Agago","code":"UG3066","region":"ACHOLI"}},{"type":"Feature","geometry":{"type":"Polygon","coordinates":[[[33.535,2.352],[33.5029,2.3528],[33.4886,2.3523],[33.4853,2.3571],[33.4789,2.3567],[33.4708,2.3599],[33.4649,2.3576],[33.4554,2.3621],[33.4336,2.3607],[33.4197,2.3469],[33.4143,2.3447],[33.4093,2.3471],[33.4012,2.3368],[33.3983,2.3299],[33.3879,2.3313],[33.3817,2.3267],[33.3725,2.3317],[33.3599,2.3332],[33.3535,2.3395],[33.349,2.3343],[33.3435,2.3381],[33.3311,2.3276],[33.326,2.3316],[33.3195,2.3232],[33.3131,2.3258],[33.3108,2.3214],[33.2973,2.3307],[33.2876,2.3306],[33.288,2.3439],[33.2747,2.3505],[33.2658,2.3484],[33.2584,2.351],[33.253,2.3562],[33.2464,2.3565],[33.2474,2.363],[33.2445,2.3684],[33.2474,2.3814],[33.2425,2.3846],[33.236,2.3833],[33.2325,2.372],[33.2207,2.3709],[33.2242,2.3797],[33.2239,2.3866],[33.2175,2.3867],[33.2133,2.3922],[33.2191,2.4003],[33.2148,2.407],[33.2106,2.4064],[33.2052,2.4144],[33.1934,2.4171],[33.1883,2.4059],[33.1801,2.4079],[33.1824,2.4165],[33.1785,2.4217],[33.1728,2.4231],[33.1762,2.43],[33.1852,2.4358],[33.1812,2.441],[33.1847,2.4498],[33.1725,2.4523],[33.1714,2.4459],[33.1615,2.4375],[33.1536,2.4267],[33.1495,2.4257],[33.1463,2.4355],[33.1545,2.4409],[33.159,2.447],[33.1596,2.4559],[33.1552,2.4585],[33.1481,2.4504],[33.1389,2.4456],[33.1405,2.458],[33.1475,2.4701],[33.136,2.4688],[33.1467,2.4835],[33.1419,2.4868],[33.1372,2.4823],[33.1329,2.4875],[33.1233,2.4913],[33.1142,2.4894],[33.1091,2.4813],[33.1015,2.4764],[33.1016,2.4858],[33.0885,2.475],[33.085,2.4815],[33.0898,2.488],[33.0829,2.4951],[33.0716,2.4895],[33.0643,2.5001],[33.0581,2.5035],[33.0542,2.4992],[33.0552,2.4941],[33.0496,2.4879],[33.0427,2.4885],[33.0382,2.5003],[33.0326,2.5058],[33.0211,2.5011],[33.0167,2.5025],[33.01,2.4971],[33.0144,2.4889],[33.0126,2.4842],[33.0155,2.4743],[33.0198,2.4714],[33.0224,2.4635],[33.0202,2.4537],[33.026,2.4444],[33.0176,2.4327],[33.0147,2.4325],[33.0051,2.4212],[33.0045,2.4175],[32.9965,2.4125],[32.982,2.3939],[32.9832,2.3812],[32.9802,2.359],[32.9982,2.3466],[32.9973,2.3317],[33.0024,2.3254],[33.0062,2.3116],[33.0137,2.3099],[33.0259,2.3227],[33.0348,2.3239],[33.0388,2.3276],[33.0607,2.3238],[33.0633,2.3132],[33.0592,2.308],[33.0651,2.3024],[33.0887,2.306],[33.0934,2.3084],[33.0984,2.3017],[33.1008,2.2878],[33.1071,2.2826],[33.1094,2.2755],[33.1164,2.2647],[33.1091,2.2478],[33.1017,2.2445],[33.1071,2.2336],[33.1245,2.2294],[33.1325,2.2161],[33.1437,2.2063],[33.1481,2.1936],[33.1517,2.1904],[33.1485,2.1824],[33.1405,2.1764],[33.1274,2.1708],[33.1203,2.1736],[33.105,2.1678],[33.1194,2.1523],[33.1195,2.1449],[33.1353,2.1311],[33.1331,2.121],[33.1355,2.1086],[33.1463,2.1042],[33.1628,2.105],[33.1734,2.1076],[33.1804,2.1041],[33.1854,2.0943],[33.1984,2.0909],[33.212,2.0901],[33.22,2.0855],[33.231,2.0853],[33.2421,2.0815],[33.2511,2.0842],[33.2583,2.0704],[33.2691,2.0619],[33.2788,2.057],[33.2871,2.0503],[33.2905,2.0394],[33.2992,2.0452],[33.3115,2.0491],[33.3145,2.0534],[33.3244,2.0526],[33.3363,2.0441],[33.3396,2.0386],[33.3505,2.03],[33.364,2.0279],[33.3655,2.0366],[33.3602,2.0488],[33.3477,2.0618],[33.349,2.0693],[33.3534,2.0756],[33.3629,2.1019],[33.3733,2.1108],[33.387,2.1137],[33.3903,2.1176],[33.4022,2.1235],[33.4092,2.1318],[33.4159,2.1429],[33.4218,2.1361],[33.4219,2.132],[33.4308,2.1182],[33.4375,2.111],[33.4488,2.1236],[33.4551,2.1276],[33.4559,2.1443],[33.466,2.1558],[33.4721,2.181],[33.4787,2.1911],[33.4784,2.1982],[33.4751,2.207],[33.4629,2.2118],[33.4534,2.2221],[33.448,2.2242],[33.4409,2.2329],[33.4413,2.2412],[33.4487,2.2437],[33.4598,2.2422],[33.4751,2.2344],[33.4876,2.2325],[33.4912,2.231],[33.499,2.2417],[33.5087,2.2513],[33.5354,2.2668],[33.5463,2.2806],[33.5491,2.2865],[33.5462,2.3122],[33.5439,2.318],[33.5462,2.3292],[33.5375,2.3505],[33.535,2.352]]]},"properties":{"name":"Alebtong","code":"UG3067","region":"LANGO"}},{"type":"Feature","geometry":{"type":"Polygon","coordinates":[[[32.9404,1.8134],[32.9278,1.8121],[32.9084,1.8064],[32.8936,1.806],[32.8756,1.81],[32.852,1.8221],[32.8359,1.8329],[32.8216,1.8362],[32.8123,1.8344],[32.7983,1.8261],[32.7679,1.7919],[32.7506,1.7745],[32.7139,1.7474],[32.64,1.6797],[32.5966,1.6551],[32.5871,1.6512],[32.5669,1.6466],[32.5572,1.6459],[32.5431,1.6471],[32.5155,1.657],[32.4968,1.6621],[32.456,1.6838],[32.4401,1.6886],[32.4312,1.6899],[32.4151,1.6898],[32.4046,1.687],[32.3958,1.682],[32.3783,1.6635],[32.3635,1.6532],[32.3549,1.6496],[32.3309,1.6449],[32.3125,1.6432],[32.3171,1.6362],[32.3206,1.6257],[32.3251,1.6199],[32.3444,1.614],[32.3508,1.6106],[32.3598,1.602],[32.3843,1.5934],[32.4013,1.593],[32.4107,1.5904],[32.4232,1.5809],[32.4364,1.5765],[32.4487,1.5651],[32.4596,1.5606],[32.4693,1.5512],[32.4838,1.5437],[32.4969,1.5384],[32.5105,1.5216],[32.5183,1.5224],[32.5335,1.5154],[32.5457,1.5226],[32.5624,1.5211],[32.5684,1.5148],[32.5771,1.4898],[32.5915,1.4713],[32.6071,1.4553],[32.6254,1.438],[32.6548,1.4362],[32.6774,1.4457],[32.6964,1.4507],[32.7184,1.4542],[32.7354,1.4554],[32.7487,1.4585],[32.7764,1.4665],[32.8203,1.475],[32.8361,1.4774],[32.8653,1.4803],[32.8945,1.4812],[32.9463,1.4797],[32.9737,1.4772],[32.9745,1.5575],[32.9673,1.5824],[32.9671,1.6098],[32.9628,1.6229],[32.9533,1.6304],[32.9451,1.6421],[32.9965,1.6716],[32.9941,1.6884],[32.9999,1.7123],[32.9916,1.7197],[32.9886,1.727],[32.9863,1.7471],[32.9799,1.7699],[32.9721,1.7882],[32.9574,1.8061],[32.9514,1.8099],[32.9404,1.8134]]]},"properties":{"name":"Amolatar","code":"UG3068","region":"LANGO"}},{"type":"Feature","geometry":{"type":"Polygon","coordinates":[[[34.9349,2.2827],[34.9228,2.2856],[34.9134,2.2805],[34.9056,2.2689],[34.8954,2.275],[34.8875,2.2714],[34.8882,2.2645],[34.8818,2.2573],[34.868,2.2468],[34.8694,2.2356],[34.862,2.2321],[34.8614,2.2268],[34.8525,2.2245],[34.8472,2.2191],[34.8505,2.2096],[34.8507,2.1982],[34.8454,2.1878],[34.8361,2.1783],[34.8325,2.179],[34.8287,2.1713],[34.8302,2.1596],[34.8229,2.1497],[34.825,2.1441],[34.8136,2.1327],[34.8092,2.1305],[34.807,2.1233],[34.7979,2.1229],[34.7969,2.1149],[34.8023,2.1079],[34.8121,2.1048],[34.819,2.0914],[34.8326,2.0823],[34.8413,2.074],[34.8437,2.0678],[34.8559,2.0484],[34.8538,2.0441],[34.8577,2.0252],[34.8661,2.0191],[34.8659,2.0145],[34.874,2.0011],[34.8657,1.9975],[34.8499,1.9704],[34.8284,1.9348],[34.8312,1.8868],[34.8326,1.883],[34.8277,1.8714],[34.8345,1.8676],[34.8333,1.8553],[34.8417,1.8603],[34.8482,1.8565],[34.8512,1.8457],[34.8486,1.8398],[34.8524,1.8307],[34.8605,1.8259],[34.8556,1.8203],[34.8473,1.8163],[34.8501,1.809],[34.8592,1.8105],[34.8615,1.806],[34.8533,1.8008],[34.8601,1.795],[34.849,1.7773],[34.8488,1.772],[34.8366,1.7626],[34.8238,1.7635],[34.8137,1.7576],[34.8116,1.7523],[34.8212,1.7474],[34.8349,1.7438],[34.8408,1.7388],[34.8468,1.727],[34.8189,1.7128],[34.8201,1.6888],[34.8162,1.681],[34.8164,1.6691],[34.8123,1.6536],[34.808,1.6437],[34.8012,1.6436],[34.7984,1.639],[34.7814,1.6319],[34.7754,1.631],[34.7701,1.626],[34.7605,1.6229],[34.7538,1.6156],[34.7405,1.6131],[34.7342,1.607],[34.732,1.5981],[34.7249,1.5878],[34.7248,1.5837],[34.7142,1.5843],[34.7072,1.5756],[34.6902,1.5687],[34.6714,1.5728],[34.657,1.5719],[34.6413,1.5733],[34.6304,1.5769],[34.6232,1.5691],[34.6283,1.5499],[34.6316,1.5451],[34.6403,1.5397],[34.6438,1.5403],[34.6555,1.5339],[34.6593,1.5243],[34.6688,1.5221],[34.6717,1.525],[34.6824,1.5274],[34.6864,1.5246],[34.6999,1.5242],[34.6995,1.515],[34.702,1.5012],[34.7116,1.4987],[34.7127,1.481],[34.7246,1.4733],[34.7261,1.4688],[34.7219,1.4636],[34.7222,1.4547],[34.7181,1.4482],[34.7232,1.4376],[34.7266,1.4394],[34.7342,1.4334],[34.7426,1.421],[34.7522,1.4159],[34.7549,1.4093],[34.7612,1.4075],[34.7649,1.4013],[34.774,1.3958],[34.7786,1.3908],[34.7764,1.3845],[34.7815,1.3754],[34.7828,1.3689],[34.7875,1.3636],[34.8069,1.3802],[34.807,1.3851],[34.8,1.4015],[34.7946,1.4109],[34.7985,1.4175],[34.805,1.4229],[34.8163,1.4274],[34.821,1.4324],[34.8276,1.4452],[34.8318,1.4491],[34.8425,1.4518],[34.8453,1.4549],[34.856,1.4954],[34.8648,1.5256],[34.891,1.5525],[34.9063,1.55],[34.9243,1.5598],[34.9444,1.5739],[34.9611,1.6012],[34.992,1.6616],[34.994,1.6822],[34.9967,1.7193],[35.0011,1.7558],[35.001,1.9597],[34.9853,1.9824],[34.9823,2.0185],[34.9808,2.0493],[34.9662,2.1148],[34.9491,2.1941],[34.9404,2.2448],[34.9349,2.2827]]]},"properties":{"name":"Amudat","code":"UG3069","region":"KARAMOJA"}},{"type":"Feature","geometry":{"type":"Polygon","coordinates":[[[33.4876,2.2325],[33.4751,2.2344],[33.4598,2.2422],[33.4487,2.2437],[33.4413,2.2412],[33.4409,2.2329],[33.448,2.2242],[33.4534,2.2221],[33.4629,2.2118],[33.4751,2.207],[33.4784,2.1982],[33.4787,2.1911],[33.4721,2.181],[33.466,2.1558],[33.4559,2.1443],[33.4551,2.1276],[33.4488,2.1236],[33.4375,2.111],[33.4308,2.1182],[33.4219,2.132],[33.4218,2.1361],[33.4159,2.1429],[33.4092,2.1318],[33.4022,2.1235],[33.3903,2.1176],[33.387,2.1137],[33.3733,2.1108],[33.3629,2.1019],[33.3534,2.0756],[33.349,2.0693],[33.3477,2.0618],[33.3602,2.0488],[33.3655,2.0366],[33.364,2.0279],[33.3692,2.0202],[33.3778,2.0038],[33.3816,1.9932],[33.3884,1.9877],[33.3977,1.986],[33.4071,1.9801],[33.408,1.9627],[33.413,1.9481],[33.415,1.9304],[33.4298,1.909],[33.4363,1.9036],[33.4395,1.8968],[33.4432,1.9076],[33.4408,1.9284],[33.4523,1.9372],[33.4555,1.9437],[33.4467,1.9602],[33.4533,1.9764],[33.4605,1.9828],[33.4611,1.9971],[33.4644,2.0019],[33.4845,2.0159],[33.4904,2.0176],[33.5024,2.0118],[33.5152,2.0194],[33.5319,2.0183],[33.5535,1.986],[33.5588,1.9837],[33.5687,1.9709],[33.5721,1.9619],[33.5769,1.9557],[33.5843,1.9548],[33.5897,1.9504],[33.5996,1.9527],[33.6126,1.9428],[33.6218,1.9381],[33.6456,1.9366],[33.6572,1.9214],[33.6567,1.9083],[33.6631,1.8926],[33.6746,1.8853],[33.6885,1.88],[33.7015,1.8693],[33.7126,1.8573],[33.7221,1.8413],[33.7272,1.8374],[33.734,1.8273],[33.7516,1.8191],[33.7534,1.8145],[33.7694,1.807],[33.7807,1.7947],[33.7885,1.7796],[33.7897,1.7552],[33.7984,1.7364],[33.8092,1.7334],[33.8045,1.7252],[33.8106,1.7152],[33.8154,1.7271],[33.8265,1.7346],[33.8307,1.7398],[33.8404,1.7432],[33.8616,1.757],[33.8698,1.7665],[33.8717,1.7745],[33.8698,1.7832],[33.8713,1.798],[33.8662,1.8061],[33.8705,1.8211],[33.8713,1.8313],[33.8626,1.8365],[33.856,1.8497],[33.855,1.8556],[33.8492,1.8574],[33.8504,1.8638],[33.8467,1.8682],[33.8489,1.883],[33.8594,1.8834],[33.8648,1.8901],[33.8833,1.8974],[33.8874,1.9022],[33.8991,1.9096],[33.8899,1.9186],[33.8846,1.9203],[33.8856,1.9269],[33.8942,1.9307],[33.8882,1.9452],[33.8931,1.9515],[33.8886,1.963],[33.8943,1.9766],[33.887,1.9752],[33.881,1.9781],[33.8589,1.9788],[33.8506,1.9837],[33.8415,1.9968],[33.8387,2.0082],[33.8292,2.0166],[33.8093,2.0221],[33.7955,2.0149],[33.785,2.0145],[33.78,2.0032],[33.7786,1.9844],[33.7677,1.9829],[33.7622,1.9844],[33.7558,1.9806],[33.7522,1.9885],[33.7463,1.9912],[33.7314,2.0053],[33.7381,2.0248],[33.7424,2.0293],[33.7437,2.0355],[33.7407,2.0465],[33.7348,2.0565],[33.7471,2.0567],[33.75,2.0617],[33.748,2.0709],[33.7482,2.0821],[33.7442,2.0933],[33.7336,2.0966],[33.7226,2.096],[33.7122,2.105],[33.7073,2.1185],[33.7063,2.1367],[33.699,2.1481],[33.6941,2.1517],[33.6879,2.1608],[33.6878,2.1646],[33.6758,2.1756],[33.6729,2.1998],[33.6613,2.2206],[33.6462,2.2146],[33.6364,2.2021],[33.6344,2.1875],[33.6393,2.1809],[33.6288,2.1708],[33.6236,2.1586],[33.6104,2.1357],[33.5954,2.1449],[33.5855,2.1547],[33.5809,2.1556],[33.5728,2.1638],[33.5668,2.1673],[33.5658,2.1769],[33.5675,2.1825],[33.5623,2.189],[33.5518,2.1968],[33.5407,2.1987],[33.5381,2.2025],[33.5273,2.2097],[33.5194,2.2129],[33.5117,2.2232],[33.5039,2.2293],[33.4895,2.2293],[33.4876,2.2325]]]},"properties":{"name":"Amuria","code":"UG2027","region":"TESO"}},{"type":"Feature","geometry":{"type":"Polygon","coordinates":[[[32.201,3.5041],[32.1944,3.5069],[32.1006,3.5299],[32.0851,3.5301],[32.0897,3.535],[32.0818,3.5514],[32.0844,3.5588],[32.0814,3.5649],[32.073,3.5663],[32.062,3.5796],[32.0565,3.5703],[32.0592,3.5474],[32.0637,3.5245],[32.0636,3.4997],[32.059,3.4952],[32.0536,3.4744],[32.0517,3.4473],[32.0532,3.4269],[32.0576,3.4132],[32.0563,3.4097],[32.0207,3.4101],[32.0219,3.4031],[32.03,3.3927],[32.0279,3.3892],[32.0319,3.378],[32.0279,3.372],[32.0284,3.3642],[32.0384,3.354],[32.0436,3.3402],[32.0415,3.3368],[32.0308,3.3329],[32.0322,3.318],[32.0263,3.3143],[32.0171,3.3028],[32.0172,3.298],[32.0119,3.2934],[32.0108,3.2873],[32.0045,3.2745],[32.005,3.2649],[32.0123,3.2558],[32.0093,3.2531],[32.0086,3.235],[32.0132,3.2314],[32.0062,3.2232],[32.0014,3.2107],[31.994,3.2034],[31.9899,3.1965],[31.9853,3.1959],[31.9708,3.1819],[31.969,3.1662],[31.9609,3.1368],[31.9598,3.1243],[31.9394,3.0965],[31.931,3.0868],[31.9272,3.0684],[31.9202,3.0487],[31.916,3.0307],[31.9123,3.0233],[31.9043,3.0168],[31.9,3.0059],[31.9032,3.0021],[31.9019,2.9925],[31.8916,2.9807],[31.8901,2.9756],[31.8756,2.9692],[31.8643,2.96],[31.8577,2.9512],[31.8503,2.9545],[31.8379,2.9566],[31.8331,2.9534],[31.8228,2.954],[31.8179,2.9506],[31.8057,2.9566],[31.7957,2.9512],[31.7872,2.9603],[31.7786,2.9611],[31.7681,2.9655],[31.7659,2.9704],[31.7491,2.9681],[31.744,2.9632],[31.7208,2.9574],[31.658,2.9427],[31.6409,2.937],[31.6341,2.9443],[31.6193,2.9373],[31.6132,2.937],[31.6057,2.9454],[31.5916,2.9463],[31.5861,2.9354],[31.576,2.9305],[31.5749,2.9223],[31.567,2.9206],[31.5636,2.913],[31.5586,2.9105],[31.5578,2.8955],[31.5507,2.8921],[31.5448,2.8822],[31.539,2.8801],[31.5297,2.8841],[31.518,2.8798],[31.5023,2.8913],[31.5029,2.8981],[31.4968,2.8987],[31.4927,2.9054],[31.4845,2.9124],[31.478,2.9064],[31.4704,2.9143],[31.4558,2.9177],[31.4473,2.9232],[31.4378,2.9326],[31.4237,2.94],[31.4229,2.9478],[31.4177,2.9523],[31.4031,2.9512],[31.3981,2.9458],[31.3992,2.9269],[31.3939,2.9161],[31.3797,2.903],[31.3718,2.8846],[31.371,2.8787],[31.3752,2.8602],[31.3726,2.8532],[31.3621,2.847],[31.3615,2.8342],[31.3726,2.8143],[31.3783,2.8021],[31.3818,2.786],[31.3869,2.7756],[31.3936,2.7679],[31.4022,2.7658],[31.4147,2.7603],[31.4232,2.7623],[31.4324,2.7615],[31.438,2.7566],[31.449,2.7393],[31.452,2.7249],[31.4504,2.718],[31.4539,2.7031],[31.4508,2.6872],[31.4458,2.6853],[31.4423,2.6769],[31.4449,2.6784],[31.4705,2.6796],[31.4816,2.6861],[31.4849,2.694],[31.4817,2.7021],[31.4879,2.7093],[31.5007,2.7194],[31.5087,2.7198],[31.5193,2.7268],[31.5177,2.7332],[31.5316,2.7406],[31.5396,2.7589],[31.5514,2.7658],[31.5504,2.7692],[31.5662,2.781],[31.571,2.7799],[31.5767,2.7732],[31.5803,2.7842],[31.5971,2.7991],[31.6021,2.8051],[31.6074,2.8064],[31.6166,2.8018],[31.6262,2.8087],[31.6315,2.816],[31.6387,2.8179],[31.6558,2.8158],[31.6562,2.8092],[31.66,2.8012],[31.6691,2.7987],[31.6765,2.8034],[31.683,2.8029],[31.6914,2.8114],[31.693,2.8189],[31.701,2.8236],[31.7092,2.8228],[31.7156,2.832],[31.7224,2.8275],[31.7311,2.8281],[31.7423,2.834],[31.7457,2.8321],[31.76,2.8334],[31.7621,2.8301],[31.7835,2.8277],[31.7852,2.8243],[31.7976,2.8159],[31.8035,2.806],[31.8115,2.802],[31.821,2.8001],[31.8231,2.795],[31.8496,2.7889],[31.8594,2.7889],[31.8734,2.7836],[31.8882,2.7827],[31.8927,2.7786],[31.8982,2.7788],[31.9009,2.7901],[31.9089,2.7939],[31.9207,2.793],[31.9328,2.7961],[31.9426,2.7951],[31.9477,2.7912],[31.9613,2.786],[31.9647,2.7808],[31.9693,2.7821],[31.9764,2.7887],[31.9931,2.7869],[32.0029,2.7813],[32.0117,2.779],[32.0189,2.7711],[32.0265,2.7681],[32.038,2.7726],[32.0463,2.7787],[32.0486,2.7863],[32.0603,2.7883],[32.0679,2.7937],[32.0738,2.7936],[32.0773,2.7995],[32.0872,2.8019],[32.0958,2.8062],[32.1139,2.8025],[32.1234,2.7845],[32.1293,2.7828],[32.1337,2.7693],[32.1434,2.7695],[32.1444,2.7734],[32.1552,2.7777],[32.1672,2.7773],[32.1783,2.7798],[32.1941,2.7783],[32.1978,2.7697],[32.1985,2.7578],[32.2036,2.7557],[32.2195,2.7584],[32.2361,2.768],[32.2361,2.7696],[32.2127,2.8292],[32.208,2.8512],[32.2108,2.8616],[32.2,2.8811],[32.1921,2.9013],[32.1936,2.9083],[32.1908,2.9261],[32.1879,2.9291],[32.19,2.94],[32.1878,2.9454],[32.1892,2.9534],[32.1865,2.9609],[32.1872,2.9721],[32.1924,2.9854],[32.1987,2.9872],[32.2068,2.9942],[32.2071,2.9988],[32.2159,3.0013],[32.2224,2.997],[32.2277,3.0003],[32.2305,3.016],[32.2283,3.0198],[32.2281,3.0317],[32.2255,3.0507],[32.2278,3.0594],[32.2344,3.0624],[32.2317,3.0687],[32.2394,3.0749],[32.2417,3.0823],[32.2408,3.0899],[32.2478,3.1006],[32.2492,3.1069],[32.2536,3.1098],[32.2544,3.1213],[32.2455,3.1309],[32.2496,3.1372],[32.258,3.1385],[32.2644,3.1343],[32.2767,3.1415],[32.2799,3.1413],[32.2808,3.1551],[32.2882,3.1703],[32.3277,3.233],[32.3378,3.2354],[32.3275,3.2511],[32.3339,3.2589],[32.3508,3.2672],[32.3595,3.2645],[32.3642,3.2678],[32.3639,3.277],[32.3597,3.2828],[32.3631,3.2991],[32.3764,3.2965],[32.3868,3.2846],[32.3764,3.2965],[32.3631,3.2991],[32.3458,3.3222],[32.3352,3.3275],[32.3247,3.3223],[32.3149,3.3217],[32.304,3.3368],[32.295,3.3397],[32.2893,3.3495],[32.2902,3.3564],[32.2785,3.3707],[32.2729,3.3884],[32.2726,3.3967],[32.2687,3.4042],[32.2705,3.4156],[32.2675,3.4206],[32.2571,3.4251],[32.2533,3.4244],[32.2465,3.4307],[32.2314,3.4347],[32.2276,3.4393],[32.2202,3.4573],[32.223,3.4637],[32.2187,3.4701],[32.2181,3.48],[32.2093,3.4819],[32.2007,3.4887],[32.1987,3.5006],[32.201,3.5041]]]},"properties":{"name":"Amuru","code":"UG3070","region":"ACHOLI"}},{"type":"Feature","geometry":{"type":"Polygon","coordinates":[[[32.5768,2.2186],[32.5703,2.2195],[32.5658,2.2156],[32.5627,2.1989],[32.5576,2.1916],[32.555,2.1772],[32.5541,2.1632],[32.5502,2.1553],[32.5383,2.1442],[32.5285,2.1294],[32.5056,2.1069],[32.497,2.1056],[32.4924,2.109],[32.4798,2.1053],[32.462,2.0856],[32.4562,2.0823],[32.4357,2.0761],[32.4235,2.0751],[32.4078,2.072],[32.3844,2.0738],[32.3707,2.0732],[32.3528,2.0744],[32.3501,2.0529],[32.345,2.0419],[32.3436,2.0318],[32.3435,2.0138],[32.34,1.9976],[32.3364,1.9865],[32.339,1.976],[32.3335,1.9675],[32.3346,1.9586],[32.341,1.9554],[32.3527,1.9579],[32.3603,1.9565],[32.3636,1.9525],[32.3611,1.9432],[32.353,1.9344],[32.3445,1.929],[32.342,1.9185],[32.3442,1.8956],[32.3401,1.8834],[32.3394,1.8746],[32.3434,1.8642],[32.342,1.8557],[32.3349,1.8508],[32.3196,1.8462],[32.3055,1.8383],[32.2929,1.8357],[32.2826,1.8386],[32.2773,1.8357],[32.2757,1.8294],[32.2786,1.8186],[32.2771,1.8113],[32.2684,1.8052],[32.2585,1.8033],[32.2406,1.7926],[32.2324,1.7895],[32.2168,1.7933],[32.2063,1.7815],[32.1947,1.782],[32.1786,1.7777],[32.1663,1.7769],[32.1517,1.7615],[32.1274,1.7463],[32.1092,1.7408],[32.1026,1.732],[32.099,1.7203],[32.0957,1.6998],[32.0972,1.6908],[32.1014,1.6798],[32.0983,1.669],[32.0928,1.6577],[32.0956,1.6482],[32.1029,1.6467],[32.1081,1.6489],[32.1281,1.6649],[32.1431,1.6708],[32.1759,1.6733],[32.183,1.6708],[32.1984,1.6734],[32.2303,1.6711],[32.2366,1.6677],[32.2494,1.6674],[32.2712,1.6645],[32.2952,1.6555],[32.3085,1.6475],[32.3125,1.6432],[32.3309,1.6449],[32.3549,1.6496],[32.3635,1.6532],[32.3783,1.6635],[32.3958,1.682],[32.4046,1.687],[32.4151,1.6898],[32.4312,1.6899],[32.4401,1.6886],[32.456,1.6838],[32.4968,1.6621],[32.5155,1.657],[32.5431,1.6471],[32.5572,1.6459],[32.5669,1.6466],[32.5871,1.6512],[32.5778,1.6733],[32.5761,1.6895],[32.5708,1.6932],[32.5678,1.7027],[32.5686,1.7327],[32.5558,1.7425],[32.5543,1.7456],[32.5552,1.7605],[32.5557,1.7877],[32.5472,1.7927],[32.54,1.8068],[32.5372,1.8185],[32.5385,1.8304],[32.5436,1.8358],[32.5269,1.8575],[32.5399,1.87],[32.5495,1.8756],[32.5699,1.8785],[32.5967,1.8889],[32.6024,1.8924],[32.5955,1.9005],[32.6071,1.9038],[32.6244,1.9163],[32.6359,1.9227],[32.6493,1.925],[32.6574,1.9296],[32.6578,1.9373],[32.6554,1.9463],[32.6577,1.9592],[32.6547,1.9678],[32.6567,1.9821],[32.6564,1.9921],[32.6617,2.0045],[32.6619,2.0223],[32.6532,2.0282],[32.6487,2.0284],[32.6385,2.0224],[32.623,2.023],[32.6185,2.0265],[32.6224,2.0374],[32.6163,2.0489],[32.6163,2.0655],[32.6073,2.0654],[32.5956,2.0746],[32.5997,2.0827],[32.6012,2.095],[32.5969,2.1143],[32.599,2.1204],[32.6176,2.1228],[32.6205,2.1249],[32.6249,2.138],[32.6247,2.1446],[32.6251,2.156],[32.6287,2.1669],[32.6278,2.1709],[32.6182,2.1738],[32.6139,2.1833],[32.606,2.1938],[32.5959,2.1992],[32.5929,2.2103],[32.5801,2.2119],[32.5768,2.2186]]]},"properties":{"name":"Apac","code":"UG3071","region":"LANGO"}},{"type":"Feature","geometry":{"type":"Polygon","coordinates":[[[31.4088,3.184],[31.4112,3.1894],[31.4078,3.2005],[31.398,3.2105],[31.3996,3.2169],[31.3852,3.2236],[31.3666,3.2216],[31.3619,3.2237],[31.3538,3.2198],[31.3425,3.2261],[31.3405,3.2386],[31.3366,3.245],[31.3279,3.2657],[31.3091,3.2701],[31.3113,3.2732],[31.3056,3.2792],[31.2978,3.2771],[31.277,3.2806],[31.2647,3.2873],[31.2569,3.2816],[31.2487,3.284],[31.2394,3.2917],[31.2353,3.3104],[31.224,3.3107],[31.2179,3.3145],[31.2155,3.3203],[31.2062,3.3296],[31.2005,3.3387],[31.1892,3.3407],[31.1848,3.3369],[31.1788,3.3402],[31.1723,3.3511],[31.1559,3.3506],[31.1435,3.3459],[31.141,3.3388],[31.1456,3.3338],[31.1381,3.3236],[31.1362,3.3153],[31.1373,3.305],[31.1313,3.3022],[31.1185,3.3141],[31.0989,3.3006],[31.0948,3.3044],[31.0757,3.299],[31.0696,3.2956],[31.0737,3.2876],[31.0677,3.2866],[31.0728,3.2758],[31.064,3.2734],[31.0531,3.2678],[31.0494,3.2711],[31.0393,3.2735],[31.0345,3.2773],[31.0231,3.265],[31.0273,3.2539],[31.0202,3.2477],[31.0152,3.2466],[31.0113,3.2386],[31.0102,3.2305],[31.0049,3.2311],[31.0012,3.221],[30.9963,3.2152],[30.9991,3.1936],[30.9979,3.1879],[30.9916,3.1902],[30.9879,3.1868],[30.979,3.1863],[30.9722,3.178],[30.9693,3.1689],[30.9601,3.1686],[30.9584,3.1592],[30.9524,3.1551],[30.9525,3.1497],[30.9469,3.1472],[30.9402,3.1257],[30.9335,3.1215],[30.919,3.1203],[30.9061,3.125],[30.891,3.1234],[30.8838,3.1242],[30.8805,3.131],[30.8725,3.1353],[30.8593,3.1327],[30.856,3.1293],[30.8407,3.1238],[30.8341,3.1181],[30.821,3.1186],[30.8197,3.1295],[30.8029,3.1332],[30.8029,3.1243],[30.8005,3.1192],[30.8002,3.1017],[30.7942,3.0927],[30.7938,3.0728],[30.7951,3.0666],[30.7915,3.0611],[30.7839,3.0606],[30.7744,3.0559],[30.7687,3.0494],[30.7699,3.0428],[30.7787,3.0341],[30.7785,3.0242],[30.785,3.0177],[30.7925,3.0149],[30.8029,3.0044],[30.8101,3.0029],[30.8178,3.0055],[30.8248,3.0005],[30.8247,2.9889],[30.8327,2.9817],[30.8375,2.9729],[30.8571,2.9594],[30.8541,2.9488],[30.8564,2.9363],[30.861,2.932],[30.8582,2.9258],[30.8676,2.9196],[30.8656,2.9151],[30.8706,2.908],[30.8704,2.9011],[30.8756,2.8993],[30.8751,2.8885],[30.8847,2.8826],[30.8887,2.8759],[30.888,2.8686],[30.8907,2.8549],[30.8847,2.8354],[30.8864,2.829],[30.8849,2.8117],[30.8683,2.7916],[30.8626,2.7823],[30.86,2.7711],[30.8549,2.7684],[30.837,2.7637],[30.8367,2.7543],[30.8324,2.7497],[30.8235,2.7473],[30.8228,2.7349],[30.8273,2.7267],[30.8224,2.7171],[30.8155,2.7135],[30.8089,2.7058],[30.8079,2.7013],[30.8114,2.6924],[30.8072,2.6863],[30.8057,2.6754],[30.7981,2.6687],[30.7996,2.6629],[30.792,2.6444],[30.7968,2.646],[30.8002,2.652],[30.8104,2.6529],[30.8211,2.66],[30.8268,2.6586],[30.8378,2.6611],[30.8435,2.6671],[30.8569,2.6725],[30.8686,2.6747],[30.8796,2.6702],[30.8861,2.6729],[30.8892,2.6676],[30.8955,2.6712],[30.9024,2.6672],[30.9139,2.6749],[30.9123,2.6854],[30.9164,2.6935],[30.9263,2.7028],[30.9374,2.696],[30.9411,2.6916],[30.9462,2.6925],[30.947,2.6992],[30.9516,2.7106],[30.9568,2.7119],[30.9678,2.6959],[30.9732,2.6934],[30.9767,2.6878],[30.9816,2.7062],[30.9972,2.7338],[31.0142,2.7511],[31.0147,2.7724],[31.0083,2.7834],[31.0095,2.7936],[31.006,2.7995],[31.0094,2.8061],[31.0162,2.8083],[31.0197,2.8232],[31.0304,2.8274],[31.041,2.8381],[31.0495,2.8383],[31.0579,2.8341],[31.0773,2.829],[31.0853,2.8308],[31.0964,2.8382],[31.1023,2.8475],[31.1041,2.861],[31.0962,2.8877],[31.11,2.9114],[31.1176,2.9119],[31.1251,2.9082],[31.1305,2.9138],[31.1344,2.9281],[31.1462,2.9464],[31.1549,2.9545],[31.1602,2.9657],[31.1711,2.9741],[31.1774,2.9768],[31.1818,2.9886],[31.1822,2.9944],[31.2041,2.9963],[31.2013,3.0011],[31.1813,3.0061],[31.1793,3.0039],[31.1648,3.0078],[31.1682,3.0132],[31.1714,3.0268],[31.1704,3.0415],[31.1735,3.0537],[31.184,3.0678],[31.1962,3.0769],[31.2028,3.0787],[31.2084,3.0763],[31.2121,3.0691],[31.2224,3.0683],[31.2271,3.0745],[31.2412,3.0781],[31.2466,3.0735],[31.252,3.0784],[31.2459,3.0877],[31.2459,3.0968],[31.2537,3.0988],[31.2779,3.0872],[31.2831,3.0786],[31.2889,3.0737],[31.3017,3.0761],[31.3048,3.0805],[31.3118,3.0806],[31.3133,3.0857],[31.3234,3.0969],[31.3323,3.097],[31.3491,3.1056],[31.3453,3.1138],[31.3387,3.1144],[31.3444,3.1258],[31.3474,3.1422],[31.3497,3.1452],[31.3479,3.1537],[31.3497,3.1604],[31.3577,3.1628],[31.3638,3.1615],[31.3696,3.1743],[31.3694,3.1823],[31.374,3.1859],[31.3725,3.1913],[31.3832,3.192],[31.3835,3.1841],[31.3886,3.18],[31.4016,3.1783],[31.4088,3.184]]]},"properties":{"name":"Arua","code":"UG3072","region":"WESTNILE"}},{"type":"Feature","geometry":{"type":"Polygon","coordinates":[[[34.1248,1.0744],[34.1221,1.0778],[34.1184,1.104],[34.1157,1.1145],[34.1118,1.1196],[34.0955,1.1267],[34.0837,1.1229],[34.073,1.1264],[34.0632,1.1343],[34.0596,1.14],[34.046,1.152],[34.0365,1.1541],[34.0259,1.1502],[34.0137,1.15],[34.0056,1.1527],[33.9967,1.1613],[33.9973,1.1681],[33.9934,1.1823],[33.9717,1.1932],[33.9673,1.1806],[33.9679,1.1732],[33.9657,1.1631],[33.9607,1.1588],[33.9467,1.1646],[33.9322,1.1654],[33.9286,1.1575],[33.929,1.1509],[33.9332,1.136],[33.9285,1.1288],[33.9258,1.1182],[33.9279,1.1046],[33.9247,1.1038],[33.9185,1.094],[33.9164,1.0873],[33.9061,1.0765],[33.8976,1.0634],[33.9276,1.0638],[33.9321,1.0608],[33.9373,1.0507],[33.9209,1.0338],[33.9128,1.0189],[33.9,1.011],[33.8855,0.9895],[33.8736,0.9853],[33.869,0.9782],[33.8632,0.9423],[33.904,0.9355],[33.9241,0.9377],[33.9891,0.9666],[33.994,0.9707],[34.0026,0.9838],[34.0205,1.0011],[34.0318,1.0064],[34.0402,1.0165],[34.0481,1.0222],[34.0516,1.0339],[34.0643,1.0374],[34.0699,1.0355],[34.0763,1.041],[34.0812,1.0404],[34.0844,1.0459],[34.1046,1.0506],[34.1155,1.0683],[34.1198,1.0686],[34.1248,1.0744]]]},"properties":{"name":"Budaka","code":"UG2028","region":"BUKEDI"}},{"type":"Feature","geometry":{"type":"Polygon","coordinates":[[[34.5342,1.1036],[34.5379,1.1118],[34.531,1.1186],[34.5264,1.119],[34.5249,1.1156],[34.5053,1.1075],[34.4876,1.0922],[34.4787,1.0921],[34.4737,1.1005],[34.4597,1.1002],[34.4537,1.1034],[34.4425,1.1011],[34.4298,1.1043],[34.4243,1.1029],[34.4177,1.1066],[34.3997,1.1019],[34.3878,1.1041],[34.3762,1.1028],[34.374,1.097],[34.3729,1.0848],[34.3498,1.0894],[34.3369,1.0873],[34.3386,1.0792],[34.3255,1.0796],[34.3158,1.0713],[34.3081,1.054],[34.3104,1.0477],[34.2971,1.0329],[34.2897,1.0276],[34.2836,1.0144],[34.2737,1.0055],[34.2715,0.9928],[34.2795,0.9835],[34.2819,0.9683],[34.2843,0.9625],[34.2916,0.9647],[34.2952,0.9697],[34.3022,0.9703],[34.3035,0.9822],[34.3091,0.9824],[34.3125,0.9928],[34.3218,0.9974],[34.3307,1.0073],[34.3459,0.9986],[34.3556,0.9988],[34.3563,0.9806],[34.3606,0.9722],[34.3707,0.9745],[34.397,0.9738],[34.4273,0.9603],[34.4373,0.9511],[34.4715,0.9372],[34.4784,0.9333],[34.4901,0.9805],[34.4877,0.9978],[34.4894,1.015],[34.4947,1.0423],[34.5033,1.0678],[34.5144,1.0786],[34.523,1.0994],[34.5273,1.104],[34.5342,1.1036]]]},"properties":{"name":"Bududa","code":"UG2029","region":"ELGON"}},{"type":"Feature","geometry":{"type":"Polygon","coordinates":[[[33.8593,0.6985],[33.8516,0.6956],[33.8122,0.6864],[33.7921,0.6842],[33.7759,0.6967],[33.7591,0.7188],[33.7512,0.7175],[33.7448,0.7097],[33.7243,0.7008],[33.6942,0.712],[33.6751,0.7271],[33.6561,0.7298],[33.6446,0.7333],[33.6401,0.7317],[33.6335,0.7249],[33.6315,0.7194],[33.6448,0.719],[33.6544,0.7128],[33.6694,0.6997],[33.6771,0.6802],[33.6814,0.6766],[33.6847,0.6635],[33.6783,0.6602],[33.6773,0.6463],[33.6802,0.6371],[33.6732,0.6257],[33.6707,0.6141],[33.6724,0.6047],[33.6709,0.5913],[33.6646,0.5759],[33.6425,0.5601],[33.6333,0.5505],[33.6264,0.5364],[33.6182,0.5284],[33.6186,0.5181],[33.623,0.4943],[33.614,0.483],[33.6125,0.4688],[33.6137,0.4635],[33.6205,0.4584],[33.6256,0.4609],[33.6283,0.4519],[33.6347,0.449],[33.6497,0.4255],[33.6563,0.4236],[33.656,0.4176],[33.6672,0.4061],[33.6771,0.4132],[33.6968,0.4118],[33.707,0.4089],[33.7091,0.4014],[33.7082,0.3894],[33.7052,0.3737],[33.7112,0.3633],[33.7052,0.3612],[33.7003,0.3555],[33.6989,0.3427],[33.7043,0.3355],[33.7045,0.3285],[33.7015,0.3207],[33.7003,0.3105],[33.6939,0.3042],[33.7174,0.3052],[33.7388,0.3092],[33.7518,0.3079],[33.7649,0.3119],[33.7739,0.3189],[33.7849,0.3316],[33.8004,0.3337],[33.8106,0.3524],[33.8143,0.3732],[33.8268,0.3928],[33.828,0.3993],[33.8367,0.4053],[33.8443,0.4166],[33.8502,0.4314],[33.8581,0.4347],[33.8635,0.4435],[33.871,0.451],[33.8768,0.4701],[33.8883,0.4827],[33.8913,0.4894],[33.9016,0.4817],[33.9004,0.4915],[33.9065,0.4975],[33.9203,0.5064],[33.9259,0.5165],[33.9324,0.523],[33.9397,0.536],[33.9426,0.5449],[33.9493,0.5459],[33.956,0.5381],[33.973,0.5524],[33.9719,0.5602],[33.9787,0.578],[33.9752,0.5824],[33.9639,0.5806],[33.934,0.5874],[33.924,0.5885],[33.9174,0.5982],[33.9191,0.6025],[33.9084,0.6124],[33.907,0.6196],[33.901,0.6328],[33.8946,0.6555],[33.8988,0.6598],[33.8941,0.6657],[33.8964,0.6763],[33.8907,0.6785],[33.881,0.6914],[33.8716,0.6951],[33.8649,0.6936],[33.8593,0.6985]]]},"properties":{"name":"Bugiri","code":"UG2030","region":"BUSOGA"}},{"type":"Feature","geometry":{"type":"Polygon","coordinates":[[[33.6401,0.7317],[33.6386,0.7423],[33.6436,0.7594],[33.6413,0.7719],[33.6303,0.7864],[33.6212,0.7892],[33.6049,0.7908],[33.5958,0.7998],[33.5909,0.8012],[33.5641,0.8012],[33.5555,0.7645],[33.5597,0.7581],[33.5616,0.7473],[33.5731,0.7413],[33.5712,0.7229],[33.5743,0.716],[33.5743,0.7085],[33.5774,0.7047],[33.5792,0.6935],[33.5727,0.68],[33.5681,0.6741],[33.5671,0.6646],[33.558,0.64],[33.5583,0.6211],[33.5538,0.6108],[33.5541,0.6037],[33.5508,0.5965],[33.5515,0.582],[33.5453,0.5734],[33.5468,0.562],[33.5415,0.5543],[33.5419,0.5425],[33.5454,0.5357],[33.5459,0.5272],[33.5554,0.5266],[33.5527,0.5167],[33.5463,0.512],[33.5479,0.5049],[33.5434,0.4884],[33.5622,0.4723],[33.5681,0.4697],[33.5772,0.4618],[33.5719,0.4475],[33.5771,0.444],[33.61,0.4446],[33.6179,0.4424],[33.6137,0.4635],[33.6125,0.4688],[33.614,0.483],[33.623,0.4943],[33.6186,0.5181],[33.6182,0.5284],[33.6264,0.5364],[33.6333,0.5505],[33.6425,0.5601],[33.6646,0.5759],[33.6709,0.5913],[33.6724,0.6047],[33.6707,0.6141],[33.6732,0.6257],[33.6802,0.6371],[33.6773,0.6463],[33.6783,0.6602],[33.6847,0.6635],[33.6814,0.6766],[33.6771,0.6802],[33.6694,0.6997],[33.6544,0.7128],[33.6448,0.719],[33.6315,0.7194],[33.6335,0.7249],[33.6401,0.7317]]]},"properties":{"name":"Bugweri","code":"UG2031","region":"BUSOGA"}},{"type":"Feature","geometry":{"type":"Polygon","coordinates":[[[30.5063,-0.2611],[30.4966,-0.256],[30.4862,-0.2596],[30.4786,-0.2556],[30.4714,-0.2571],[30.4636,-0.2659],[30.4439,-0.2669],[30.4535,-0.285],[30.4448,-0.2882],[30.4349,-0.2889],[30.4254,-0.2876],[30.4216,-0.2828],[30.4096,-0.2828],[30.4072,-0.2775],[30.4092,-0.2687],[30.4012,-0.2583],[30.3952,-0.2593],[30.3867,-0.2562],[30.3782,-0.2366],[30.3665,-0.2213],[30.3612,-0.2],[30.3545,-0.1927],[30.3346,-0.1926],[30.3214,-0.1966],[30.3158,-0.1884],[30.3015,-0.2013],[30.2841,-0.2113],[30.2691,-0.2186],[30.2524,-0.2221],[30.2508,-0.2296],[30.2467,-0.2307],[30.2375,-0.226],[30.231,-0.2294],[30.2319,-0.235],[30.2281,-0.252],[30.2157,-0.2595],[30.2078,-0.2662],[30.1911,-0.2729],[30.1839,-0.2777],[30.1883,-0.2814],[30.1842,-0.2864],[30.1857,-0.2972],[30.1908,-0.2998],[30.1882,-0.3138],[30.1884,-0.3281],[30.1936,-0.3314],[30.2042,-0.327],[30.2143,-0.3307],[30.2189,-0.3358],[30.224,-0.3361],[30.2469,-0.3529],[30.245,-0.3621],[30.2503,-0.3742],[30.2474,-0.3797],[30.2495,-0.3853],[30.2429,-0.395],[30.2352,-0.3944],[30.233,-0.398],[30.2204,-0.4039],[30.2257,-0.4098],[30.2392,-0.4162],[30.2499,-0.4233],[30.2677,-0.4272],[30.2809,-0.4324],[30.2864,-0.4277],[30.3031,-0.4287],[30.3057,-0.4335],[30.317,-0.4456],[30.3172,-0.452],[30.3212,-0.4567],[30.3371,-0.4568],[30.3478,-0.4492],[30.3511,-0.4517],[30.3601,-0.4464],[30.3687,-0.4567],[30.3742,-0.4558],[30.3846,-0.4347],[30.3902,-0.4329],[30.3975,-0.437],[30.4023,-0.4292],[30.4066,-0.4321],[30.4163,-0.4329],[30.4191,-0.4289],[30.4368,-0.4257],[30.442,-0.43],[30.4572,-0.4293],[30.4565,-0.4255],[30.4644,-0.4231],[30.47,-0.4167],[30.4835,-0.4103],[30.4882,-0.3943],[30.4941,-0.3936],[30.5018,-0.388],[30.506,-0.3703],[30.5067,-0.3609],[30.5054,-0.3472],[30.5079,-0.3237],[30.5054,-0.3111],[30.4988,-0.2965],[30.5008,-0.2857],[30.5126,-0.2762],[30.5152,-0.2645],[30.5063,-0.2611]]]},"properties":{"name":"Buhweju","code":"UG4101","region":"ANKOLE"}},{"type":"Feature","geometry":{"type":"Polygon","coordinates":[[[33.0847,0.5462],[33.0803,0.5385],[33.0751,0.5139],[33.07,0.5098],[33.0618,0.5111],[33.0533,0.5046],[33.0426,0.5042],[33.0364,0.5077],[33.0332,0.5159],[33.0246,0.5279],[33.0136,0.5365],[33.007,0.5389],[32.9952,0.5501],[32.9837,0.555],[32.9792,0.538],[32.974,0.5267],[32.9614,0.5077],[32.9561,0.493],[32.9534,0.4779],[32.954,0.4701],[32.9496,0.4642],[32.9534,0.4471],[32.9635,0.4284],[32.9682,0.4245],[32.9738,0.4092],[32.9605,0.4112],[32.9497,0.411],[32.9474,0.4056],[32.9377,0.403],[32.9324,0.3987],[32.9233,0.3991],[32.9203,0.4024],[32.9089,0.3999],[32.9089,0.3834],[32.8912,0.3765],[32.8909,0.3699],[32.8837,0.3696],[32.8802,0.3664],[32.8645,0.373],[32.8658,0.3431],[32.8784,0.3339],[32.8731,0.3243],[32.8756,0.308],[32.8842,0.2969],[32.8868,0.2882],[32.9012,0.2733],[32.908,0.2679],[32.9062,0.2581],[32.9028,0.2532],[32.906,0.2447],[32.8999,0.2402],[32.8951,0.2288],[32.8949,0.2017],[32.8921,0.1905],[32.8894,0.1899],[32.8691,0.1253],[32.8739,0.1131],[32.8748,0.1107],[32.8771,0.1049],[32.8784,0.1018],[32.8792,0.0996],[32.8845,0.0693],[32.8887,0.0691],[32.895,0.0595],[32.9073,0.052],[32.9165,0.0495],[32.9278,0.0486],[32.9399,0.05],[32.9678,0.0607],[32.9833,0.0701],[33.0085,0.0893],[33.0147,0.097],[33.0287,0.1083],[33.0596,0.1206],[33.0774,0.1314],[33.0904,0.1429],[33.1045,0.1635],[33.127,0.1849],[33.1439,0.1994],[33.1503,0.2117],[33.1604,0.2238],[33.1807,0.2447],[33.1765,0.2792],[33.177,0.2858],[33.1823,0.2924],[33.2098,0.309],[33.2286,0.3223],[33.2517,0.3345],[33.2891,0.3585],[33.2912,0.3761],[33.2889,0.3818],[33.2822,0.3889],[33.2726,0.3946],[33.2464,0.403],[33.2237,0.4053],[33.2056,0.4082],[33.1958,0.4149],[33.1925,0.4311],[33.1848,0.4417],[33.1814,0.4525],[33.1748,0.4557],[33.1676,0.4678],[33.1604,0.4733],[33.158,0.4801],[33.1503,0.4896],[33.1412,0.4929],[33.1367,0.4975],[33.1373,0.5032],[33.1291,0.5081],[33.1124,0.5244],[33.1065,0.5261],[33.0966,0.5357],[33.0892,0.547],[33.0847,0.5462]]]},"properties":{"name":"Buikwe","code":"UG1001","region":"BUGANDA"}},{"type":"Feature","geometry":{"type":"Polygon","coordinates":[[[34.2296,1.5615],[34.2295,1.5793],[34.1204,1.5754],[34.1089,1.5639],[34.1065,1.5547],[34.1074,1.5426],[34.104,1.5357],[34.0939,1.5272],[34.0863,1.5165],[34.0642,1.5044],[34.0542,1.5],[34.0478,1.4942],[34.0438,1.478],[34.0282,1.4586],[34.0202,1.4534],[34.0088,1.4521],[34.0101,1.4451],[34.0171,1.4337],[34.0236,1.4263],[34.0251,1.4173],[34.0147,1.3911],[34.0163,1.3843],[34.0233,1.3716],[34.0239,1.3654],[34.0182,1.3524],[34.0108,1.3442],[34.0082,1.3196],[33.9934,1.3052],[33.9843,1.3029],[33.9767,1.2914],[33.9556,1.2795],[33.9365,1.2767],[33.9269,1.2692],[33.918,1.2566],[33.9255,1.2473],[33.9317,1.234],[33.9389,1.2302],[33.9524,1.2311],[33.9608,1.2276],[33.9799,1.2251],[33.9913,1.2192],[33.9999,1.2095],[34.0116,1.2068],[34.0251,1.2128],[34.0331,1.2131],[34.0383,1.2101],[34.0477,1.2008],[34.0787,1.1926],[34.0876,1.1878],[34.1004,1.1872],[34.1203,1.1746],[34.134,1.1691],[34.1372,1.164],[34.1465,1.1593],[34.1534,1.1646],[34.1623,1.1653],[34.17,1.1603],[34.1819,1.1614],[34.1875,1.1731],[34.1837,1.19],[34.1844,1.1985],[34.1885,1.2038],[34.1894,1.2125],[34.2006,1.2272],[34.2016,1.2305],[34.2138,1.2407],[34.2253,1.2546],[34.2408,1.2809],[34.2445,1.291],[34.2413,1.2983],[34.2411,1.3108],[34.2448,1.3186],[34.2469,1.3368],[34.2457,1.341],[34.2516,1.349],[34.2533,1.3573],[34.2572,1.359],[34.2603,1.3694],[34.265,1.3767],[34.2759,1.4007],[34.2733,1.4114],[34.2631,1.4193],[34.2631,1.4343],[34.2552,1.4414],[34.2415,1.4491],[34.2398,1.4592],[34.231,1.4647],[34.2269,1.4759],[34.2301,1.4961],[34.2296,1.5615]]]},"properties":{"name":"Bukedea","code":"UG2032","region":"TESO"}},{"type":"Feature","geometry":{"type":"Polygon","coordinates":[[[31.6464,0.0394],[31.6397,0.0377],[31.6183,0.0426],[31.6009,0.05],[31.5899,0.0378],[31.5662,0.0266],[31.5576,0.0136],[31.5506,0.0091],[31.5425,0.0004],[31.5362,-0.0158],[31.5377,-0.0197],[31.5349,-0.0276],[31.5349,-0.0373],[31.5442,-0.0646],[31.5427,-0.084],[31.553,-0.126],[31.5494,-0.1328],[31.5508,-0.1487],[31.5468,-0.1681],[31.5479,-0.1771],[31.5516,-0.1798],[31.5548,-0.2021],[31.5546,-0.2083],[31.5672,-0.2295],[31.5805,-0.2426],[31.5824,-0.2528],[31.596,-0.2848],[31.5972,-0.2957],[31.6279,-0.3037],[31.6403,-0.3024],[31.6495,-0.2967],[31.6565,-0.2975],[31.6666,-0.295],[31.6722,-0.302],[31.6894,-0.3019],[31.6917,-0.3065],[31.7045,-0.3063],[31.7123,-0.3044],[31.7082,-0.2814],[31.7141,-0.2648],[31.721,-0.2548],[31.7225,-0.2434],[31.7193,-0.2304],[31.7062,-0.2107],[31.7042,-0.1792],[31.6977,-0.165],[31.6925,-0.1466],[31.6923,-0.1413],[31.6963,-0.1209],[31.7023,-0.1007],[31.7051,-0.0676],[31.7018,-0.0474],[31.7012,-0.0367],[31.6946,-0.0155],[31.6889,-0.0095],[31.6873,-0.0008],[31.6727,0.0105],[31.6666,0.0208],[31.663,0.0317],[31.6563,0.0365],[31.6464,0.0394]]]},"properties":{"name":"Bukomansimbi","code":"UG1002","region":"BUGANDA"}},{"type":"Feature","geometry":{"type":"Polygon","coordinates":[[[34.7875,1.3636],[34.7828,1.3689],[34.7815,1.3754],[34.7764,1.3845],[34.7786,1.3908],[34.774,1.3958],[34.7649,1.4013],[34.7612,1.4075],[34.7549,1.4093],[34.7522,1.4159],[34.7426,1.421],[34.7342,1.4334],[34.7266,1.4394],[34.7232,1.4376],[34.7229,1.423],[34.7209,1.4141],[34.7136,1.4054],[34.7076,1.3935],[34.6979,1.3885],[34.6945,1.382],[34.6788,1.3744],[34.6742,1.3645],[34.6667,1.3586],[34.6625,1.3522],[34.6497,1.3545],[34.6246,1.3445],[34.6099,1.3421],[34.601,1.3388],[34.5925,1.3308],[34.5922,1.3257],[34.5858,1.3134],[34.5822,1.312],[34.5742,1.2987],[34.5679,1.2931],[34.5654,1.2815],[34.5668,1.2727],[34.5643,1.2653],[34.5675,1.2536],[34.5603,1.2469],[34.5539,1.2363],[34.5525,1.2273],[34.5545,1.2233],[34.5547,1.2122],[34.5588,1.2039],[34.5576,1.1898],[34.5584,1.1712],[34.5546,1.1572],[34.5542,1.1474],[34.5572,1.1429],[34.5598,1.1271],[34.5752,1.0994],[34.5798,1.1471],[34.5877,1.1487],[34.6132,1.1568],[34.6212,1.1648],[34.6382,1.1695],[34.6491,1.1761],[34.6575,1.1849],[34.6641,1.1894],[34.6694,1.2049],[34.6982,1.2111],[34.7209,1.2149],[34.7507,1.2169],[34.7584,1.2188],[34.7693,1.2159],[34.7741,1.2201],[34.7834,1.2217],[34.7951,1.2191],[34.8066,1.2287],[34.8123,1.2374],[34.8115,1.241],[34.8185,1.2494],[34.8209,1.2603],[34.8323,1.2683],[34.83,1.2732],[34.829,1.2943],[34.8298,1.307],[34.8064,1.3372],[34.7916,1.3594],[34.7875,1.3636]]]},"properties":{"name":"Bukwo","code":"UG2033","region":"ELGON"}},{"type":"Feature","geometry":{"type":"Polygon","coordinates":[[[34.3939,1.5627],[34.3909,1.5652],[34.3599,1.56],[34.3489,1.5672],[34.3281,1.551],[34.2993,1.5548],[34.2835,1.5467],[34.2716,1.5471],[34.2675,1.5587],[34.2604,1.5617],[34.2296,1.5615],[34.2301,1.4961],[34.2269,1.4759],[34.231,1.4647],[34.2398,1.4592],[34.2415,1.4491],[34.2552,1.4414],[34.2631,1.4343],[34.2631,1.4193],[34.2733,1.4114],[34.2759,1.4007],[34.265,1.3767],[34.2603,1.3694],[34.2572,1.359],[34.2533,1.3573],[34.2516,1.349],[34.2457,1.341],[34.2469,1.3368],[34.2448,1.3186],[34.2411,1.3108],[34.2413,1.2983],[34.2445,1.291],[34.2506,1.2838],[34.2485,1.2787],[34.2502,1.2642],[34.2573,1.2584],[34.2607,1.2521],[34.2682,1.2559],[34.2759,1.2649],[34.2772,1.2726],[34.2828,1.2783],[34.3045,1.2846],[34.3046,1.2764],[34.3139,1.2735],[34.3185,1.2622],[34.3307,1.2522],[34.3338,1.2386],[34.3376,1.2318],[34.3463,1.2242],[34.3649,1.2139],[34.3744,1.2073],[34.3923,1.1998],[34.3955,1.1914],[34.4014,1.1861],[34.4039,1.1791],[34.409,1.174],[34.4101,1.168],[34.4249,1.1608],[34.416,1.1548],[34.4263,1.139],[34.4346,1.1427],[34.4616,1.1359],[34.4664,1.1329],[34.48,1.1293],[34.4846,1.1305],[34.5041,1.1305],[34.5076,1.1324],[34.5268,1.13],[34.5237,1.1426],[34.525,1.1579],[34.5291,1.1677],[34.5353,1.1744],[34.5365,1.18],[34.5275,1.1983],[34.5138,1.2193],[34.5085,1.2235],[34.4984,1.2358],[34.4869,1.2403],[34.4747,1.2488],[34.4668,1.2485],[34.4538,1.2533],[34.4521,1.2573],[34.4389,1.2649],[34.4341,1.2711],[34.4242,1.2782],[34.4044,1.2874],[34.3989,1.2947],[34.3882,1.2969],[34.3747,1.2952],[34.351,1.3024],[34.34,1.3025],[34.3296,1.3064],[34.3254,1.3116],[34.3195,1.3118],[34.3133,1.3222],[34.3061,1.3382],[34.3059,1.3462],[34.3123,1.3611],[34.3234,1.3774],[34.3254,1.3882],[34.333,1.3878],[34.3407,1.3944],[34.3503,1.3929],[34.3535,1.3965],[34.3503,1.4018],[34.3519,1.4087],[34.3624,1.4125],[34.3602,1.4241],[34.371,1.4323],[34.3743,1.4391],[34.3826,1.4424],[34.387,1.4469],[34.393,1.4445],[34.3973,1.4349],[34.4048,1.448],[34.409,1.4497],[34.4314,1.4438],[34.4266,1.4589],[34.4302,1.4647],[34.4365,1.4607],[34.4465,1.4617],[34.4442,1.4718],[34.4476,1.4765],[34.4478,1.4825],[34.4424,1.4902],[34.4462,1.5023],[34.4411,1.5126],[34.4308,1.5254],[34.4241,1.5304],[34.3949,1.5574],[34.3939,1.5627]]]},"properties":{"name":"Bulambuli","code":"UG2034","region":"ELGON"}},{"type":"Feature","geometry":{"type":"Polygon","coordinates":[[[31.3897,1.6963],[31.3964,1.6923],[31.4053,1.6924],[31.4107,1.6848],[31.4042,1.6804],[31.4054,1.6746],[31.4153,1.6773],[31.4211,1.6767],[31.4309,1.6808],[31.4434,1.6822],[31.447,1.6874],[31.4553,1.693],[31.4833,1.6989],[31.4875,1.6945],[31.5008,1.6953],[31.5062,1.7122],[31.5146,1.7168],[31.516,1.7241],[31.5117,1.7334],[31.5196,1.7335],[31.5249,1.7289],[31.5365,1.7358],[31.5425,1.7364],[31.5567,1.7468],[31.5561,1.7566],[31.5741,1.7592],[31.588,1.7573],[31.5846,1.7646],[31.5878,1.771],[31.5832,1.7786],[31.5895,1.7873],[31.5842,1.7913],[31.5869,1.7999],[31.5846,1.8065],[31.5864,1.8126],[31.5796,1.8171],[31.5811,1.8246],[31.5765,1.8355],[31.58,1.8377],[31.5804,1.8467],[31.5836,1.8603],[31.577,1.863],[31.5694,1.8603],[31.56,1.8683],[31.5582,1.8735],[31.5515,1.8798],[31.5501,1.8853],[31.5529,1.8936],[31.5487,1.8991],[31.5405,1.8983],[31.5431,1.9055],[31.5608,1.9116],[31.5798,1.9285],[31.5854,1.9388],[31.6201,1.9594],[31.6183,1.964],[31.6107,1.9604],[31.5986,1.9657],[31.5872,1.9733],[31.5707,1.9767],[31.5644,1.9796],[31.5391,2.0106],[31.5382,2.1288],[31.5374,2.2372],[31.5376,2.2734],[31.5256,2.2567],[31.5122,2.2508],[31.4906,2.247],[31.4847,2.2429],[31.4704,2.2281],[31.4523,2.2284],[31.434,2.2334],[31.428,2.2375],[31.4199,2.2358],[31.4087,2.2368],[31.4031,2.2395],[31.3979,2.2352],[31.3889,2.2368],[31.3714,2.2463],[31.3532,2.2465],[31.3454,2.2451],[31.3365,2.2474],[31.3241,2.2114],[31.3064,2.1542],[31.3063,2.1136],[31.1789,1.9704],[31.0784,1.8574],[31.1,1.8519],[31.2531,1.8098],[31.3087,1.7984],[31.3229,1.7898],[31.3317,1.7879],[31.3339,1.7834],[31.3511,1.7843],[31.3525,1.7775],[31.362,1.7718],[31.3681,1.7708],[31.3658,1.7583],[31.3704,1.7539],[31.3678,1.7486],[31.3775,1.7434],[31.3787,1.7248],[31.3734,1.7207],[31.3746,1.7115],[31.39,1.7027],[31.3897,1.6963]]]},"properties":{"name":"Buliisa","code":"UG4102","region":"BUNYORO"}},{"type":"Feature","geometry":{"type":"Polygon","coordinates":[[[30.1563,0.8858],[30.1465,0.8877],[30.1333,0.8845],[30.1178,0.8942],[30.1119,0.8905],[30.105,0.8927],[30.0984,0.89],[30.0962,0.8834],[30.0829,0.8809],[30.0773,0.8823],[30.0641,0.8766],[30.0606,0.8675],[30.0537,0.8673],[30.0473,0.8725],[30.0276,0.8555],[30.017,0.857],[30.0132,0.8538],[30.0059,0.8536],[30.0006,0.8452],[29.9918,0.8476],[29.9873,0.8447],[29.9829,0.8305],[29.9797,0.8296],[29.9706,0.8118],[29.9696,0.795],[29.9624,0.7765],[29.9674,0.7591],[29.9756,0.7458],[29.9728,0.7287],[29.9676,0.7161],[29.9703,0.7118],[29.9717,0.6972],[29.9665,0.6824],[29.962,0.6796],[29.9631,0.6726],[29.9551,0.6412],[29.9583,0.6291],[29.9674,0.6081],[29.9724,0.5992],[29.9703,0.592],[29.9705,0.5823],[29.9682,0.5745],[29.9696,0.5658],[29.9731,0.5603],[29.9811,0.5571],[29.9786,0.544],[29.9753,0.5363],[29.9798,0.5324],[29.977,0.5238],[29.9794,0.5169],[29.956,0.4899],[29.9132,0.436],[29.9157,0.4242],[29.9192,0.4194],[29.9275,0.4187],[29.9324,0.4154],[29.9357,0.4081],[29.9426,0.4066],[29.953,0.4003],[29.9741,0.4159],[29.9817,0.4256],[29.9895,0.4411],[29.9986,0.4721],[30.0326,0.4897],[30.0378,0.4933],[30.0432,0.5075],[30.0484,0.513],[30.0514,0.5202],[30.0601,0.5214],[30.0715,0.5311],[30.071,0.5408],[30.076,0.5495],[30.0719,0.556],[30.0735,0.5645],[30.0847,0.5708],[30.0857,0.5784],[30.093,0.5793],[30.0948,0.5834],[30.093,0.5959],[30.0957,0.6089],[30.1103,0.6142],[30.1196,0.6236],[30.1267,0.6419],[30.128,0.6488],[30.1258,0.6593],[30.1312,0.6669],[30.1327,0.673],[30.1382,0.6756],[30.1501,0.6949],[30.1534,0.7028],[30.1546,0.7151],[30.1604,0.7218],[30.16,0.728],[30.1644,0.7326],[30.1681,0.7397],[30.1667,0.7439],[30.1751,0.7543],[30.1742,0.7611],[30.1869,0.7711],[30.1944,0.7727],[30.1917,0.7801],[30.1966,0.7944],[30.1887,0.7995],[30.1897,0.807],[30.1933,0.8117],[30.194,0.819],[30.1986,0.8209],[30.2061,0.8363],[30.2056,0.8428],[30.1989,0.8471],[30.2028,0.853],[30.2022,0.8609],[30.1971,0.8763],[30.1832,0.8869],[30.1715,0.8877],[30.1563,0.8858]]]},"properties":{"name":"Bundibugyo","code":"UG4103","region":"TORO"}},{"type":"Feature","geometry":{"type":"Polygon","coordinates":[[[30.2829,0.3395],[30.2776,0.3522],[30.2728,0.3569],[30.2798,0.3622],[30.2856,0.3737],[30.2847,0.3831],[30.2909,0.3827],[30.2946,0.3919],[30.2931,0.4047],[30.2866,0.4057],[30.2833,0.4098],[30.2665,0.4075],[30.2545,0.4112],[30.2553,0.427],[30.2599,0.433],[30.2567,0.4429],[30.2571,0.4628],[30.2598,0.4715],[30.2658,0.472],[30.2719,0.4771],[30.2739,0.4841],[30.2688,0.505],[30.2656,0.5117],[30.2602,0.5154],[30.2546,0.5264],[30.2484,0.5321],[30.2562,0.5368],[30.2654,0.5387],[30.2708,0.5562],[30.2768,0.5616],[30.2895,0.5656],[30.2925,0.5711],[30.2851,0.5828],[30.2772,0.5807],[30.2635,0.5912],[30.2542,0.596],[30.2428,0.5977],[30.2296,0.5903],[30.2169,0.5903],[30.2114,0.5929],[30.1931,0.587],[30.1777,0.5953],[30.1753,0.6027],[30.1598,0.6065],[30.1351,0.6177],[30.1275,0.6192],[30.1196,0.6236],[30.1103,0.6142],[30.0957,0.6089],[30.093,0.5959],[30.0948,0.5834],[30.093,0.5793],[30.0857,0.5784],[30.0847,0.5708],[30.0735,0.5645],[30.0719,0.556],[30.076,0.5495],[30.071,0.5408],[30.0715,0.5311],[30.0601,0.5214],[30.0514,0.5202],[30.0484,0.513],[30.0432,0.5075],[30.0378,0.4933],[30.0326,0.4897],[29.9986,0.4721],[29.9895,0.4411],[29.9817,0.4256],[29.9899,0.4267],[29.9935,0.4305],[30.0011,0.4265],[30.0089,0.431],[30.0199,0.4326],[30.029,0.4381],[30.0356,0.4468],[30.0376,0.4541],[30.0452,0.4596],[30.051,0.4597],[30.055,0.4644],[30.0655,0.466],[30.0682,0.4732],[30.0823,0.4702],[30.0871,0.4749],[30.0972,0.4718],[30.103,0.4736],[30.1115,0.4803],[30.1171,0.4776],[30.1281,0.4818],[30.1338,0.477],[30.1374,0.4692],[30.1397,0.4574],[30.1549,0.4493],[30.1638,0.4334],[30.1758,0.4253],[30.1786,0.4143],[30.1827,0.4094],[30.1836,0.4015],[30.1792,0.3892],[30.1973,0.3797],[30.2016,0.3752],[30.2112,0.373],[30.2162,0.3675],[30.217,0.3587],[30.2243,0.3532],[30.2284,0.3538],[30.2359,0.3451],[30.2426,0.341],[30.2561,0.3369],[30.2669,0.3381],[30.2731,0.3361],[30.2829,0.3395]]]},"properties":{"name":"Bunyangabu","code":"UG4104","region":"TORO"}},{"type":"Feature","geometry":{"type":"Polygon","coordinates":[[[30.1842,-0.2864],[30.1783,-0.2848],[30.1667,-0.3114],[30.1664,-0.3203],[30.1708,-0.3258],[30.1643,-0.3342],[30.1694,-0.3408],[30.1728,-0.3513],[30.1685,-0.3549],[30.1691,-0.3604],[30.1747,-0.3646],[30.1748,-0.3758],[30.1788,-0.3818],[30.1634,-0.3796],[30.1561,-0.3736],[30.1395,-0.3719],[30.1319,-0.3736],[30.1238,-0.3723],[30.1127,-0.3666],[30.1018,-0.358],[30.0838,-0.352],[30.0577,-0.361],[30.0172,-0.3781],[30.01,-0.3835],[30.0005,-0.3866],[29.9818,-0.3872],[29.9703,-0.3937],[29.96,-0.4024],[29.9474,-0.4216],[29.9393,-0.4445],[29.9365,-0.4489],[29.9442,-0.4596],[29.9446,-0.4669],[29.9342,-0.4935],[29.948,-0.4936],[29.9577,-0.5023],[29.9649,-0.4907],[29.9758,-0.4859],[29.9825,-0.47],[29.9838,-0.4532],[29.9813,-0.4383],[29.9865,-0.4395],[29.998,-0.4484],[30.019,-0.4586],[30.0203,-0.4652],[30.0274,-0.469],[30.0369,-0.4669],[30.0404,-0.4717],[30.0328,-0.4797],[30.0337,-0.4884],[30.03,-0.5033],[30.0376,-0.5133],[30.041,-0.5252],[30.0414,-0.5326],[30.0287,-0.5405],[30.0276,-0.5439],[30.0333,-0.5507],[30.0403,-0.547],[30.0461,-0.5508],[30.0528,-0.567],[30.0698,-0.5708],[30.079,-0.5795],[30.0797,-0.5835],[30.0872,-0.5886],[30.0986,-0.6009],[30.1148,-0.5904],[30.1203,-0.589],[30.1231,-0.6013],[30.1302,-0.6106],[30.1269,-0.6301],[30.1302,-0.6407],[30.1356,-0.6442],[30.1369,-0.6534],[30.1511,-0.6557],[30.1598,-0.6667],[30.1678,-0.6529],[30.1782,-0.6435],[30.1831,-0.6323],[30.1903,-0.6292],[30.1959,-0.6302],[30.2112,-0.6219],[30.2181,-0.626],[30.2281,-0.6198],[30.2368,-0.6212],[30.2422,-0.6276],[30.2511,-0.6252],[30.2654,-0.6245],[30.2759,-0.6201],[30.2887,-0.6205],[30.2898,-0.6098],[30.3004,-0.591],[30.2973,-0.5877],[30.3017,-0.5783],[30.3096,-0.5743],[30.3059,-0.5636],[30.3092,-0.5486],[30.3077,-0.5341],[30.3092,-0.5285],[30.3079,-0.513],[30.3105,-0.5013],[30.3104,-0.4931],[30.3051,-0.4834],[30.3053,-0.4749],[30.3096,-0.469],[30.3059,-0.4517],[30.3081,-0.4471],[30.3057,-0.4335],[30.3031,-0.4287],[30.2864,-0.4277],[30.2809,-0.4324],[30.2677,-0.4272],[30.2499,-0.4233],[30.2392,-0.4162],[30.2257,-0.4098],[30.2204,-0.4039],[30.233,-0.398],[30.2352,-0.3944],[30.2429,-0.395],[30.2495,-0.3853],[30.2474,-0.3797],[30.2503,-0.3742],[30.245,-0.3621],[30.2469,-0.3529],[30.224,-0.3361],[30.2189,-0.3358],[30.2143,-0.3307],[30.2042,-0.327],[30.1936,-0.3314],[30.1884,-0.3281],[30.1882,-0.3138],[30.1908,-0.2998],[30.1857,-0.2972],[30.1842,-0.2864]]]},"properties":{"name":"Bushenyi","code":"UG4105","region":"ANKOLE"}},{"type":"Feature","geometry":{"type":"Polygon","coordinates":[[[34.1383,0.5829],[34.1254,0.5806],[34.1136,0.5811],[34.1004,0.5871],[34.0947,0.5831],[34.0863,0.5872],[34.0678,0.5929],[34.0655,0.5848],[34.0538,0.584],[34.0474,0.5901],[34.0334,0.5898],[34.0174,0.5832],[34.0166,0.5771],[34.0075,0.578],[33.9988,0.5759],[33.994,0.5801],[33.9826,0.5751],[33.9787,0.578],[33.9719,0.5602],[33.973,0.5524],[33.956,0.5381],[33.9493,0.5459],[33.9426,0.5449],[33.9397,0.536],[33.9324,0.523],[33.9259,0.5165],[33.9203,0.5064],[33.9065,0.4975],[33.9004,0.4915],[33.9016,0.4817],[33.9105,0.4714],[33.9105,0.4621],[33.9141,0.4441],[33.9219,0.4409],[33.934,0.4238],[33.9263,0.3928],[33.9169,0.3787],[33.9111,0.3742],[33.9082,0.3657],[33.8974,0.3546],[33.8873,0.3483],[33.8795,0.3393],[33.8856,0.326],[33.8829,0.3134],[33.8924,0.3075],[33.8972,0.2936],[33.9003,0.2901],[33.9049,0.2748],[33.908,0.2711],[33.914,0.2521],[33.92,0.2469],[33.9233,0.2345],[33.9264,0.2296],[33.9728,0.1899],[33.9976,0.2234],[34.0082,0.2408],[34.0162,0.2491],[34.0227,0.2528],[34.0217,0.258],[34.0252,0.2647],[34.0412,0.2736],[34.0398,0.2787],[34.0424,0.2857],[34.0507,0.2948],[34.0512,0.3052],[34.0607,0.3099],[34.0581,0.3177],[34.0632,0.3231],[34.0725,0.3224],[34.0746,0.3266],[34.0945,0.3438],[34.1092,0.3696],[34.1095,0.376],[34.1068,0.3913],[34.1002,0.4132],[34.0918,0.4217],[34.0903,0.4368],[34.0923,0.4394],[34.0889,0.4541],[34.0999,0.4658],[34.1202,0.4822],[34.1178,0.4882],[34.1193,0.4944],[34.1181,0.5085],[34.1228,0.5171],[34.1168,0.5204],[34.1271,0.5373],[34.1282,0.5558],[34.1383,0.5829]]]},"properties":{"name":"Busia","code":"UG2035","region":"BUKEDI"}},{"type":"Feature","geometry":{"type":"Polygon","coordinates":[[[34.0812,1.0404],[34.0763,1.041],[34.0699,1.0355],[34.0643,1.0374],[34.0516,1.0339],[34.0481,1.0222],[34.0402,1.0165],[34.0318,1.0064],[34.0205,1.0011],[34.0026,0.9838],[33.994,0.9707],[33.9891,0.9666],[33.9241,0.9377],[33.904,0.9355],[33.8632,0.9423],[33.7783,0.9563],[33.7661,0.9541],[33.7598,0.9457],[33.7688,0.9352],[33.7861,0.9244],[33.792,0.9163],[33.7911,0.8862],[33.7869,0.825],[33.7916,0.8113],[33.7983,0.7752],[33.804,0.7613],[33.8128,0.7557],[33.8182,0.7457],[33.816,0.7368],[33.8228,0.7347],[33.8295,0.737],[33.8381,0.7286],[33.8376,0.724],[33.844,0.7118],[33.8423,0.7056],[33.8497,0.7001],[33.8593,0.6985],[33.8649,0.6936],[33.8716,0.6951],[33.881,0.6914],[33.8884,0.7012],[33.8949,0.7046],[33.8906,0.7168],[33.8933,0.727],[33.8981,0.7313],[33.896,0.7384],[33.8981,0.7448],[33.9103,0.7572],[33.9126,0.7671],[33.9178,0.7733],[33.9236,0.7857],[33.9326,0.8096],[33.9339,0.8161],[33.9417,0.8347],[33.9497,0.8439],[33.9607,0.8535],[33.9782,0.8646],[34.0007,0.8771],[34.0106,0.8721],[34.022,0.8752],[34.0216,0.88],[34.028,0.8845],[34.0362,0.8854],[34.0404,0.8821],[34.0622,0.878],[34.0698,0.9028],[34.0773,0.8996],[34.0922,0.903],[34.1083,0.9025],[34.1157,0.9206],[34.121,0.9287],[34.1173,0.9352],[34.1266,0.9381],[34.1287,0.9561],[34.1253,0.9714],[34.1265,0.9748],[34.1239,0.9868],[34.1296,0.9916],[34.1205,1.0022],[34.1333,1.0146],[34.1295,1.0184],[34.1201,1.0202],[34.1184,1.0231],[34.1086,1.0235],[34.0812,1.0404]]]},"properties":{"name":"Butaleja","code":"UG2036","region":"ELGON"}},{"type":"Feature","geometry":{"type":"Polygon","coordinates":[[[31.8715,0.0058],[31.877,0.0159],[31.8872,0.0274],[31.8895,0.033],[31.8979,0.0315],[31.9081,0.0334],[31.9224,0.0415],[31.9394,0.0577],[31.9536,0.0637],[31.9601,0.0685],[31.9787,0.0726],[31.995,0.0792],[32.0033,0.0808],[32.019,0.0879],[32.0298,0.0959],[32.0351,0.0941],[32.044,0.0985],[32.0535,0.1096],[32.0534,0.1262],[32.0569,0.1304],[32.0675,0.1312],[32.0786,0.1292],[32.0836,0.1414],[32.0997,0.1461],[32.1027,0.1383],[32.1185,0.1315],[32.1243,0.1351],[32.1325,0.1435],[32.1474,0.1431],[32.1561,0.1371],[32.159,0.1251],[32.1645,0.0942],[32.1711,0.0874],[32.1787,0.0897],[32.1865,0.0953],[32.1925,0.1057],[32.1949,0.1183],[32.1949,0.1295],[32.2015,0.1442],[32.2023,0.1517],[32.2082,0.1684],[32.208,0.1834],[32.2008,0.1851],[32.1968,0.1898],[32.2078,0.1913],[32.2105,0.1972],[32.2077,0.2011],[32.2169,0.2062],[32.2134,0.2162],[32.2175,0.2341],[32.2243,0.2503],[32.2301,0.2528],[32.2376,0.2489],[32.2502,0.2462],[32.2664,0.2457],[32.2814,0.2467],[32.2813,0.2513],[32.2876,0.255],[32.2982,0.2786],[32.3046,0.2772],[32.304,0.287],[32.2946,0.2932],[32.2856,0.2946],[32.27,0.3139],[32.2681,0.3175],[32.2661,0.3146],[32.2504,0.3077],[32.2335,0.2955],[32.2344,0.2895],[32.2219,0.2858],[32.2213,0.2818],[32.2112,0.2836],[32.1996,0.3033],[32.1951,0.2936],[32.1888,0.2868],[32.1876,0.279],[32.1908,0.2672],[32.1851,0.2533],[32.1759,0.2589],[32.1671,0.2511],[32.156,0.2498],[32.1554,0.2455],[32.1484,0.2447],[32.1405,0.2298],[32.1328,0.2358],[32.125,0.2298],[32.1181,0.2214],[32.117,0.2004],[32.1035,0.2011],[32.0932,0.2049],[32.0869,0.2017],[32.0809,0.2025],[32.0769,0.1916],[32.0783,0.1827],[32.0816,0.176],[32.0659,0.1624],[32.062,0.1501],[32.0514,0.1402],[32.0496,0.133],[32.0348,0.1304],[32.0307,0.1338],[32.0206,0.1321],[32.0168,0.1349],[32.0007,0.1262],[31.995,0.1273],[31.9804,0.1095],[31.9757,0.1092],[31.9568,0.1123],[31.9491,0.105],[31.9406,0.1085],[31.9317,0.1199],[31.9161,0.1229],[31.908,0.1182],[31.8888,0.097],[31.8842,0.0949],[31.8627,0.0932],[31.8555,0.0904],[31.8388,0.0799],[31.8318,0.071],[31.8242,0.068],[31.8249,0.058],[31.812,0.0431],[31.8278,0.0283],[31.8388,0.0203],[31.8715,0.0058]]]},"properties":{"name":"Butambala","code":"UG1003","region":"BUGANDA"}},{"type":"Feature","geometry":{"type":"Polygon","coordinates":[[[33.918,1.2566],[33.9056,1.2607],[33.8997,1.2678],[33.8948,1.2691],[33.8859,1.266],[33.8813,1.2671],[33.8796,1.2472],[33.8733,1.2325],[33.8741,1.2229],[33.8663,1.2065],[33.8552,1.1981],[33.858,1.1838],[33.8565,1.1763],[33.8512,1.1699],[33.8525,1.161],[33.857,1.1532],[33.8647,1.1498],[33.872,1.1415],[33.8878,1.1405],[33.9084,1.1521],[33.9165,1.1585],[33.9322,1.1654],[33.9467,1.1646],[33.9607,1.1588],[33.9657,1.1631],[33.9679,1.1732],[33.9673,1.1806],[33.9717,1.1932],[33.9934,1.1823],[33.9973,1.1681],[33.9967,1.1613],[34.0056,1.1527],[34.0137,1.15],[34.0259,1.1502],[34.0365,1.1541],[34.046,1.152],[34.0596,1.14],[34.0632,1.1343],[34.073,1.1264],[34.0837,1.1229],[34.0955,1.1267],[34.1118,1.1196],[34.1157,1.1145],[34.1184,1.104],[34.1221,1.0778],[34.1248,1.0744],[34.1315,1.0847],[34.1387,1.0922],[34.1391,1.1003],[34.1349,1.104],[34.1313,1.1178],[34.1365,1.1447],[34.1297,1.1527],[34.1249,1.1695],[34.1203,1.1746],[34.1004,1.1872],[34.0876,1.1878],[34.0787,1.1926],[34.0477,1.2008],[34.0383,1.2101],[34.0331,1.2131],[34.0251,1.2128],[34.0116,1.2068],[33.9999,1.2095],[33.9913,1.2192],[33.9799,1.2251],[33.9608,1.2276],[33.9524,1.2311],[33.9389,1.2302],[33.9317,1.234],[33.9255,1.2473],[33.918,1.2566]]]},"properties":{"name":"Butebo","code":"UG2037","region":"BUKEDI"}},{"type":"Feature","geometry":{"type":"Polygon","coordinates":[[[33.5201,-0.9992],[33.5236,-0.9992],[33.5211,-0.3958],[33.5211,-0.3161],[33.5219,-0.1493],[33.5216,-0.0946],[33.5222,-0.0269],[33.5372,0.0164],[33.5435,0.0447],[33.5561,0.086],[33.5475,0.0945],[33.5431,0.1019],[33.542,0.1091],[33.5338,0.1261],[33.5374,0.1357],[33.5382,0.152],[33.5307,0.149],[33.5264,0.1403],[33.4954,0.1509],[33.4763,0.1599],[33.4262,0.21],[33.4262,0.2161],[33.4218,0.2198],[33.4176,0.2299],[33.4189,0.2426],[33.422,0.2505],[33.4159,0.2559],[33.4071,0.2672],[33.3973,0.2771],[33.3946,0.2848],[33.3923,0.3007],[33.3856,0.3107],[33.368,0.3207],[33.3499,0.3299],[33.3342,0.333],[33.304,0.3339],[33.2964,0.3385],[33.2926,0.3444],[33.2891,0.3585],[33.2517,0.3345],[33.2286,0.3223],[33.2098,0.309],[33.1823,0.2924],[33.177,0.2858],[33.1765,0.2792],[33.1807,0.2447],[33.1604,0.2238],[33.1503,0.2117],[33.1439,0.1994],[33.127,0.1849],[33.1045,0.1635],[33.0904,0.1429],[33.0774,0.1314],[33.0596,0.1206],[33.0287,0.1083],[33.0147,0.097],[33.0085,0.0893],[32.9833,0.0701],[32.9678,0.0607],[32.9399,0.05],[32.9278,0.0486],[32.9165,0.0495],[32.9073,0.052],[32.895,0.0595],[32.8887,0.0691],[32.8845,0.0693],[32.8792,0.0996],[32.8784,0.1018],[32.8771,0.1049],[32.8748,0.1107],[32.8739,0.1131],[32.8748,0.1107],[32.861,0.1094],[32.8445,0.1066],[32.8454,0.0661],[32.8525,0.035],[32.8601,0.0087],[32.8756,-0.0208],[32.8757,-0.0977],[32.8762,-0.1497],[32.8761,-0.2802],[32.8758,-0.4816],[32.8756,-0.6158],[32.8751,-0.9994],[33.0299,-0.9994],[33.2853,-0.9993],[33.3652,-0.9993],[33.5201,-0.9992]]]},"properties":{"name":"Buvuma","code":"UG1004","region":"BUGANDA"}},{"type":"Feature","geometry":{"type":"Polygon","coordinates":[[[32.9737,1.4772],[32.9463,1.4797],[32.8945,1.4812],[32.8653,1.4803],[32.8361,1.4774],[32.8203,1.475],[32.8264,1.4405],[32.8354,1.4142],[32.8423,1.3877],[32.8546,1.3522],[32.8647,1.3324],[32.8716,1.3234],[32.8893,1.3065],[32.905,1.2861],[32.9129,1.2691],[32.922,1.2571],[32.9273,1.2466],[32.935,1.2366],[32.9354,1.2226],[32.9472,1.2225],[32.9544,1.2192],[32.9748,1.222],[33.0133,1.2245],[33.0303,1.2236],[33.0459,1.2104],[33.0542,1.1992],[33.0592,1.1976],[33.0741,1.197],[33.0815,1.1926],[33.0862,1.1847],[33.0889,1.1734],[33.0936,1.1688],[33.1135,1.1683],[33.1233,1.1645],[33.1259,1.1599],[33.1326,1.1064],[33.1379,1.0905],[33.1422,1.0819],[33.1482,1.0504],[33.1518,1.0441],[33.1619,1.0413],[33.1694,1.0437],[33.1805,1.038],[33.1852,1.0273],[33.1916,1.0221],[33.1951,1.0143],[33.2017,1.0102],[33.2257,0.9868],[33.2336,0.9889],[33.239,0.9942],[33.2503,0.9959],[33.2604,0.993],[33.2668,0.986],[33.2821,0.9886],[33.2957,0.9874],[33.3068,0.9846],[33.2988,0.9991],[33.3069,1.0074],[33.312,1.0183],[33.317,1.0227],[33.3124,1.04],[33.3133,1.0421],[33.3069,1.0545],[33.3205,1.0569],[33.335,1.0773],[33.3424,1.0869],[33.3587,1.1021],[33.3587,1.1279],[33.3751,1.1548],[33.3801,1.16],[33.3871,1.172],[33.3935,1.1791],[33.3985,1.1932],[33.3986,1.2033],[33.4041,1.2135],[33.4162,1.2316],[33.4283,1.2399],[33.4324,1.2472],[33.4401,1.292],[33.4128,1.2936],[33.4046,1.2961],[33.401,1.316],[33.3954,1.3339],[33.3909,1.3461],[33.3818,1.3615],[33.3763,1.3668],[33.3641,1.3694],[33.3541,1.3688],[33.3377,1.3743],[33.3275,1.3741],[33.314,1.376],[33.2988,1.3704],[33.2868,1.3631],[33.2515,1.3368],[33.2469,1.3343],[33.1985,1.345],[33.1516,1.3561],[33.1053,1.4005],[33.0644,1.4368],[33.0155,1.4609],[32.9737,1.4772]]]},"properties":{"name":"Buyende","code":"UG2038","region":"BUSOGA"}},{"type":"Feature","geometry":{"type":"Polygon","coordinates":[[[33.2905,2.0394],[33.2871,2.0503],[33.2788,2.057],[33.2691,2.0619],[33.2583,2.0704],[33.2511,2.0842],[33.2421,2.0815],[33.231,2.0853],[33.22,2.0855],[33.212,2.0901],[33.1984,2.0909],[33.1854,2.0943],[33.1804,2.1041],[33.1734,2.1076],[33.1628,2.105],[33.1463,2.1042],[33.1355,2.1086],[33.1315,2.0971],[33.1349,2.0843],[33.1182,2.0695],[33.1099,2.067],[33.0946,2.0685],[33.0852,2.0649],[33.0795,2.0564],[33.0672,2.0463],[33.059,2.0362],[33.0558,2.0197],[33.0537,2.0157],[33.0434,2.0109],[33.0351,2.0122],[32.9909,2.0468],[32.9823,2.0614],[32.975,2.0675],[32.9518,2.059],[32.9375,2.06],[32.9356,2.0706],[32.9264,2.0784],[32.9148,2.08],[32.8942,2.0713],[32.8928,2.0609],[32.8879,2.045],[32.8883,2.0354],[32.8935,2.0235],[32.8935,2.0154],[32.8872,2.0095],[32.8845,2.0021],[32.8604,1.9873],[32.8653,1.977],[32.8669,1.964],[32.8659,1.9538],[32.8692,1.9457],[32.8933,1.9619],[32.9019,1.9627],[32.9096,1.9676],[32.9177,1.9762],[32.9233,1.9655],[32.9315,1.9629],[32.9381,1.953],[32.9494,1.9482],[32.9585,1.9404],[32.9591,1.9353],[32.9543,1.9259],[32.9546,1.9148],[32.9517,1.9035],[32.9551,1.8916],[32.9543,1.8739],[32.9479,1.8606],[32.9385,1.8475],[32.9355,1.8346],[32.9404,1.8134],[32.9514,1.8099],[32.9574,1.8061],[32.9721,1.7882],[32.9799,1.7699],[32.9863,1.7471],[32.9886,1.727],[32.9916,1.7197],[32.9999,1.7123],[33.0083,1.7119],[33.016,1.7076],[33.0267,1.7062],[33.0488,1.7088],[33.0729,1.723],[33.0838,1.7319],[33.0865,1.7392],[33.0839,1.7481],[33.0885,1.7533],[33.0949,1.7665],[33.104,1.7773],[33.1014,1.7893],[33.1049,1.8022],[33.1148,1.8213],[33.112,1.8306],[33.1137,1.8393],[33.1118,1.8489],[33.1179,1.8579],[33.1324,1.8538],[33.1418,1.857],[33.1478,1.8719],[33.1562,1.8745],[33.1652,1.874],[33.1805,1.8906],[33.2004,1.9078],[33.2087,1.9109],[33.2206,1.9099],[33.2272,1.9196],[33.2392,1.922],[33.2426,1.9247],[33.2448,1.9338],[33.2516,1.9413],[33.25,1.9526],[33.2706,1.9571],[33.2707,1.9662],[33.275,1.9747],[33.2744,1.9899],[33.2809,2.0017],[33.2839,2.0106],[33.2819,2.0194],[33.2849,2.0309],[33.2905,2.0394]]]},"properties":{"name":"Dokolo","code":"UG3073","region":"LANGO"}},{"type":"Feature","geometry":{"type":"Polygon","coordinates":[[[31.8028,0.2834],[31.796,0.2768],[31.7769,0.2706],[31.7536,0.2581],[31.7388,0.2419],[31.7335,0.2395],[31.7253,0.2511],[31.7205,0.265],[31.715,0.2717],[31.6945,0.2889],[31.6854,0.2922],[31.6712,0.294],[31.6672,0.2925],[31.6559,0.2954],[31.6431,0.3066],[31.6412,0.3148],[31.6288,0.3319],[31.6171,0.3345],[31.6117,0.3307],[31.606,0.3336],[31.5902,0.3478],[31.5826,0.359],[31.5703,0.3677],[31.5483,0.3488],[31.5363,0.3411],[31.5202,0.3346],[31.5073,0.3212],[31.4986,0.3168],[31.4767,0.3119],[31.459,0.3068],[31.437,0.3068],[31.4173,0.3025],[31.406,0.2983],[31.3885,0.2966],[31.3622,0.2926],[31.3485,0.2839],[31.3404,0.2826],[31.3371,0.2761],[31.3309,0.2709],[31.3269,0.2631],[31.318,0.2514],[31.3143,0.2433],[31.3111,0.2258],[31.311,0.2103],[31.3048,0.2084],[31.3023,0.2019],[31.3127,0.2011],[31.3268,0.2083],[31.3369,0.2059],[31.3455,0.2068],[31.36,0.205],[31.3675,0.2072],[31.3767,0.207],[31.3892,0.2038],[31.3968,0.2003],[31.4065,0.1984],[31.4106,0.193],[31.4085,0.1846],[31.4196,0.1634],[31.4248,0.161],[31.4341,0.1613],[31.4461,0.1567],[31.4581,0.1472],[31.4696,0.1457],[31.4875,0.1388],[31.5008,0.126],[31.5279,0.1111],[31.5783,0.0599],[31.6009,0.05],[31.6183,0.0426],[31.6397,0.0377],[31.6464,0.0394],[31.6587,0.0595],[31.663,0.0648],[31.674,0.0712],[31.6937,0.0764],[31.7193,0.0703],[31.7506,0.0696],[31.7842,0.0616],[31.8074,0.0475],[31.812,0.0431],[31.8249,0.058],[31.8242,0.068],[31.8318,0.071],[31.8388,0.0799],[31.8555,0.0904],[31.8627,0.0932],[31.8842,0.0949],[31.8888,0.097],[31.908,0.1182],[31.9161,0.1229],[31.9317,0.1199],[31.9406,0.1085],[31.9491,0.105],[31.9568,0.1123],[31.9757,0.1092],[31.9804,0.1095],[31.995,0.1273],[32.0007,0.1262],[32.0168,0.1349],[32.0206,0.1321],[32.0307,0.1338],[32.0348,0.1304],[32.0496,0.133],[32.0514,0.1402],[32.062,0.1501],[32.0659,0.1624],[32.0816,0.176],[32.0783,0.1827],[32.0769,0.1916],[32.0809,0.2025],[32.0869,0.2017],[32.0932,0.2049],[32.1035,0.2011],[32.117,0.2004],[32.1181,0.2214],[32.125,0.2298],[32.1328,0.2358],[32.1405,0.2298],[32.1484,0.2447],[32.1554,0.2455],[32.156,0.2498],[32.1462,0.2677],[32.1384,0.27],[32.1326,0.2746],[32.1288,0.2824],[32.1161,0.29],[32.1006,0.2898],[32.0895,0.2975],[32.0798,0.2945],[32.0763,0.2911],[32.0808,0.2825],[32.0766,0.2733],[32.0615,0.2688],[32.0571,0.2644],[32.05,0.2648],[32.047,0.27],[32.029,0.2639],[32.0253,0.2556],[32.0282,0.2441],[32.0217,0.2423],[32.0137,0.247],[32,0.2466],[31.9928,0.2411],[31.9831,0.2266],[31.9734,0.2296],[31.967,0.2287],[31.9563,0.2208],[31.9326,0.2315],[31.9269,0.2275],[31.9235,0.2162],[31.9179,0.2125],[31.91,0.2164],[31.901,0.2261],[31.8901,0.226],[31.8697,0.2295],[31.8645,0.2333],[31.8592,0.2437],[31.8438,0.2482],[31.8432,0.2541],[31.8476,0.2582],[31.8507,0.2676],[31.8422,0.2788],[31.8236,0.2727],[31.8122,0.2772],[31.8028,0.2834]]]},"properties":{"name":"Gomba","code":"UG1005","region":"BUGANDA"}},{"type":"Feature","geometry":{"type":"Polygon","coordinates":[[[32.3868,3.2846],[32.3764,3.2965],[32.3631,3.2991],[32.3597,3.2828],[32.3639,3.277],[32.3642,3.2678],[32.3595,3.2645],[32.3508,3.2672],[32.3339,3.2589],[32.3275,3.2511],[32.3378,3.2354],[32.3277,3.233],[32.2882,3.1703],[32.2808,3.1551],[32.2799,3.1413],[32.2767,3.1415],[32.2644,3.1343],[32.258,3.1385],[32.2496,3.1372],[32.2455,3.1309],[32.2544,3.1213],[32.2536,3.1098],[32.2492,3.1069],[32.2478,3.1006],[32.2408,3.0899],[32.2417,3.0823],[32.2394,3.0749],[32.2317,3.0687],[32.2344,3.0624],[32.2278,3.0594],[32.2255,3.0507],[32.2281,3.0317],[32.2283,3.0198],[32.2305,3.016],[32.2277,3.0003],[32.2224,2.997],[32.2159,3.0013],[32.2071,2.9988],[32.2068,2.9942],[32.1987,2.9872],[32.1924,2.9854],[32.1872,2.9721],[32.1865,2.9609],[32.1892,2.9534],[32.1878,2.9454],[32.19,2.94],[32.1879,2.9291],[32.1908,2.9261],[32.1936,2.9083],[32.1921,2.9013],[32.2,2.8811],[32.2108,2.8616],[32.208,2.8512],[32.2127,2.8292],[32.2361,2.7696],[32.2361,2.768],[32.2473,2.7657],[32.2462,2.7606],[32.2538,2.7575],[32.2715,2.7569],[32.2808,2.7462],[32.2817,2.7385],[32.2991,2.7366],[32.3044,2.7373],[32.3109,2.7426],[32.3219,2.7445],[32.3302,2.7436],[32.3361,2.7566],[32.3321,2.767],[32.3324,2.7735],[32.3458,2.7746],[32.3633,2.7798],[32.3751,2.7795],[32.383,2.7756],[32.3898,2.7831],[32.404,2.7797],[32.4084,2.7726],[32.4132,2.7775],[32.4202,2.78],[32.4265,2.7744],[32.4367,2.7805],[32.4381,2.7843],[32.4507,2.7937],[32.4564,2.7858],[32.4641,2.7838],[32.4663,2.7869],[32.4796,2.7857],[32.4845,2.7941],[32.4924,2.7954],[32.5036,2.8056],[32.5163,2.8097],[32.5151,2.8005],[32.5213,2.791],[32.5306,2.7908],[32.5405,2.7818],[32.5488,2.7777],[32.5651,2.7844],[32.5772,2.7839],[32.5956,2.7959],[32.6099,2.7946],[32.6157,2.7914],[32.6223,2.7931],[32.6325,2.8088],[32.6345,2.8201],[32.6477,2.8286],[32.658,2.8433],[32.6583,2.845],[32.647,2.86],[32.6392,2.8728],[32.6363,2.8732],[32.6327,2.8828],[32.6206,2.9013],[32.6051,2.9279],[32.5999,2.9338],[32.5892,2.9498],[32.585,2.9523],[32.5781,2.9614],[32.5757,2.9709],[32.5593,2.9971],[32.5525,3.0117],[32.5467,3.0202],[32.5335,3.0327],[32.5335,3.0366],[32.5172,3.0606],[32.5155,3.0667],[32.5108,3.0676],[32.4998,3.0867],[32.4951,3.0898],[32.4865,3.1003],[32.4842,3.1097],[32.4703,3.1263],[32.492,3.1327],[32.5174,3.1297],[32.5136,3.145],[32.5176,3.1559],[32.5006,3.1668],[32.495,3.1776],[32.4969,3.1841],[32.4902,3.1881],[32.4912,3.1999],[32.4784,3.2126],[32.4701,3.2155],[32.4682,3.222],[32.4597,3.2261],[32.4578,3.2308],[32.4484,3.2303],[32.4474,3.2362],[32.4315,3.2412],[32.4242,3.2469],[32.4158,3.2472],[32.3964,3.2596],[32.3887,3.2751],[32.3868,3.2846]]]},"properties":{"name":"Gulu","code":"UG3074","region":"ACHOLI"}},{"type":"Feature","geometry":{"type":"Polygon","coordinates":[[[31.3897,1.6963],[31.39,1.7027],[31.3746,1.7115],[31.3734,1.7207],[31.3787,1.7248],[31.3775,1.7434],[31.3678,1.7486],[31.3704,1.7539],[31.3658,1.7583],[31.3681,1.7708],[31.362,1.7718],[31.3525,1.7775],[31.3511,1.7843],[31.3339,1.7834],[31.3317,1.7879],[31.3229,1.7898],[31.3087,1.7984],[31.2531,1.8098],[31.1,1.8519],[31.0784,1.8574],[30.945,1.7073],[30.8034,1.5469],[30.8905,1.5469],[30.9507,1.5292],[30.9578,1.5226],[30.9581,1.5182],[30.9641,1.5143],[30.9757,1.5141],[30.9788,1.5097],[30.9956,1.502],[30.9916,1.489],[30.9922,1.482],[30.9847,1.4768],[30.9819,1.4703],[30.9858,1.4571],[30.9817,1.4476],[30.984,1.4368],[30.984,1.4263],[30.9943,1.4225],[31.0044,1.4082],[31.0117,1.4054],[31.014,1.3994],[31.0196,1.3959],[31.0237,1.3886],[31.0319,1.3938],[31.0451,1.3863],[31.0495,1.3936],[31.0543,1.3955],[31.0683,1.3941],[31.0735,1.3982],[31.0838,1.3977],[31.0924,1.4028],[31.0988,1.3997],[31.1059,1.4019],[31.111,1.4096],[31.1146,1.4209],[31.1271,1.4212],[31.1321,1.4428],[31.128,1.4507],[31.1231,1.4521],[31.13,1.4634],[31.1326,1.4739],[31.1331,1.4906],[31.1287,1.4969],[31.1146,1.5025],[31.1098,1.5116],[31.1166,1.519],[31.1206,1.5202],[31.1237,1.5107],[31.1311,1.515],[31.1427,1.5117],[31.1523,1.5052],[31.1573,1.5048],[31.1633,1.4991],[31.1806,1.4948],[31.1873,1.4906],[31.204,1.502],[31.2158,1.5017],[31.2224,1.4953],[31.2318,1.4915],[31.2438,1.4888],[31.255,1.4781],[31.2673,1.4777],[31.2764,1.474],[31.2819,1.466],[31.289,1.4606],[31.2844,1.456],[31.2794,1.442],[31.2718,1.4308],[31.2722,1.4179],[31.2673,1.4036],[31.279,1.3842],[31.2859,1.3826],[31.2961,1.3697],[31.3009,1.3674],[31.3083,1.3686],[31.3223,1.3625],[31.3324,1.3649],[31.3356,1.3694],[31.3432,1.3683],[31.3503,1.3723],[31.3569,1.3662],[31.3597,1.359],[31.3754,1.3627],[31.3815,1.3595],[31.3887,1.3631],[31.4044,1.3618],[31.4087,1.3467],[31.4046,1.3396],[31.4045,1.3304],[31.4104,1.3269],[31.4127,1.3217],[31.4115,1.3094],[31.4163,1.2905],[31.4138,1.2838],[31.4184,1.269],[31.4388,1.2695],[31.4493,1.2742],[31.457,1.2834],[31.4559,1.2981],[31.4635,1.3071],[31.4814,1.3142],[31.5003,1.3257],[31.5102,1.338],[31.5142,1.346],[31.5247,1.357],[31.5309,1.3616],[31.5503,1.3647],[31.5647,1.3654],[31.5776,1.3619],[31.583,1.3571],[31.5843,1.3641],[31.5801,1.3809],[31.5813,1.3874],[31.5798,1.3989],[31.5739,1.4052],[31.5789,1.4211],[31.5882,1.434],[31.5872,1.4402],[31.5691,1.449],[31.5552,1.4485],[31.5507,1.4516],[31.5428,1.4673],[31.53,1.4798],[31.5296,1.4866],[31.5261,1.4939],[31.5069,1.5078],[31.5039,1.5155],[31.4962,1.519],[31.4872,1.5177],[31.4838,1.5217],[31.4857,1.5289],[31.4834,1.538],[31.4788,1.5462],[31.4828,1.5519],[31.4829,1.5578],[31.4775,1.5732],[31.4862,1.5727],[31.4892,1.5852],[31.484,1.5964],[31.4772,1.5957],[31.4642,1.601],[31.4601,1.6052],[31.4584,1.6122],[31.4535,1.6129],[31.4447,1.6073],[31.4369,1.6158],[31.4216,1.6142],[31.4055,1.6099],[31.4002,1.6058],[31.3887,1.6011],[31.3742,1.6046],[31.3678,1.6137],[31.3741,1.6218],[31.3733,1.6303],[31.3753,1.6357],[31.373,1.6428],[31.38,1.6594],[31.3786,1.6649],[31.3808,1.678],[31.3837,1.6803],[31.3897,1.6963]]]},"properties":{"name":"Hoima","code":"UG4106","region":"BUNYORO"}},{"type":"Feature","geometry":{"type":"Polygon","coordinates":[[[30.6254,-0.1639],[30.6191,-0.1627],[30.608,-0.1512],[30.5977,-0.1466],[30.5883,-0.1472],[30.5916,-0.1332],[30.5811,-0.1287],[30.5696,-0.1119],[30.5727,-0.1028],[30.5758,-0.1019],[30.5743,-0.0853],[30.5757,-0.0743],[30.5789,-0.0701],[30.5765,-0.0625],[30.5717,-0.0581],[30.5686,-0.0439],[30.5754,-0.0329],[30.5798,-0.0186],[30.5775,-0.0147],[30.5815,-0.0094],[30.5793,0.0032],[30.5838,0.0104],[30.5829,0.018],[30.5909,0.0234],[30.5934,0.0309],[30.5996,0.0327],[30.6041,0.0393],[30.6054,0.0459],[30.6135,0.0479],[30.6139,0.0558],[30.6233,0.0616],[30.6278,0.07],[30.622,0.0765],[30.6253,0.0804],[30.626,0.0909],[30.6294,0.0966],[30.638,0.1006],[30.6396,0.107],[30.636,0.1173],[30.6375,0.1205],[30.6307,0.1319],[30.625,0.1316],[30.6182,0.1359],[30.6148,0.142],[30.6134,0.152],[30.6088,0.157],[30.6029,0.156],[30.6049,0.1652],[30.5992,0.1615],[30.5858,0.1582],[30.5781,0.1588],[30.5622,0.1487],[30.5499,0.1467],[30.5423,0.1328],[30.5371,0.1312],[30.5287,0.1228],[30.5211,0.1196],[30.5139,0.1227],[30.5007,0.112],[30.4948,0.0977],[30.4877,0.099],[30.4815,0.0951],[30.4721,0.1044],[30.4629,0.1019],[30.4534,0.0957],[30.4528,0.0813],[30.4508,0.0756],[30.4557,0.071],[30.4522,0.0619],[30.4465,0.0597],[30.4359,0.0488],[30.4277,0.0463],[30.4281,0.0374],[30.4122,0.0245],[30.4064,0.0244],[30.4043,0.0181],[30.3965,0.0083],[30.3847,-0.0027],[30.3892,-0.0181],[30.396,-0.026],[30.4095,-0.0477],[30.4114,-0.0585],[30.4099,-0.0645],[30.4154,-0.0722],[30.4194,-0.0864],[30.4163,-0.1016],[30.424,-0.116],[30.4216,-0.1292],[30.4294,-0.1379],[30.4352,-0.1408],[30.4582,-0.1472],[30.4654,-0.152],[30.4563,-0.16],[30.4417,-0.1667],[30.4347,-0.1777],[30.4286,-0.1818],[30.4157,-0.1826],[30.4075,-0.1787],[30.3997,-0.1787],[30.3926,-0.1737],[30.3896,-0.1641],[30.3809,-0.1544],[30.3781,-0.1442],[30.3565,-0.1523],[30.3517,-0.1492],[30.348,-0.1406],[30.3408,-0.1433],[30.3277,-0.1383],[30.322,-0.1335],[30.3067,-0.1305],[30.2979,-0.1218],[30.2908,-0.118],[30.2804,-0.1171],[30.2743,-0.1129],[30.2513,-0.1187],[30.2461,-0.1241],[30.2516,-0.1277],[30.2561,-0.1358],[30.2644,-0.1445],[30.276,-0.1642],[30.281,-0.1665],[30.2806,-0.1773],[30.2863,-0.1878],[30.2835,-0.1947],[30.2862,-0.2065],[30.2841,-0.2113],[30.3015,-0.2013],[30.3158,-0.1884],[30.3214,-0.1966],[30.3346,-0.1926],[30.3545,-0.1927],[30.3612,-0.2],[30.3665,-0.2213],[30.3782,-0.2366],[30.3867,-0.2562],[30.3952,-0.2593],[30.4012,-0.2583],[30.4092,-0.2687],[30.4072,-0.2775],[30.4096,-0.2828],[30.4216,-0.2828],[30.4254,-0.2876],[30.4349,-0.2889],[30.4448,-0.2882],[30.4535,-0.285],[30.4439,-0.2669],[30.4636,-0.2659],[30.4714,-0.2571],[30.4786,-0.2556],[30.4862,-0.2596],[30.4966,-0.256],[30.5063,-0.2611],[30.5199,-0.2522],[30.5524,-0.2451],[30.5738,-0.2347],[30.5889,-0.2396],[30.5937,-0.2372],[30.5984,-0.2218],[30.6035,-0.2197],[30.6083,-0.2085],[30.6143,-0.1929],[30.6257,-0.1853],[30.6298,-0.1742],[30.6254,-0.1639]]]},"properties":{"name":"Ibanda","code":"UG4107","region":"ANKOLE"}},{"type":"Feature","geometry":{"type":"Polygon","coordinates":[[[33.5416,0.8874],[33.5301,0.886],[33.5213,0.8798],[33.5141,0.8782],[33.4984,0.8679],[33.4862,0.871],[33.4811,0.87],[33.4746,0.8732],[33.4613,0.8842],[33.4562,0.8819],[33.4418,0.8828],[33.4346,0.8793],[33.4255,0.888],[33.4252,0.8944],[33.4209,0.9027],[33.4106,0.9025],[33.3968,0.9082],[33.388,0.8926],[33.3789,0.8806],[33.3622,0.863],[33.3686,0.8453],[33.3721,0.8255],[33.3754,0.8136],[33.3819,0.7967],[33.3872,0.7876],[33.391,0.776],[33.3916,0.7632],[33.4027,0.7554],[33.4067,0.7413],[33.4132,0.7395],[33.4223,0.7288],[33.4285,0.7258],[33.4327,0.712],[33.4249,0.6872],[33.4246,0.6708],[33.4147,0.6443],[33.4158,0.6252],[33.4128,0.6167],[33.4161,0.6039],[33.4153,0.5983],[33.4179,0.589],[33.423,0.5785],[33.4238,0.5649],[33.4275,0.5516],[33.4409,0.5527],[33.45,0.5483],[33.4557,0.5527],[33.4799,0.5529],[33.4835,0.5426],[33.4905,0.5364],[33.5045,0.5407],[33.5074,0.5447],[33.5232,0.5452],[33.529,0.5517],[33.5364,0.5436],[33.5419,0.5425],[33.5415,0.5543],[33.5468,0.562],[33.5453,0.5734],[33.5515,0.582],[33.5508,0.5965],[33.5541,0.6037],[33.5538,0.6108],[33.5583,0.6211],[33.558,0.64],[33.5671,0.6646],[33.5681,0.6741],[33.5727,0.68],[33.5792,0.6935],[33.5774,0.7047],[33.5743,0.7085],[33.5743,0.716],[33.5712,0.7229],[33.5731,0.7413],[33.5616,0.7473],[33.5597,0.7581],[33.5555,0.7645],[33.5641,0.8012],[33.5619,0.8066],[33.5478,0.8227],[33.5435,0.8427],[33.5459,0.8622],[33.5416,0.8874]]]},"properties":{"name":"Iganga","code":"UG2039","region":"BUSOGA"}},{"type":"Feature","geometry":{"type":"Polygon","coordinates":[[[30.7861,-0.604],[30.7779,-0.6024],[30.7631,-0.6059],[30.7596,-0.6103],[30.7542,-0.6102],[30.7493,-0.6056],[30.7407,-0.6069],[30.7324,-0.6132],[30.7262,-0.6228],[30.7189,-0.627],[30.7031,-0.6114],[30.6942,-0.6187],[30.6872,-0.6285],[30.6748,-0.6353],[30.6577,-0.6415],[30.6487,-0.6352],[30.6398,-0.6324],[30.6435,-0.6445],[30.6502,-0.6545],[30.6433,-0.6648],[30.6482,-0.6759],[30.6453,-0.6923],[30.6414,-0.6991],[30.6429,-0.7183],[30.637,-0.7278],[30.636,-0.7331],[30.6466,-0.7476],[30.641,-0.7662],[30.6462,-0.7673],[30.6566,-0.7862],[30.6549,-0.7964],[30.6506,-0.8103],[30.6506,-0.8321],[30.6481,-0.839],[30.64,-0.838],[30.637,-0.8415],[30.6356,-0.8511],[30.6318,-0.8567],[30.6308,-0.8644],[30.6158,-0.8676],[30.6029,-0.8674],[30.5987,-0.8767],[30.601,-0.8881],[30.5952,-0.8967],[30.5812,-0.9028],[30.5714,-0.9031],[30.5669,-0.914],[30.565,-0.9284],[30.5632,-0.9306],[30.5424,-0.9303],[30.5343,-0.939],[30.5298,-0.9547],[30.5228,-0.9625],[30.5162,-0.9661],[30.5059,-0.9784],[30.5017,-0.99],[30.507,-1.0062],[30.5046,-1.0155],[30.4905,-1.0296],[30.4851,-1.0405],[30.4835,-1.048],[30.4781,-1.0575],[30.4832,-1.0572],[30.4958,-1.061],[30.5102,-1.0733],[30.5207,-1.0737],[30.5278,-1.0761],[30.5397,-1.0747],[30.549,-1.0686],[30.5596,-1.0646],[30.5778,-1.0637],[30.5884,-1.0611],[30.5957,-1.0653],[30.6104,-1.0646],[30.6161,-1.0674],[30.6278,-1.0687],[30.6331,-1.0665],[30.6493,-1.0659],[30.659,-1.0623],[30.6617,-1.0563],[30.6689,-1.0507],[30.6723,-1.0371],[30.678,-1.031],[30.6928,-1.0211],[30.6985,-1.015],[30.718,-1.0141],[30.728,-1.0086],[30.7418,-1.0039],[30.7522,-0.9921],[30.7666,-0.9849],[30.775,-0.9867],[30.7987,-0.999],[30.9078,-0.9992],[31.0007,-0.9996],[31.0376,-0.9994],[31.0427,-1.0012],[31.057,-0.9995],[31.1651,-0.9991],[31.2708,-0.9993],[31.2643,-0.9844],[31.2707,-0.9495],[31.2511,-0.9324],[31.2099,-0.901],[31.2035,-0.8877],[31.2063,-0.8779],[31.2037,-0.8731],[31.2271,-0.8557],[31.2268,-0.8438],[31.2217,-0.8373],[31.2129,-0.8346],[31.2066,-0.8299],[31.194,-0.8242],[31.1917,-0.8191],[31.1957,-0.7884],[31.1997,-0.7777],[31.1979,-0.7696],[31.2,-0.758],[31.1958,-0.7492],[31.1874,-0.7394],[31.1705,-0.7293],[31.1649,-0.7206],[31.1578,-0.7133],[31.1544,-0.7055],[31.1338,-0.6892],[31.1062,-0.678],[31.0928,-0.6714],[31.0844,-0.6743],[31.0728,-0.6807],[31.0566,-0.6928],[31.0475,-0.6957],[31.0384,-0.6958],[31.0188,-0.6928],[31.0076,-0.6937],[30.9764,-0.7123],[30.9667,-0.7151],[30.9552,-0.7141],[30.918,-0.7055],[30.8928,-0.694],[30.8823,-0.6869],[30.8761,-0.6767],[30.8655,-0.6717],[30.8671,-0.6614],[30.8632,-0.6436],[30.8487,-0.6346],[30.8408,-0.6238],[30.8342,-0.6227],[30.81,-0.6122],[30.7992,-0.6141],[30.7861,-0.604]]]},"properties":{"name":"Isingiro","code":"UG4108","region":"ANKOLE"}},{"type":"Feature","geometry":{"type":"Polygon","coordinates":[[[33.2232,0.6839],[33.21,0.6819],[33.2017,0.686],[33.1982,0.6925],[33.1902,0.6951],[33.1793,0.6928],[33.1689,0.6951],[33.1585,0.6949],[33.1528,0.6896],[33.1451,0.6877],[33.1339,0.6892],[33.1383,0.6718],[33.1315,0.6675],[33.1155,0.6749],[33.1107,0.6785],[33.1033,0.6757],[33.098,0.6782],[33.0864,0.6799],[33.0859,0.6662],[33.0767,0.6625],[33.0699,0.6546],[33.0492,0.6588],[33.0433,0.6478],[33.0439,0.6394],[33.0487,0.6344],[33.0545,0.6239],[33.0514,0.6181],[33.0538,0.6137],[33.0502,0.5983],[33.0569,0.5915],[33.0722,0.5808],[33.0731,0.5667],[33.0847,0.5462],[33.0892,0.547],[33.0966,0.5357],[33.1065,0.5261],[33.1124,0.5244],[33.1291,0.5081],[33.1373,0.5032],[33.1367,0.4975],[33.1412,0.4929],[33.1503,0.4896],[33.158,0.4801],[33.1604,0.4733],[33.1676,0.4678],[33.1748,0.4557],[33.1814,0.4525],[33.1848,0.4417],[33.1925,0.4311],[33.1958,0.4149],[33.2056,0.4082],[33.2237,0.4053],[33.2464,0.403],[33.2726,0.3946],[33.2822,0.3889],[33.2815,0.4626],[33.2834,0.4733],[33.2911,0.4798],[33.2949,0.4703],[33.303,0.4683],[33.3097,0.4743],[33.3067,0.4823],[33.3229,0.4885],[33.3321,0.4989],[33.3249,0.5161],[33.3373,0.5169],[33.3413,0.5257],[33.3408,0.5337],[33.3569,0.5413],[33.3669,0.5417],[33.3532,0.5586],[33.3558,0.5641],[33.3713,0.5838],[33.3532,0.5832],[33.354,0.5952],[33.3574,0.599],[33.357,0.6078],[33.3655,0.6067],[33.3693,0.5957],[33.3756,0.6032],[33.3795,0.6136],[33.3739,0.6205],[33.3674,0.62],[33.3517,0.6245],[33.3477,0.6296],[33.3419,0.6306],[33.3132,0.6579],[33.3075,0.6558],[33.298,0.6436],[33.2821,0.658],[33.2672,0.6644],[33.2637,0.6615],[33.2532,0.664],[33.2447,0.668],[33.2307,0.6807],[33.2232,0.6839]]]},"properties":{"name":"Jinja","code":"UG2040","region":"BUSOGA"}},{"type":"Feature","geometry":{"type":"Polygon","coordinates":[[[34.5597,3.1077],[34.5466,3.1338],[34.5375,3.1379],[34.5128,3.1461],[34.4956,3.1386],[34.4895,3.1526],[34.4828,3.1624],[34.4713,3.1699],[34.4613,3.1712],[34.4561,3.1793],[34.4528,3.2242],[34.4508,3.2572],[34.4482,3.2802],[34.4388,3.3047],[34.4307,3.34],[34.4155,3.3556],[34.4014,3.3679],[34.4011,3.3876],[34.4024,3.4123],[34.4105,3.4154],[34.42,3.4306],[34.4174,3.4479],[34.4045,3.4673],[34.3917,3.4802],[34.3968,3.4853],[34.4255,3.489],[34.4404,3.5015],[34.4522,3.5144],[34.4534,3.5354],[34.4574,3.5728],[34.4539,3.6084],[34.4558,3.617],[34.464,3.6668],[34.4565,3.6736],[34.4228,3.6859],[34.4057,3.69],[34.4036,3.7025],[34.395,3.715],[34.3831,3.7248],[34.3658,3.7324],[34.3552,3.7324],[34.3262,3.7254],[34.3193,3.7189],[34.3162,3.7122],[34.306,3.6832],[34.3087,3.709],[34.2982,3.7184],[34.284,3.7281],[34.2672,3.7455],[34.2584,3.7637],[34.2463,3.7812],[34.2339,3.7781],[34.2211,3.7815],[34.1865,3.7682],[34.1716,3.765],[34.1668,3.7708],[34.1909,3.7801],[34.1894,3.7924],[34.1713,3.7975],[34.1643,3.7951],[34.1539,3.8043],[34.1646,3.8078],[34.1693,3.8156],[34.1808,3.8289],[34.2268,3.8283],[34.2258,3.8494],[34.2163,3.8781],[34.2053,3.8794],[34.1757,3.877],[34.1677,3.8672],[34.1533,3.8661],[34.1286,3.8694],[34.1102,3.8657],[34.0934,3.8572],[34.0892,3.8586],[34.0922,3.8825],[34.1171,3.8947],[34.1207,3.8981],[34.1349,3.9527],[34.1354,3.9586],[34.1064,3.9739],[34.0829,3.9996],[34.0608,4.0068],[34.0596,4.025],[34.0884,4.0339],[34.0921,4.0464],[34.0924,4.0586],[34.0805,4.0827],[34.0639,4.0915],[34.0503,4.1184],[34.0664,4.1413],[34.0481,4.1764],[33.9885,4.2314],[33.929,4.1712],[33.8613,4.1033],[34.0092,3.8551],[34.0059,3.855],[34.0041,3.8425],[34.0085,3.8221],[34.0066,3.8129],[34.0088,3.7995],[34.0072,3.7874],[34.0128,3.7814],[34.0107,3.7747],[34.0052,3.7675],[34.0034,3.7611],[34.0056,3.7447],[34.0028,3.6997],[33.9934,3.6941],[33.9805,3.6897],[33.9779,3.677],[33.9806,3.6711],[33.9757,3.6643],[33.9666,3.6621],[33.9455,3.6453],[33.9443,3.6392],[33.9392,3.6327],[33.93,3.6252],[33.9255,3.6239],[33.923,3.6166],[33.9253,3.613],[33.9399,3.6043],[33.9414,3.5958],[33.9476,3.5913],[33.9604,3.5901],[33.9754,3.5864],[33.9836,3.5918],[33.989,3.5902],[33.9916,3.5768],[33.9886,3.5727],[33.9914,3.557],[33.9855,3.5411],[33.9748,3.5254],[33.9565,3.5191],[33.9484,3.5133],[33.9375,3.5147],[33.9366,3.5113],[33.9194,3.5097],[33.9119,3.502],[33.8981,3.5061],[33.8858,3.5055],[33.8783,3.5097],[33.8756,3.5142],[33.8657,3.5102],[33.8528,3.513],[33.842,3.5068],[33.8363,3.5065],[33.8154,3.511],[33.8093,3.502],[33.8021,3.4998],[33.7983,3.4936],[33.8006,3.488],[33.7981,3.472],[33.8038,3.4634],[33.8052,3.4531],[33.8031,3.449],[33.8063,3.4404],[33.8071,3.4285],[33.8053,3.4206],[33.7994,3.4078],[33.8022,3.4007],[33.801,3.3947],[33.804,3.3888],[33.8016,3.3731],[33.8121,3.3631],[33.8179,3.3465],[33.8142,3.3353],[33.8171,3.3268],[33.8233,3.3215],[33.8235,3.3128],[33.8517,3.3018],[33.8624,3.3014],[33.866,3.3086],[33.8764,3.3102],[33.8802,3.3156],[33.8888,3.3191],[33.9043,3.3106],[33.9022,3.3044],[33.9045,3.2819],[33.9022,3.2497],[33.9117,3.2577],[33.9198,3.2593],[33.9496,3.2554],[33.9916,3.2525],[34.0026,3.2502],[34.0112,3.2516],[34.025,3.2485],[34.0385,3.2483],[34.0536,3.2512],[34.0709,3.2499],[34.0826,3.2506],[34.1049,3.2392],[34.1356,3.2258],[34.1584,3.2138],[34.1865,3.1937],[34.1884,3.1865],[34.1878,3.1751],[34.192,3.1674],[34.203,3.1665],[34.2133,3.1565],[34.2142,3.1503],[34.2565,3.1274],[34.3425,3.0845],[34.3976,3.0919],[34.3992,3.0929],[34.4423,3.0798],[34.4872,3.0967],[34.497,3.0912],[34.5134,3.0914],[34.5205,3.0863],[34.5455,3.0934],[34.5539,3.1039],[34.5597,3.1077]]]},"properties":{"name":"Kaabong","code":"UG3075","region":"KARAMOJA"}},{"type":"Feature","geometry":{"type":"Polygon","coordinates":[[[30.1694,-1.2745],[30.1618,-1.2642],[30.164,-1.256],[30.1651,-1.2415],[30.1615,-1.2314],[30.1638,-1.2265],[30.1555,-1.2247],[30.1442,-1.2291],[30.1443,-1.2394],[30.1405,-1.2526],[30.1336,-1.2526],[30.1343,-1.2394],[30.1329,-1.2328],[30.1245,-1.2317],[30.1172,-1.2355],[30.1115,-1.2314],[30.1078,-1.2228],[30.0935,-1.2213],[30.0808,-1.2174],[30.0774,-1.2118],[30.0591,-1.2061],[30.0529,-1.211],[30.0468,-1.2111],[30.0374,-1.2048],[30.0239,-1.202],[30.0199,-1.2002],[30.0143,-1.1923],[30.0088,-1.1903],[30.0056,-1.1961],[30.0132,-1.2031],[30.0095,-1.2183],[30.0006,-1.2269],[29.9917,-1.2294],[29.9871,-1.2337],[29.9797,-1.2355],[29.975,-1.2315],[29.9671,-1.2315],[29.9577,-1.2372],[29.9625,-1.2481],[29.9617,-1.2527],[29.9535,-1.2524],[29.9424,-1.2584],[29.9381,-1.2668],[29.9215,-1.2839],[29.9064,-1.3093],[29.9068,-1.3265],[29.9097,-1.3336],[29.909,-1.3437],[29.8855,-1.3382],[29.8813,-1.3441],[29.8826,-1.355],[29.8789,-1.3556],[29.879,-1.3791],[29.8808,-1.3855],[29.8813,-1.4054],[29.8855,-1.4126],[29.8832,-1.4227],[29.8905,-1.4412],[29.8911,-1.4508],[29.8991,-1.4594],[29.9126,-1.4814],[29.9228,-1.4798],[29.9322,-1.4713],[29.9583,-1.4614],[29.9718,-1.4586],[29.9836,-1.4506],[29.993,-1.4469],[29.9979,-1.4368],[30.0086,-1.4292],[30.0138,-1.4167],[30.0217,-1.4134],[30.025,-1.4184],[30.0365,-1.4213],[30.0373,-1.4254],[30.0516,-1.4322],[30.0555,-1.4218],[30.0518,-1.4057],[30.0521,-1.4014],[30.0645,-1.3936],[30.0699,-1.392],[30.0712,-1.3808],[30.0805,-1.3741],[30.0889,-1.3764],[30.0986,-1.3766],[30.1033,-1.3725],[30.1126,-1.3772],[30.1188,-1.3853],[30.1238,-1.3833],[30.1254,-1.371],[30.129,-1.3636],[30.1369,-1.362],[30.1396,-1.3554],[30.145,-1.3507],[30.1524,-1.3515],[30.1698,-1.3452],[30.1624,-1.3349],[30.1646,-1.3277],[30.1619,-1.3177],[30.1677,-1.3057],[30.1733,-1.3004],[30.1694,-1.2745]]]},"properties":{"name":"Kabale","code":"UG4109","region":"KIGEZI"}},{"type":"Feature","geometry":{"type":"Polygon","coordinates":[[[30.5613,0.9405],[30.5512,0.9561],[30.5512,0.9608],[30.5442,0.9648],[30.5435,0.9759],[30.5359,0.968],[30.5298,0.9658],[30.5192,0.9544],[30.4955,0.9369],[30.4809,0.9199],[30.4757,0.9201],[30.4592,0.9137],[30.4434,0.9135],[30.4399,0.9106],[30.4246,0.9084],[30.4025,0.8995],[30.3989,0.8959],[30.3813,0.8902],[30.3749,0.8907],[30.367,0.8849],[30.3629,0.8772],[30.3476,0.8983],[30.3463,0.8878],[30.3431,0.8807],[30.3413,0.8673],[30.3443,0.8595],[30.3392,0.8542],[30.3415,0.8488],[30.3418,0.8383],[30.3344,0.8345],[30.3357,0.8296],[30.3238,0.8228],[30.3158,0.8202],[30.3104,0.814],[30.3062,0.8145],[30.2954,0.8083],[30.2961,0.7988],[30.2934,0.7926],[30.2995,0.7853],[30.3018,0.779],[30.2959,0.7735],[30.2698,0.7611],[30.258,0.7463],[30.2481,0.7366],[30.2439,0.7413],[30.2419,0.749],[30.2256,0.7501],[30.2185,0.7528],[30.2053,0.7424],[30.1944,0.7309],[30.1894,0.7174],[30.1799,0.7226],[30.1719,0.7314],[30.1644,0.7326],[30.16,0.728],[30.1604,0.7218],[30.1546,0.7151],[30.1534,0.7028],[30.1501,0.6949],[30.1382,0.6756],[30.1327,0.673],[30.1312,0.6669],[30.1258,0.6593],[30.128,0.6488],[30.1267,0.6419],[30.1196,0.6236],[30.1275,0.6192],[30.1351,0.6177],[30.1598,0.6065],[30.1753,0.6027],[30.1777,0.5953],[30.1931,0.587],[30.2114,0.5929],[30.2169,0.5903],[30.2296,0.5903],[30.2428,0.5977],[30.2542,0.596],[30.2635,0.5912],[30.2772,0.5807],[30.2851,0.5828],[30.2925,0.5711],[30.2895,0.5656],[30.2768,0.5616],[30.2708,0.5562],[30.2654,0.5387],[30.2562,0.5368],[30.2484,0.5321],[30.2546,0.5264],[30.2602,0.5154],[30.2656,0.5117],[30.2688,0.505],[30.2739,0.4841],[30.2719,0.4771],[30.2658,0.472],[30.2598,0.4715],[30.2571,0.4628],[30.2567,0.4429],[30.2599,0.433],[30.2553,0.427],[30.2545,0.4112],[30.2665,0.4075],[30.2833,0.4098],[30.2866,0.4057],[30.2931,0.4047],[30.2946,0.3919],[30.2909,0.3827],[30.2847,0.3831],[30.2856,0.3737],[30.2798,0.3622],[30.2728,0.3569],[30.2776,0.3522],[30.2829,0.3395],[30.2845,0.3319],[30.2826,0.3258],[30.2935,0.3108],[30.2926,0.2993],[30.2976,0.2852],[30.2944,0.2808],[30.2943,0.2666],[30.3052,0.2683],[30.3085,0.273],[30.3166,0.2756],[30.3241,0.2741],[30.3356,0.2752],[30.3414,0.2807],[30.3493,0.2762],[30.366,0.2814],[30.3731,0.2808],[30.3854,0.2762],[30.3888,0.2807],[30.3884,0.2899],[30.385,0.2975],[30.3692,0.3064],[30.3778,0.3208],[30.3784,0.3343],[30.3834,0.335],[30.3845,0.3443],[30.3779,0.3562],[30.3927,0.3714],[30.3852,0.3922],[30.3794,0.3956],[30.3762,0.4027],[30.3709,0.4005],[30.3658,0.4048],[30.3665,0.41],[30.3615,0.4133],[30.3584,0.4196],[30.3671,0.4304],[30.3678,0.4353],[30.3787,0.4463],[30.3783,0.4672],[30.3703,0.4796],[30.3698,0.4885],[30.374,0.4977],[30.3847,0.501],[30.3926,0.5055],[30.3953,0.5129],[30.4103,0.5213],[30.4174,0.5296],[30.4173,0.5342],[30.4262,0.5366],[30.4284,0.5499],[30.442,0.5589],[30.4541,0.5649],[30.4535,0.5696],[30.4643,0.5725],[30.4649,0.5754],[30.4563,0.5816],[30.448,0.5828],[30.4472,0.5947],[30.4447,0.6046],[30.4317,0.6011],[30.4196,0.6103],[30.4134,0.6119],[30.4149,0.6203],[30.4126,0.6263],[30.4046,0.6289],[30.4014,0.6378],[30.3973,0.6393],[30.3968,0.6517],[30.4084,0.6601],[30.4119,0.6703],[30.4204,0.6742],[30.4281,0.6911],[30.4352,0.7151],[30.435,0.7231],[30.4312,0.7281],[30.4331,0.7348],[30.4294,0.7444],[30.4297,0.7509],[30.425,0.7571],[30.4261,0.766],[30.431,0.7642],[30.4449,0.7667],[30.457,0.7768],[30.4692,0.7946],[30.4735,0.8043],[30.4772,0.8063],[30.483,0.8198],[30.4926,0.8371],[30.4921,0.8405],[30.4795,0.8439],[30.4851,0.8648],[30.4925,0.8754],[30.4947,0.8819],[30.5029,0.8943],[30.5053,0.9004],[30.5111,0.8994],[30.5226,0.9169],[30.5305,0.927],[30.5378,0.9283],[30.5461,0.9265],[30.5613,0.9405]]]},"properties":{"name":"Kabarole","code":"UG4110","region":"TORO"}},{"type":"Feature","geometry":{"type":"Polygon","coordinates":[[[33.205,1.6057],[33.241,1.6866],[33.2464,1.6946],[33.2584,1.7046],[33.2619,1.7112],[33.2651,1.7236],[33.2773,1.727],[33.2859,1.7324],[33.2946,1.7449],[33.2946,1.7511],[33.2906,1.7659],[33.2907,1.7708],[33.2962,1.7858],[33.3028,1.7936],[33.3117,1.7935],[33.3028,1.8109],[33.2942,1.8153],[33.289,1.8209],[33.2716,1.8324],[33.2655,1.8387],[33.2647,1.845],[33.2573,1.8551],[33.2501,1.8563],[33.2407,1.8627],[33.2385,1.8746],[33.2382,1.8904],[33.2357,1.8996],[33.2292,1.9014],[33.2206,1.9099],[33.2087,1.9109],[33.2004,1.9078],[33.1805,1.8906],[33.1652,1.874],[33.1562,1.8745],[33.1478,1.8719],[33.1418,1.857],[33.1324,1.8538],[33.1179,1.8579],[33.1118,1.8489],[33.1137,1.8393],[33.112,1.8306],[33.1148,1.8213],[33.1049,1.8022],[33.1014,1.7893],[33.104,1.7773],[33.0949,1.7665],[33.0885,1.7533],[33.0839,1.7481],[33.0865,1.7392],[33.0838,1.7319],[33.0729,1.723],[33.0488,1.7088],[33.0267,1.7062],[33.016,1.7076],[33.0083,1.7119],[32.9999,1.7123],[32.9941,1.6884],[32.9965,1.6716],[32.9451,1.6421],[32.9533,1.6304],[32.9628,1.6229],[32.9671,1.6098],[32.9673,1.5824],[32.9745,1.5575],[32.9737,1.4772],[33.0155,1.4609],[33.0245,1.4933],[33.031,1.506],[33.0467,1.5234],[33.0624,1.5355],[33.1097,1.5641],[33.1518,1.5863],[33.1713,1.5943],[33.205,1.6057]]]},"properties":{"name":"Kaberamaido","code":"UG2041","region":"TESO"}},{"type":"Feature","geometry":{"type":"Polygon","coordinates":[[[31.0843,1.1416],[31.0763,1.1513],[31.0604,1.1609],[31.0561,1.1592],[31.0509,1.1519],[31.0475,1.1417],[31.0387,1.1363],[31.014,1.1371],[31.0027,1.1349],[30.9997,1.1285],[30.9856,1.1325],[30.9726,1.1286],[30.9703,1.1332],[30.9508,1.1249],[30.9331,1.1221],[30.9236,1.1231],[30.9219,1.1182],[30.9078,1.1224],[30.8977,1.1313],[30.8991,1.1351],[30.8906,1.1455],[30.8812,1.1421],[30.8727,1.1492],[30.859,1.1458],[30.8484,1.1334],[30.8317,1.122],[30.8185,1.1073],[30.8136,1.106],[30.8076,1.1113],[30.8072,1.1167],[30.8025,1.1203],[30.795,1.121],[30.7869,1.1173],[30.7723,1.0933],[30.7671,1.0908],[30.7648,1.08],[30.7605,1.0737],[30.7543,1.0711],[30.7449,1.0727],[30.7379,1.0804],[30.7237,1.0869],[30.716,1.0939],[30.7068,1.1054],[30.7016,1.108],[30.6776,1.1083],[30.6624,1.1202],[30.6443,1.1317],[30.6162,1.151],[30.6001,1.1636],[30.5625,1.1945],[30.5505,1.2064],[30.5506,1.1055],[30.551,1.037],[30.5444,1.0258],[30.5383,1.0092],[30.5391,0.9963],[30.5424,0.9921],[30.5528,0.9861],[30.5477,0.9828],[30.5435,0.9759],[30.5442,0.9648],[30.5512,0.9608],[30.5512,0.9561],[30.5613,0.9405],[30.563,0.9306],[30.5729,0.9237],[30.5737,0.9194],[30.586,0.9134],[30.6038,0.9067],[30.6165,0.9063],[30.6242,0.8958],[30.6306,0.8923],[30.6369,0.8951],[30.6438,0.8933],[30.6502,0.8863],[30.6519,0.8932],[30.6646,0.8906],[30.6713,0.8845],[30.6797,0.8833],[30.6893,0.8851],[30.715,0.8819],[30.7218,0.8798],[30.7348,0.8717],[30.7391,0.8615],[30.7458,0.8577],[30.7505,0.8606],[30.7617,0.8585],[30.7618,0.8511],[30.7732,0.844],[30.7799,0.8458],[30.7875,0.8343],[30.796,0.8372],[30.8061,0.8366],[30.8233,0.84],[30.8289,0.8393],[30.8366,0.8418],[30.8406,0.837],[30.8524,0.842],[30.8587,0.8392],[30.8697,0.8439],[30.8707,0.8522],[30.8784,0.8558],[30.8859,0.8623],[30.8797,0.8663],[30.8913,0.8858],[30.8859,0.8911],[30.8885,0.8946],[30.9074,0.9055],[30.9283,0.9094],[30.9301,0.9187],[30.9354,0.9297],[30.953,0.9505],[30.958,0.9607],[30.9615,0.9594],[30.9781,0.936],[30.9837,0.9376],[30.9844,0.9466],[30.9921,0.9524],[31.0236,0.97],[31.0273,0.9656],[31.0345,0.9676],[31.0355,0.9746],[31.0455,0.9749],[31.0543,0.9784],[31.0607,0.9877],[31.0677,0.9902],[31.0747,0.9995],[31.0825,1.0038],[31.0924,1.0007],[31.1115,1.0026],[31.1199,1.0103],[31.1214,1.0136],[31.1225,1.0296],[31.1319,1.0449],[31.1247,1.0535],[31.1197,1.0627],[31.1206,1.0749],[31.1139,1.0899],[31.1141,1.102],[31.1088,1.1055],[31.1067,1.1249],[31.1099,1.1297],[31.1033,1.1424],[31.0874,1.1339],[31.0843,1.1416]]]},"properties":{"name":"Kagadi","code":"UG4111","region":"BUNYORO"}},{"type":"Feature","geometry":{"type":"Polygon","coordinates":[[[31.2924,1.2082],[31.2857,1.2009],[31.2757,1.1975],[31.268,1.1985],[31.2584,1.2028],[31.2443,1.2144],[31.237,1.218],[31.2215,1.218],[31.2146,1.2127],[31.2097,1.2004],[31.2033,1.1925],[31.187,1.1823],[31.1746,1.1811],[31.1626,1.1882],[31.1528,1.1908],[31.1312,1.192],[31.1272,1.1873],[31.117,1.181],[31.1199,1.173],[31.1155,1.1679],[31.1073,1.1679],[31.1064,1.1574],[31.0983,1.1504],[31.0909,1.1502],[31.0843,1.1416],[31.0874,1.1339],[31.1033,1.1424],[31.1099,1.1297],[31.1067,1.1249],[31.1088,1.1055],[31.1141,1.102],[31.1139,1.0899],[31.1206,1.0749],[31.1197,1.0627],[31.1247,1.0535],[31.1319,1.0449],[31.1225,1.0296],[31.1214,1.0136],[31.1199,1.0103],[31.1242,0.9974],[31.1222,0.9891],[31.1232,0.9727],[31.1213,0.9658],[31.1227,0.9584],[31.1182,0.9525],[31.1238,0.9407],[31.1301,0.9379],[31.1334,0.9251],[31.1472,0.9139],[31.1518,0.9135],[31.1601,0.9081],[31.1631,0.9018],[31.1628,0.895],[31.1725,0.8763],[31.181,0.8756],[31.1834,0.869],[31.1943,0.8542],[31.1906,0.8496],[31.1925,0.8417],[31.1963,0.8411],[31.2024,0.828],[31.2054,0.8275],[31.2124,0.8139],[31.2156,0.7997],[31.2188,0.7956],[31.2293,0.7748],[31.238,0.7705],[31.2453,0.7619],[31.2552,0.7619],[31.2675,0.7511],[31.2788,0.7438],[31.2886,0.7398],[31.3176,0.7289],[31.33,0.7233],[31.3511,0.7114],[31.3545,0.7114],[31.3748,0.7034],[31.3828,0.7074],[31.3892,0.7271],[31.3955,0.737],[31.4022,0.7441],[31.4087,0.7451],[31.4091,0.7554],[31.4075,0.7664],[31.4044,0.8013],[31.4094,0.808],[31.4215,0.8112],[31.4292,0.8185],[31.4348,0.8169],[31.445,0.8254],[31.4376,0.837],[31.4374,0.8496],[31.4401,0.8568],[31.4494,0.865],[31.4494,0.8783],[31.4543,0.8925],[31.452,0.8989],[31.4357,0.9161],[31.4349,0.9288],[31.4303,0.9384],[31.4329,0.9496],[31.4437,0.9531],[31.4458,0.9558],[31.4552,0.9572],[31.46,0.9623],[31.4693,0.9677],[31.4759,0.9685],[31.4869,0.9751],[31.4879,0.9808],[31.4985,0.9829],[31.5099,0.9886],[31.5117,0.9945],[31.5181,0.997],[31.5257,1.0094],[31.5286,1.0197],[31.525,1.0323],[31.5159,1.0393],[31.5133,1.047],[31.4998,1.0541],[31.4859,1.0578],[31.4756,1.0728],[31.4672,1.0741],[31.4597,1.0838],[31.4508,1.1013],[31.4392,1.1087],[31.431,1.1197],[31.4262,1.1227],[31.4263,1.1288],[31.4227,1.1366],[31.4226,1.1479],[31.4201,1.1547],[31.4115,1.161],[31.3921,1.1624],[31.3832,1.1565],[31.3674,1.1629],[31.3607,1.169],[31.354,1.1708],[31.3457,1.1785],[31.342,1.1861],[31.3331,1.1927],[31.3203,1.1977],[31.3019,1.1981],[31.2924,1.2082]]]},"properties":{"name":"Kakumiro","code":"UG4112","region":"BUNYORO"}},{"type":"Feature","geometry":{"type":"Polygon","coordinates":[[[33.364,2.0279],[33.3505,2.03],[33.3396,2.0386],[33.3363,2.0441],[33.3244,2.0526],[33.3145,2.0534],[33.3115,2.0491],[33.2992,2.0452],[33.2905,2.0394],[33.2849,2.0309],[33.2819,2.0194],[33.2839,2.0106],[33.2809,2.0017],[33.2744,1.9899],[33.275,1.9747],[33.2707,1.9662],[33.2706,1.9571],[33.25,1.9526],[33.2516,1.9413],[33.2448,1.9338],[33.2426,1.9247],[33.2392,1.922],[33.2272,1.9196],[33.2206,1.9099],[33.2292,1.9014],[33.2357,1.8996],[33.2382,1.8904],[33.2385,1.8746],[33.2407,1.8627],[33.2501,1.8563],[33.2573,1.8551],[33.2647,1.845],[33.2655,1.8387],[33.2716,1.8324],[33.289,1.8209],[33.2942,1.8153],[33.3028,1.8109],[33.3117,1.7935],[33.3028,1.7936],[33.2962,1.7858],[33.2907,1.7708],[33.2906,1.7659],[33.2946,1.7511],[33.2946,1.7449],[33.2859,1.7324],[33.2773,1.727],[33.2651,1.7236],[33.2619,1.7112],[33.2584,1.7046],[33.2464,1.6946],[33.241,1.6866],[33.205,1.6057],[33.2265,1.6133],[33.2508,1.6254],[33.2749,1.6334],[33.2839,1.6386],[33.3174,1.6471],[33.339,1.6555],[33.3668,1.6633],[33.3903,1.6727],[33.4032,1.6884],[33.41,1.7043],[33.4134,1.7174],[33.4171,1.7446],[33.4171,1.7583],[33.427,1.7729],[33.4292,1.7882],[33.4278,1.7927],[33.4348,1.8006],[33.4343,1.8095],[33.4289,1.8193],[33.4306,1.8255],[33.4355,1.8283],[33.4365,1.8349],[33.4409,1.8417],[33.4476,1.8457],[33.4524,1.8584],[33.4509,1.8679],[33.4527,1.8797],[33.4474,1.8815],[33.4395,1.8968],[33.4363,1.9036],[33.4298,1.909],[33.415,1.9304],[33.413,1.9481],[33.408,1.9627],[33.4071,1.9801],[33.3977,1.986],[33.3884,1.9877],[33.3816,1.9932],[33.3778,2.0038],[33.3692,2.0202],[33.364,2.0279]]]},"properties":{"name":"Kalaki","code":"UG2042","region":"TESO"}},{"type":"Feature","geometry":{"type":"Polygon","coordinates":[[[32.8762,-0.1497],[32.8439,-0.1525],[32.7533,-0.1518],[32.5979,-0.1522],[32.501,-0.1525],[32.4458,-0.1524],[32.3384,-0.1526],[32.2501,-0.1529],[32.1748,-0.1528],[32.0046,-0.1529],[32.0004,-0.1537],[32.0003,-0.2191],[32.0532,-0.2752],[32.0591,-0.2884],[32.0611,-0.3005],[32.0603,-0.3188],[32.0574,-0.3298],[32.0445,-0.3472],[32.0007,-0.3854],[32.0005,-0.464],[32.0005,-0.6142],[32.0004,-0.7434],[32.0005,-0.8187],[31.9999,-0.9999],[32.2018,-1],[32.4019,-1],[32.5193,-1],[32.6817,-1.0001],[32.751,-1.0001],[32.8751,-0.9994],[32.8756,-0.6158],[32.8758,-0.4816],[32.8761,-0.2802],[32.8762,-0.1497]]]},"properties":{"name":"Kalangala","code":"UG1006","region":"BUGANDA"}},{"type":"Feature","geometry":{"type":"Polygon","coordinates":[[[33.6263,1.1043],[33.6223,1.1123],[33.6156,1.1192],[33.6065,1.1236],[33.603,1.1302],[33.5988,1.1485],[33.5915,1.1629],[33.5773,1.1722],[33.5673,1.1728],[33.5604,1.1767],[33.5518,1.188],[33.541,1.1923],[33.5371,1.1995],[33.5273,1.1998],[33.52,1.2043],[33.5079,1.2203],[33.5015,1.2333],[33.4925,1.2479],[33.4706,1.2711],[33.4557,1.285],[33.4401,1.292],[33.4324,1.2472],[33.4283,1.2399],[33.4162,1.2316],[33.4041,1.2135],[33.3986,1.2033],[33.3985,1.1932],[33.3935,1.1791],[33.3871,1.172],[33.3801,1.16],[33.3751,1.1548],[33.3587,1.1279],[33.3587,1.1021],[33.3424,1.0869],[33.335,1.0773],[33.3549,1.0631],[33.3498,1.0559],[33.3526,1.0494],[33.3647,1.0442],[33.371,1.0315],[33.3788,1.0306],[33.3861,1.0264],[33.3835,0.9996],[33.396,1.004],[33.4173,0.9991],[33.4159,0.9889],[33.4092,0.9732],[33.4097,0.9626],[33.4053,0.9565],[33.4046,0.9486],[33.4079,0.9362],[33.4036,0.9232],[33.3968,0.9082],[33.4106,0.9025],[33.4209,0.9027],[33.4252,0.8944],[33.4255,0.888],[33.4346,0.8793],[33.4418,0.8828],[33.4562,0.8819],[33.4613,0.8842],[33.4746,0.8732],[33.4811,0.87],[33.4862,0.871],[33.4984,0.8679],[33.5141,0.8782],[33.5213,0.8798],[33.5301,0.886],[33.5416,0.8874],[33.5417,0.8938],[33.5498,0.9076],[33.559,0.9158],[33.567,0.9407],[33.5682,0.9632],[33.5718,0.9693],[33.5701,0.9781],[33.5834,1.0047],[33.5979,1.0199],[33.6054,1.0326],[33.6108,1.0517],[33.6204,1.0704],[33.6299,1.0828],[33.6366,1.0889],[33.6263,1.1043]]]},"properties":{"name":"Kaliro","code":"UG2043","region":"BUSOGA"}},{"type":"Feature","geometry":{"type":"Polygon","coordinates":[[[31.812,0.0431],[31.8074,0.0475],[31.7842,0.0616],[31.7506,0.0696],[31.7193,0.0703],[31.6937,0.0764],[31.674,0.0712],[31.663,0.0648],[31.6587,0.0595],[31.6464,0.0394],[31.6563,0.0365],[31.663,0.0317],[31.6666,0.0208],[31.6727,0.0105],[31.6873,-0.0008],[31.6889,-0.0095],[31.6946,-0.0155],[31.7012,-0.0367],[31.7018,-0.0474],[31.7051,-0.0676],[31.7023,-0.1007],[31.6963,-0.1209],[31.6923,-0.1413],[31.6925,-0.1466],[31.6977,-0.165],[31.7042,-0.1792],[31.7062,-0.2107],[31.7193,-0.2304],[31.7225,-0.2434],[31.721,-0.2548],[31.7243,-0.2563],[31.7344,-0.2704],[31.7398,-0.2756],[31.7631,-0.2765],[31.7758,-0.2731],[31.7817,-0.2741],[31.7869,-0.2592],[31.7909,-0.2534],[31.7924,-0.2457],[31.7854,-0.2419],[31.7892,-0.2325],[31.8055,-0.2429],[31.8085,-0.2361],[31.8137,-0.2364],[31.8175,-0.2416],[31.8262,-0.2469],[31.8345,-0.2465],[31.8472,-0.2625],[31.8552,-0.2576],[31.8679,-0.2578],[31.8771,-0.2527],[31.8768,-0.2454],[31.883,-0.2394],[31.8835,-0.226],[31.8962,-0.2212],[31.8969,-0.2187],[31.9175,-0.2158],[31.9306,-0.2054],[31.9379,-0.1947],[31.9488,-0.1845],[31.9581,-0.1729],[31.9664,-0.1662],[31.9877,-0.1569],[32.0004,-0.1537],[31.9476,-0.1304],[31.9315,-0.1051],[31.9179,-0.0893],[31.9021,-0.0395],[31.9147,-0.0184],[31.9081,-0.0167],[31.9008,-0.0183],[31.8835,-0.013],[31.877,-0.0056],[31.8715,0.0058],[31.8388,0.0203],[31.8278,0.0283],[31.812,0.0431]]]},"properties":{"name":"Kalungu","code":"UG1007","region":"BUGANDA"}},{"type":"Feature","geometry":{"type":"Polygon","coordinates":[[[32.6688,0.2746],[32.6628,0.2813],[32.6677,0.2909],[32.6634,0.297],[32.6646,0.3015],[32.6617,0.3095],[32.6656,0.313],[32.6654,0.3239],[32.656,0.3283],[32.646,0.3259],[32.6391,0.3318],[32.6396,0.3504],[32.6339,0.3689],[32.6343,0.3779],[32.6281,0.3762],[32.6193,0.3773],[32.6176,0.3877],[32.6107,0.385],[32.6051,0.3907],[32.6065,0.3994],[32.5989,0.4057],[32.5758,0.4004],[32.565,0.4025],[32.5637,0.3875],[32.5586,0.3851],[32.5551,0.3788],[32.5497,0.3759],[32.5544,0.3676],[32.5563,0.3566],[32.5535,0.3486],[32.5482,0.3491],[32.534,0.3436],[32.5253,0.3349],[32.523,0.3265],[32.5104,0.3073],[32.5129,0.3035],[32.5267,0.2972],[32.5308,0.2849],[32.5417,0.2713],[32.5651,0.2743],[32.5765,0.2793],[32.5866,0.2677],[32.6035,0.2566],[32.6105,0.2434],[32.6163,0.226],[32.6343,0.2143],[32.6395,0.2343],[32.6501,0.2529],[32.6688,0.2746]]]},"properties":{"name":"Kampala","code":"UG1008","region":"BUGANDA"}},{"type":"Feature","geometry":{"type":"Polygon","coordinates":[[[33.3068,0.9846],[33.2957,0.9874],[33.2821,0.9886],[33.2668,0.986],[33.2604,0.993],[33.2503,0.9959],[33.239,0.9942],[33.2336,0.9889],[33.2257,0.9868],[33.2017,1.0102],[33.1951,1.0143],[33.1916,1.0221],[33.1852,1.0273],[33.1805,1.038],[33.1694,1.0437],[33.1619,1.0413],[33.1518,1.0441],[33.1482,1.0504],[33.1422,1.0819],[33.1379,1.0905],[33.1326,1.1064],[33.1259,1.1599],[33.1233,1.1645],[33.1135,1.1683],[33.0936,1.1688],[33.0889,1.1734],[33.0862,1.1847],[33.0815,1.1926],[33.0741,1.197],[33.0592,1.1976],[33.0542,1.1992],[33.0459,1.2104],[33.0303,1.2236],[33.0133,1.2245],[32.9748,1.222],[32.9544,1.2192],[32.9472,1.2225],[32.9354,1.2226],[32.936,1.2167],[32.9422,1.2077],[32.9516,1.2069],[32.96,1.2024],[32.9663,1.1875],[32.9639,1.1745],[32.9678,1.1598],[32.9673,1.1506],[32.9612,1.1335],[32.9619,1.1236],[32.9602,1.115],[32.9416,1.0967],[32.9373,1.0815],[32.9435,1.0595],[32.9434,1.0547],[32.9344,1.0287],[32.9369,1.0167],[32.9438,1.0107],[32.9455,1.0047],[32.9456,0.9753],[32.9503,0.9642],[32.9481,0.9505],[32.9545,0.9393],[32.9632,0.9375],[32.9678,0.9179],[32.9754,0.911],[32.9844,0.8973],[32.9952,0.8839],[33.0046,0.8744],[33.005,0.8674],[33.0106,0.8581],[33.0108,0.8466],[33.0141,0.8424],[33.0299,0.8304],[33.0374,0.8013],[33.0382,0.7892],[33.0443,0.7804],[33.041,0.7729],[33.0485,0.7648],[33.0507,0.7435],[33.0533,0.7388],[33.0473,0.7313],[33.0526,0.7178],[33.0538,0.709],[33.0579,0.699],[33.0578,0.6821],[33.056,0.6716],[33.0492,0.6588],[33.0699,0.6546],[33.0767,0.6625],[33.0859,0.6662],[33.0864,0.6799],[33.098,0.6782],[33.1033,0.6757],[33.1107,0.6785],[33.1155,0.6749],[33.1315,0.6675],[33.1383,0.6718],[33.1339,0.6892],[33.1451,0.6877],[33.1528,0.6896],[33.1585,0.6949],[33.1689,0.6951],[33.1793,0.6928],[33.1902,0.6951],[33.1982,0.6925],[33.2017,0.686],[33.21,0.6819],[33.2232,0.6839],[33.2219,0.6932],[33.2216,0.7154],[33.2201,0.7296],[33.2266,0.7342],[33.2246,0.7384],[33.2358,0.7464],[33.2407,0.7554],[33.2505,0.7649],[33.2544,0.7902],[33.2622,0.7897],[33.2712,0.7929],[33.2788,0.8055],[33.2813,0.8182],[33.2812,0.8304],[33.284,0.8368],[33.2903,0.8432],[33.3049,0.8493],[33.297,0.8582],[33.2836,0.8627],[33.284,0.8689],[33.2911,0.8808],[33.2972,0.9057],[33.296,0.9126],[33.2976,0.9237],[33.3037,0.9331],[33.3014,0.9475],[33.3028,0.9672],[33.3068,0.9846]]]},"properties":{"name":"Kamuli","code":"UG2044","region":"BUSOGA"}},{"type":"Feature","geometry":{"type":"Polygon","coordinates":[[[30.8528,0.3971],[30.8524,0.4006],[30.8359,0.4036],[30.8279,0.4109],[30.8189,0.4251],[30.8112,0.425],[30.8099,0.43],[30.7959,0.4308],[30.7846,0.4432],[30.7757,0.4499],[30.7652,0.4553],[30.7629,0.4632],[30.7562,0.4712],[30.737,0.4729],[30.7269,0.4671],[30.7042,0.4645],[30.6958,0.4651],[30.6893,0.4583],[30.6902,0.4432],[30.6793,0.4325],[30.6733,0.431],[30.6674,0.4252],[30.6663,0.417],[30.6623,0.4076],[30.6507,0.3956],[30.6426,0.3926],[30.6358,0.3774],[30.6246,0.3713],[30.6186,0.3715],[30.6069,0.3646],[30.5949,0.3728],[30.59,0.3669],[30.5803,0.3618],[30.5636,0.3471],[30.5583,0.3453],[30.5579,0.3557],[30.5645,0.369],[30.5619,0.3744],[30.5478,0.3911],[30.5482,0.4005],[30.5432,0.4048],[30.5376,0.4003],[30.5283,0.4097],[30.5279,0.4201],[30.525,0.4261],[30.5298,0.4336],[30.5332,0.4333],[30.5406,0.4409],[30.5473,0.4506],[30.5477,0.4548],[30.5356,0.4762],[30.5223,0.4815],[30.5196,0.4866],[30.5114,0.4859],[30.497,0.5005],[30.4961,0.5038],[30.5029,0.5101],[30.5086,0.5347],[30.5072,0.5418],[30.4932,0.5564],[30.4881,0.556],[30.4844,0.5615],[30.4702,0.5722],[30.4643,0.5725],[30.4535,0.5696],[30.4541,0.5649],[30.442,0.5589],[30.4284,0.5499],[30.4262,0.5366],[30.4173,0.5342],[30.4174,0.5296],[30.4103,0.5213],[30.3953,0.5129],[30.3926,0.5055],[30.3847,0.501],[30.374,0.4977],[30.3698,0.4885],[30.3703,0.4796],[30.3783,0.4672],[30.3787,0.4463],[30.3678,0.4353],[30.3671,0.4304],[30.3584,0.4196],[30.3615,0.4133],[30.3665,0.41],[30.3658,0.4048],[30.3709,0.4005],[30.3762,0.4027],[30.3794,0.3956],[30.3852,0.3922],[30.3927,0.3714],[30.3779,0.3562],[30.3845,0.3443],[30.3834,0.335],[30.3784,0.3343],[30.3778,0.3208],[30.3692,0.3064],[30.385,0.2975],[30.3884,0.2899],[30.3888,0.2807],[30.3854,0.2762],[30.3731,0.2808],[30.366,0.2814],[30.3493,0.2762],[30.3414,0.2807],[30.3356,0.2752],[30.3241,0.2741],[30.3166,0.2756],[30.3085,0.273],[30.3052,0.2683],[30.2943,0.2666],[30.2883,0.2531],[30.289,0.2337],[30.2907,0.2252],[30.2861,0.2109],[30.2988,0.2029],[30.3006,0.1968],[30.3154,0.1933],[30.3192,0.1884],[30.3182,0.1833],[30.3221,0.1756],[30.3293,0.1689],[30.3394,0.1699],[30.3436,0.1613],[30.3488,0.1576],[30.3597,0.1556],[30.3826,0.1445],[30.3932,0.1464],[30.4022,0.1503],[30.4126,0.1436],[30.4162,0.1603],[30.4263,0.1618],[30.4332,0.1591],[30.4399,0.1619],[30.4523,0.1582],[30.4555,0.1519],[30.4697,0.1326],[30.4769,0.131],[30.4757,0.1228],[30.4796,0.1167],[30.4766,0.1081],[30.4721,0.1044],[30.4815,0.0951],[30.4877,0.099],[30.4948,0.0977],[30.5007,0.112],[30.5139,0.1227],[30.5211,0.1196],[30.5287,0.1228],[30.5371,0.1312],[30.5423,0.1328],[30.5499,0.1467],[30.5622,0.1487],[30.5781,0.1588],[30.5858,0.1582],[30.5992,0.1615],[30.6049,0.1652],[30.6071,0.1682],[30.6164,0.1687],[30.6206,0.1646],[30.6257,0.1657],[30.6326,0.174],[30.6414,0.179],[30.6439,0.1932],[30.6567,0.1959],[30.664,0.2023],[30.665,0.2082],[30.6847,0.2085],[30.6974,0.2022],[30.7066,0.2022],[30.7124,0.2059],[30.7228,0.1973],[30.7298,0.1957],[30.7452,0.1995],[30.754,0.1947],[30.7616,0.1937],[30.7685,0.2028],[30.7731,0.2108],[30.7712,0.2135],[30.7728,0.2255],[30.787,0.2365],[30.7899,0.254],[30.7976,0.2622],[30.8058,0.2822],[30.8114,0.2847],[30.8111,0.2901],[30.8205,0.2999],[30.8235,0.3125],[30.8221,0.3182],[30.8338,0.3314],[30.8437,0.3333],[30.8504,0.3376],[30.8545,0.3628],[30.8597,0.3709],[30.8584,0.3795],[30.8548,0.3859],[30.8528,0.3971]]]},"properties":{"name":"Kamwenge","code":"UG4113","region":"TORO"}},{"type":"Feature","geometry":{"type":"Polygon","coordinates":[[[29.9002,-1.0414],[29.8913,-1.023],[29.8853,-1.0191],[29.8899,-1.0129],[29.8896,-1.0074],[29.8831,-0.9994],[29.8703,-0.9906],[29.8633,-0.9784],[29.8559,-0.9691],[29.8589,-0.9639],[29.8553,-0.9502],[29.8515,-0.9432],[29.851,-0.9358],[29.8545,-0.9239],[29.8547,-0.9136],[29.8713,-0.9056],[29.8808,-0.8977],[29.8817,-0.888],[29.8775,-0.8813],[29.8695,-0.8739],[29.8603,-0.8615],[29.8571,-0.8537],[29.8446,-0.8455],[29.8413,-0.8216],[29.8371,-0.8142],[29.8263,-0.8099],[29.8269,-0.8045],[29.8213,-0.7909],[29.8239,-0.756],[29.8189,-0.7453],[29.8091,-0.7395],[29.8025,-0.7219],[29.8018,-0.7017],[29.8049,-0.6963],[29.8042,-0.688],[29.7968,-0.6803],[29.7942,-0.6724],[29.7889,-0.6716],[29.7826,-0.6593],[29.7787,-0.6574],[29.7819,-0.6487],[29.7871,-0.6428],[29.7982,-0.6339],[29.7894,-0.6169],[29.785,-0.6209],[29.7747,-0.6201],[29.7677,-0.6296],[29.75,-0.6201],[29.7459,-0.621],[29.7373,-0.6083],[29.7404,-0.6025],[29.7353,-0.5991],[29.7341,-0.592],[29.7246,-0.5812],[29.7218,-0.5724],[29.7187,-0.5513],[29.7253,-0.5451],[29.7262,-0.5394],[29.7212,-0.5267],[29.7213,-0.5131],[29.7277,-0.5043],[29.7307,-0.5044],[29.7354,-0.496],[29.7397,-0.4928],[29.7455,-0.495],[29.7502,-0.4877],[29.7502,-0.4717],[29.7391,-0.465],[29.7357,-0.4528],[29.732,-0.4503],[29.7238,-0.4376],[29.682,-0.3491],[29.6758,-0.3367],[29.6623,-0.4115],[29.6598,-0.419],[29.6514,-0.4636],[29.6628,-0.4726],[29.6659,-0.4714],[29.6739,-0.4857],[29.6753,-0.493],[29.6689,-0.501],[29.672,-0.5052],[29.6713,-0.5172],[29.6739,-0.5221],[29.671,-0.5274],[29.6732,-0.5379],[29.6673,-0.5434],[29.67,-0.552],[29.678,-0.5566],[29.683,-0.5658],[29.6738,-0.5786],[29.6689,-0.5913],[29.6595,-0.5963],[29.6493,-0.5983],[29.6561,-0.6115],[29.6574,-0.6192],[29.6628,-0.6243],[29.6599,-0.6301],[29.6511,-0.6411],[29.6489,-0.6487],[29.6514,-0.6558],[29.646,-0.6614],[29.6408,-0.6724],[29.6356,-0.6755],[29.6349,-0.6921],[29.6328,-0.6994],[29.6259,-0.7048],[29.6268,-0.7127],[29.6246,-0.724],[29.6296,-0.729],[29.628,-0.7364],[29.6313,-0.7417],[29.6284,-0.752],[29.6309,-0.7721],[29.6264,-0.794],[29.6321,-0.7966],[29.6312,-0.8076],[29.6398,-0.8216],[29.6388,-0.8337],[29.6299,-0.8473],[29.626,-0.8612],[29.6298,-0.8798],[29.6297,-0.8857],[29.6368,-0.9002],[29.5881,-0.9],[29.5824,-0.9026],[29.5821,-0.919],[29.5902,-0.9247],[29.5927,-0.9322],[29.5865,-0.9406],[29.5893,-0.9454],[29.5925,-0.9589],[29.594,-0.976],[29.6003,-0.979],[29.5978,-0.9869],[29.5907,-0.9811],[29.5838,-1.0073],[29.5914,-1.0122],[29.5966,-1.0198],[29.5985,-1.0296],[29.608,-1.0258],[29.6155,-1.0278],[29.6203,-1.0336],[29.6332,-1.0375],[29.6618,-1.0565],[29.6699,-1.056],[29.6729,-1.0591],[29.6808,-1.0551],[29.6832,-1.0595],[29.6899,-1.0574],[29.6968,-1.061],[29.7009,-1.0582],[29.7109,-1.0586],[29.7135,-1.0641],[29.7219,-1.0712],[29.7352,-1.0714],[29.7459,-1.0783],[29.7516,-1.0781],[29.7585,-1.0653],[29.7657,-1.063],[29.7556,-1.0498],[29.7549,-1.0303],[29.7498,-1.0213],[29.7378,-1.0102],[29.7405,-1.0039],[29.7483,-1.0021],[29.7665,-0.9884],[29.7845,-1.0093],[29.7922,-1.0134],[29.8043,-1.0256],[29.8061,-1.0302],[29.8213,-1.0273],[29.8341,-1.035],[29.8398,-1.0451],[29.8483,-1.0503],[29.8501,-1.0542],[29.8595,-1.0632],[29.8654,-1.065],[29.8693,-1.0702],[29.8812,-1.0617],[29.8878,-1.0501],[29.9,-1.0465],[29.9002,-1.0414]]]},"properties":{"name":"Kanungu","code":"UG4114","region":"ANKOLE"}},{"type":"Feature","geometry":{"type":"Polygon","coordinates":[[[34.4476,1.4765],[34.4442,1.4718],[34.4465,1.4617],[34.4365,1.4607],[34.4302,1.4647],[34.4266,1.4589],[34.4314,1.4438],[34.409,1.4497],[34.4048,1.448],[34.3973,1.4349],[34.393,1.4445],[34.387,1.4469],[34.3826,1.4424],[34.3743,1.4391],[34.371,1.4323],[34.3602,1.4241],[34.3624,1.4125],[34.3519,1.4087],[34.3503,1.4018],[34.3535,1.3965],[34.3503,1.3929],[34.3407,1.3944],[34.333,1.3878],[34.3254,1.3882],[34.3234,1.3774],[34.3123,1.3611],[34.3059,1.3462],[34.3061,1.3382],[34.3133,1.3222],[34.3195,1.3118],[34.3254,1.3116],[34.3296,1.3064],[34.34,1.3025],[34.351,1.3024],[34.3747,1.2952],[34.3882,1.2969],[34.3989,1.2947],[34.4044,1.2874],[34.4242,1.2782],[34.4341,1.2711],[34.4389,1.2649],[34.4521,1.2573],[34.4538,1.2533],[34.4668,1.2485],[34.4747,1.2488],[34.4869,1.2403],[34.4984,1.2358],[34.5085,1.2235],[34.5138,1.2193],[34.5275,1.1983],[34.5365,1.18],[34.5391,1.1848],[34.5388,1.1971],[34.5362,1.2051],[34.5365,1.2172],[34.5343,1.2226],[34.5427,1.2384],[34.5394,1.2506],[34.5405,1.2538],[34.5343,1.275],[34.5338,1.2836],[34.5288,1.2878],[34.5229,1.2972],[34.522,1.3051],[34.5177,1.3085],[34.5107,1.3259],[34.5037,1.3279],[34.4898,1.3382],[34.4819,1.3513],[34.4811,1.3585],[34.4844,1.3725],[34.4835,1.3819],[34.477,1.3985],[34.4799,1.4019],[34.4867,1.4179],[34.4858,1.4301],[34.4783,1.4392],[34.4803,1.4549],[34.4708,1.4582],[34.4689,1.4652],[34.4638,1.4726],[34.4593,1.4747],[34.4489,1.473],[34.4476,1.4765]]]},"properties":{"name":"Kapchorwa","code":"UG2045","region":"ELGON"}},{"type":"Feature","geometry":{"type":"Polygon","coordinates":[[[33.8494,2.3438],[33.8482,2.3438],[33.7535,2.403],[33.7484,2.4104],[33.736,2.4175],[33.7228,2.4053],[33.7166,2.4041],[33.7067,2.3945],[33.7067,2.3894],[33.6961,2.3862],[33.688,2.3747],[33.6757,2.3674],[33.6739,2.3578],[33.659,2.3538],[33.6549,2.3564],[33.6467,2.3555],[33.6374,2.3574],[33.6282,2.3546],[33.6234,2.346],[33.6239,2.3418],[33.6122,2.3337],[33.6083,2.336],[33.6017,2.3316],[33.5839,2.327],[33.5806,2.3336],[33.5685,2.3347],[33.5609,2.3534],[33.5536,2.3556],[33.5454,2.355],[33.5375,2.3572],[33.535,2.352],[33.5375,2.3505],[33.5462,2.3292],[33.5439,2.318],[33.5462,2.3122],[33.5491,2.2865],[33.5463,2.2806],[33.5354,2.2668],[33.5087,2.2513],[33.499,2.2417],[33.4912,2.231],[33.4876,2.2325],[33.4895,2.2293],[33.5039,2.2293],[33.5117,2.2232],[33.5194,2.2129],[33.5273,2.2097],[33.5381,2.2025],[33.5407,2.1987],[33.5518,2.1968],[33.5623,2.189],[33.5675,2.1825],[33.5658,2.1769],[33.5668,2.1673],[33.5728,2.1638],[33.5809,2.1556],[33.5855,2.1547],[33.5954,2.1449],[33.6104,2.1357],[33.6236,2.1586],[33.6288,2.1708],[33.6393,2.1809],[33.6344,2.1875],[33.6364,2.2021],[33.6462,2.2146],[33.6613,2.2206],[33.6729,2.1998],[33.6758,2.1756],[33.6878,2.1646],[33.6879,2.1608],[33.6941,2.1517],[33.699,2.1481],[33.7063,2.1367],[33.7073,2.1185],[33.7122,2.105],[33.7226,2.096],[33.7336,2.0966],[33.7442,2.0933],[33.7482,2.0821],[33.748,2.0709],[33.75,2.0617],[33.7471,2.0567],[33.7348,2.0565],[33.7407,2.0465],[33.7437,2.0355],[33.7424,2.0293],[33.7381,2.0248],[33.7314,2.0053],[33.7463,1.9912],[33.7522,1.9885],[33.7558,1.9806],[33.7622,1.9844],[33.7677,1.9829],[33.7786,1.9844],[33.78,2.0032],[33.785,2.0145],[33.7955,2.0149],[33.8093,2.0221],[33.8292,2.0166],[33.8387,2.0082],[33.8415,1.9968],[33.8506,1.9837],[33.8589,1.9788],[33.881,1.9781],[33.887,1.9752],[33.8943,1.9766],[33.8955,1.9793],[33.889,1.9967],[33.8829,2.0073],[33.8833,2.0152],[33.8969,2.0193],[33.8956,2.0277],[33.8977,2.0347],[33.9049,2.0472],[33.9073,2.0549],[33.903,2.058],[33.8942,2.058],[33.8943,2.0647],[33.8858,2.0681],[33.8828,2.0747],[33.8895,2.0818],[33.8936,2.0948],[33.8986,2.0929],[33.9016,2.0993],[33.9098,2.0999],[33.9107,2.1039],[33.9015,2.1109],[33.9173,2.1198],[33.9113,2.1249],[33.9084,2.1342],[33.9026,2.1352],[33.8995,2.1405],[33.9011,2.1548],[33.8946,2.1609],[33.8988,2.17],[33.8941,2.1778],[33.8923,2.1866],[33.8824,2.1899],[33.8836,2.1944],[33.8803,2.2017],[33.8852,2.2083],[33.8794,2.2278],[33.883,2.2354],[33.8764,2.2476],[33.8817,2.2518],[33.8904,2.2657],[33.8901,2.2734],[33.8969,2.2745],[33.9047,2.2823],[33.9037,2.2919],[33.911,2.3029],[33.9088,2.3058],[33.8909,2.3175],[33.8497,2.3429],[33.8494,2.3438]]]},"properties":{"name":"Kapelebyong","code":"UG2046","region":"TESO"}},{"type":"Feature","geometry":{"type":"Polygon","coordinates":[[[33.8235,3.3128],[33.8233,3.3215],[33.8171,3.3268],[33.8142,3.3353],[33.8179,3.3465],[33.8121,3.3631],[33.8016,3.3731],[33.804,3.3888],[33.801,3.3947],[33.8022,3.4007],[33.7994,3.4078],[33.8053,3.4206],[33.8071,3.4285],[33.8063,3.4404],[33.8031,3.449],[33.8052,3.4531],[33.8038,3.4634],[33.7981,3.472],[33.8006,3.488],[33.7983,3.4936],[33.8021,3.4998],[33.8093,3.502],[33.8154,3.511],[33.8363,3.5065],[33.842,3.5068],[33.8528,3.513],[33.8657,3.5102],[33.8756,3.5142],[33.8783,3.5097],[33.8858,3.5055],[33.8981,3.5061],[33.9119,3.502],[33.9194,3.5097],[33.9366,3.5113],[33.9375,3.5147],[33.9484,3.5133],[33.9565,3.5191],[33.9748,3.5254],[33.9855,3.5411],[33.9914,3.557],[33.9886,3.5727],[33.9916,3.5768],[33.989,3.5902],[33.9836,3.5918],[33.9754,3.5864],[33.9604,3.5901],[33.9476,3.5913],[33.9414,3.5958],[33.9399,3.6043],[33.9253,3.613],[33.923,3.6166],[33.9255,3.6239],[33.93,3.6252],[33.9392,3.6327],[33.9443,3.6392],[33.9455,3.6453],[33.9666,3.6621],[33.9757,3.6643],[33.9806,3.6711],[33.9779,3.677],[33.9805,3.6897],[33.9934,3.6941],[34.0028,3.6997],[34.0056,3.7447],[34.0034,3.7611],[34.0052,3.7675],[34.0107,3.7747],[34.0128,3.7814],[34.0072,3.7874],[34.0088,3.7995],[34.0066,3.8129],[34.0085,3.8221],[34.0041,3.8425],[34.0059,3.855],[34.0092,3.8551],[33.8613,4.1033],[33.8498,4.0918],[33.6782,3.9177],[33.6341,3.8729],[33.5153,3.7522],[33.5107,3.752],[33.5192,3.736],[33.5359,3.7074],[33.6024,3.5912],[33.6322,3.5674],[33.6257,3.5384],[33.6225,3.532],[33.6306,3.521],[33.6387,3.5126],[33.6414,3.5024],[33.6467,3.4951],[33.644,3.4906],[33.6439,3.4813],[33.6526,3.4756],[33.6646,3.4776],[33.6705,3.4685],[33.6815,3.4581],[33.685,3.4515],[33.6993,3.4446],[33.7051,3.43],[33.7148,3.4202],[33.721,3.4181],[33.7213,3.407],[33.7301,3.3946],[33.7318,3.3879],[33.7394,3.383],[33.7424,3.3765],[33.7405,3.3615],[33.7514,3.3555],[33.8235,3.3128]]]},"properties":{"name":"Karenga","code":"UG3076","region":"KARAMOJA"}},{"type":"Feature","geometry":{"type":"Polygon","coordinates":[[[30.2829,0.3395],[30.2731,0.3361],[30.2669,0.3381],[30.2561,0.3369],[30.2426,0.341],[30.2359,0.3451],[30.2284,0.3538],[30.2243,0.3532],[30.217,0.3587],[30.2162,0.3675],[30.2112,0.373],[30.2016,0.3752],[30.1973,0.3797],[30.1792,0.3892],[30.1836,0.4015],[30.1827,0.4094],[30.1786,0.4143],[30.1758,0.4253],[30.1638,0.4334],[30.1549,0.4493],[30.1397,0.4574],[30.1374,0.4692],[30.1338,0.477],[30.1281,0.4818],[30.1171,0.4776],[30.1115,0.4803],[30.103,0.4736],[30.0972,0.4718],[30.0871,0.4749],[30.0823,0.4702],[30.0682,0.4732],[30.0655,0.466],[30.055,0.4644],[30.051,0.4597],[30.0452,0.4596],[30.0376,0.4541],[30.0356,0.4468],[30.029,0.4381],[30.0199,0.4326],[30.0089,0.431],[30.0011,0.4265],[29.9935,0.4305],[29.9899,0.4267],[29.9817,0.4256],[29.9741,0.4159],[29.953,0.4003],[29.9426,0.4066],[29.9357,0.4081],[29.9324,0.4154],[29.9275,0.4187],[29.9192,0.4194],[29.9157,0.4242],[29.9132,0.436],[29.8725,0.3852],[29.8473,0.2763],[29.8262,0.1823],[29.8199,0.1662],[29.8152,0.163],[29.8053,0.1641],[29.7892,0.1693],[29.7699,0.1639],[29.7705,0.1559],[29.7678,0.1488],[29.756,0.1396],[29.7499,0.1315],[29.7447,0.1312],[29.7396,0.1254],[29.734,0.1093],[29.7345,0.0948],[29.7332,0.085],[29.7278,0.0786],[29.7183,0.0757],[29.7179,0.0676],[29.7212,0.0628],[29.7181,0.0569],[29.7197,0.0411],[29.716,0.0354],[29.7209,0.0315],[29.7214,0.0213],[29.728,0.0172],[29.7237,0.0123],[29.7288,0.0071],[29.7252,-0.0019],[29.7325,-0.0116],[29.7323,-0.021],[29.7413,-0.0232],[29.7421,-0.0291],[29.7388,-0.0361],[29.7314,-0.0373],[29.7294,-0.0421],[29.7297,-0.0569],[29.7266,-0.0583],[29.7249,-0.0685],[29.7286,-0.0794],[29.6993,-0.2106],[29.78,-0.2101],[29.8858,-0.2092],[29.9041,-0.2006],[29.9072,-0.1957],[29.9036,-0.1873],[29.9082,-0.1821],[29.9174,-0.1827],[29.9271,-0.1768],[29.9407,-0.184],[29.9545,-0.1884],[29.9601,-0.1854],[29.9637,-0.1732],[29.9674,-0.1708],[29.9835,-0.1731],[29.9888,-0.172],[29.9929,-0.163],[30.0051,-0.1486],[30.0196,-0.1398],[30.0343,-0.1361],[30.0473,-0.1301],[30.0575,-0.1175],[30.0652,-0.1127],[30.0801,-0.1155],[30.0878,-0.1031],[30.0937,-0.0967],[30.1066,-0.1015],[30.1218,-0.0913],[30.1254,-0.0864],[30.138,-0.0793],[30.1503,-0.0769],[30.1561,-0.0725],[30.1599,-0.0759],[30.1657,-0.0729],[30.1805,-0.074],[30.1869,-0.0772],[30.1845,-0.0885],[30.2021,-0.0781],[30.216,-0.0784],[30.2186,-0.0749],[30.2567,0.0435],[30.2546,0.0548],[30.2557,0.0668],[30.259,0.0725],[30.26,0.0812],[30.2665,0.097],[30.2668,0.1037],[30.2703,0.1127],[30.2668,0.1144],[30.2638,0.1347],[30.2681,0.1559],[30.2666,0.1837],[30.2861,0.2109],[30.2907,0.2252],[30.289,0.2337],[30.2883,0.2531],[30.2943,0.2666],[30.2944,0.2808],[30.2976,0.2852],[30.2926,0.2993],[30.2935,0.3108],[30.2826,0.3258],[30.2845,0.3319],[30.2829,0.3395]]]},"properties":{"name":"Kasese","code":"UG4115","region":"TORO"}},{"type":"Feature","geometry":{"type":"Polygon","coordinates":[[[31.9094,0.6241],[31.9074,0.6289],[31.9087,0.6377],[31.9147,0.6444],[31.9174,0.6514],[31.9228,0.6551],[31.9185,0.6664],[31.9125,0.6767],[31.9058,0.683],[31.9028,0.6905],[31.9057,0.6958],[31.8958,0.6984],[31.8922,0.702],[31.8893,0.7106],[31.9046,0.7277],[31.9134,0.7357],[31.9134,0.7403],[31.9044,0.7472],[31.8918,0.7485],[31.8858,0.7456],[31.8775,0.751],[31.8615,0.7567],[31.8587,0.7642],[31.8399,0.773],[31.8239,0.774],[31.8183,0.7772],[31.8036,0.7808],[31.7975,0.7807],[31.7873,0.7772],[31.784,0.787],[31.7742,0.7987],[31.7651,0.8027],[31.7553,0.8017],[31.7476,0.8035],[31.7295,0.7976],[31.7221,0.7987],[31.7048,0.7937],[31.699,0.7947],[31.6975,0.8036],[31.6893,0.809],[31.6831,0.8079],[31.6786,0.8147],[31.6708,0.8162],[31.665,0.8211],[31.6546,0.8158],[31.6587,0.804],[31.6567,0.7947],[31.652,0.7877],[31.6449,0.7827],[31.6374,0.7738],[31.6364,0.7612],[31.6195,0.7626],[31.614,0.7605],[31.6053,0.7501],[31.593,0.7501],[31.5876,0.7458],[31.5822,0.7326],[31.5826,0.7213],[31.5916,0.7148],[31.6024,0.7125],[31.6067,0.7051],[31.606,0.6991],[31.6007,0.6947],[31.5862,0.698],[31.5816,0.6976],[31.5778,0.6859],[31.5785,0.677],[31.5765,0.6667],[31.5782,0.6613],[31.5745,0.6476],[31.5779,0.6432],[31.5632,0.637],[31.5654,0.6316],[31.5709,0.6329],[31.5759,0.6249],[31.5776,0.6151],[31.5718,0.5965],[31.5721,0.5868],[31.5796,0.5793],[31.5802,0.5749],[31.5896,0.5642],[31.5946,0.5543],[31.603,0.5428],[31.6082,0.5381],[31.6081,0.5301],[31.6115,0.5202],[31.6119,0.5075],[31.6149,0.5011],[31.6177,0.4811],[31.6281,0.4677],[31.6286,0.4557],[31.6228,0.4346],[31.6161,0.4289],[31.6086,0.4107],[31.5941,0.3893],[31.5703,0.3677],[31.5826,0.359],[31.5902,0.3478],[31.606,0.3336],[31.6117,0.3307],[31.6171,0.3345],[31.6288,0.3319],[31.6412,0.3148],[31.6431,0.3066],[31.6559,0.2954],[31.6672,0.2925],[31.6712,0.294],[31.6854,0.2922],[31.6945,0.2889],[31.715,0.2717],[31.7205,0.265],[31.7253,0.2511],[31.7335,0.2395],[31.7388,0.2419],[31.7536,0.2581],[31.7769,0.2706],[31.796,0.2768],[31.8028,0.2834],[31.8062,0.2906],[31.8202,0.3086],[31.8308,0.3244],[31.8384,0.3335],[31.8482,0.3404],[31.8554,0.3404],[31.8657,0.3347],[31.8802,0.3305],[31.8876,0.3299],[31.9247,0.3352],[31.9286,0.3467],[31.9298,0.3588],[31.9356,0.3707],[31.9395,0.3835],[31.9389,0.3945],[31.9438,0.4088],[31.9583,0.4281],[31.9542,0.4374],[31.9511,0.4535],[31.9392,0.4674],[31.9344,0.478],[31.9356,0.4844],[31.9294,0.4972],[31.9291,0.5097],[31.9184,0.5171],[31.9191,0.5284],[31.9144,0.5335],[31.918,0.5404],[31.9179,0.5533],[31.9141,0.5598],[31.9143,0.5699],[31.9039,0.5736],[31.8999,0.5797],[31.8845,0.591],[31.8803,0.592],[31.9016,0.6133],[31.9029,0.6202],[31.9094,0.6241]]]},"properties":{"name":"Kassanda","code":"UG1009","region":"BUGANDA"}},{"type":"Feature","geometry":{"type":"Polygon","coordinates":[[[34.2228,1.88],[34.2232,1.9809],[34.212,2.1186],[34.1378,2.1645],[34.0754,2.2035],[34.0205,2.2369],[33.926,2.2959],[33.9088,2.3058],[33.911,2.3029],[33.9037,2.2919],[33.9047,2.2823],[33.8969,2.2745],[33.8901,2.2734],[33.8904,2.2657],[33.8817,2.2518],[33.8764,2.2476],[33.883,2.2354],[33.8794,2.2278],[33.8852,2.2083],[33.8803,2.2017],[33.8836,2.1944],[33.8824,2.1899],[33.8923,2.1866],[33.8941,2.1778],[33.8988,2.17],[33.8946,2.1609],[33.9011,2.1548],[33.8995,2.1405],[33.9026,2.1352],[33.9084,2.1342],[33.9113,2.1249],[33.9173,2.1198],[33.9015,2.1109],[33.9107,2.1039],[33.9098,2.0999],[33.9016,2.0993],[33.8986,2.0929],[33.8936,2.0948],[33.8895,2.0818],[33.8828,2.0747],[33.8858,2.0681],[33.8943,2.0647],[33.8942,2.058],[33.903,2.058],[33.9073,2.0549],[33.9049,2.0472],[33.8977,2.0347],[33.8956,2.0277],[33.8969,2.0193],[33.8833,2.0152],[33.8829,2.0073],[33.889,1.9967],[33.8955,1.9793],[33.8943,1.9766],[33.8886,1.963],[33.8931,1.9515],[33.8882,1.9452],[33.8942,1.9307],[33.8856,1.9269],[33.8846,1.9203],[33.8899,1.9186],[33.8991,1.9096],[33.8874,1.9022],[33.8833,1.8974],[33.8648,1.8901],[33.8594,1.8834],[33.8489,1.883],[33.8467,1.8682],[33.8504,1.8638],[33.8492,1.8574],[33.855,1.8556],[33.856,1.8497],[33.8626,1.8365],[33.8713,1.8313],[33.8705,1.8211],[33.8662,1.8061],[33.8713,1.798],[33.8698,1.7832],[33.8717,1.7745],[33.8698,1.7665],[33.8616,1.757],[33.8404,1.7432],[33.8307,1.7398],[33.8265,1.7346],[33.8154,1.7271],[33.8106,1.7152],[33.8144,1.7106],[33.8133,1.7028],[33.8077,1.6999],[33.8158,1.6936],[33.8118,1.6789],[33.8217,1.6817],[33.8437,1.68],[33.8587,1.676],[33.8807,1.6653],[33.8951,1.6542],[33.9122,1.6426],[33.9405,1.6367],[33.9526,1.6353],[33.9836,1.639],[34.0115,1.6488],[34.0294,1.6477],[34.0783,1.646],[34.2222,1.6402],[34.2226,1.747],[34.2223,1.748],[34.2228,1.88]]]},"properties":{"name":"Katakwi","code":"UG2047","region":"TESO"}},{"type":"Feature","geometry":{"type":"Polygon","coordinates":[[[32.9354,1.2226],[32.935,1.2366],[32.9273,1.2466],[32.922,1.2571],[32.9129,1.2691],[32.905,1.2861],[32.8893,1.3065],[32.8716,1.3234],[32.8647,1.3324],[32.8546,1.3522],[32.8423,1.3877],[32.8354,1.4142],[32.8264,1.4405],[32.8203,1.475],[32.7764,1.4665],[32.7487,1.4585],[32.7354,1.4554],[32.7184,1.4542],[32.6964,1.4507],[32.697,1.3839],[32.7168,1.3744],[32.7384,1.3694],[32.746,1.3661],[32.7542,1.3558],[32.7733,1.3041],[32.7765,1.2909],[32.7872,1.2702],[32.7917,1.2566],[32.7943,1.2089],[32.8005,1.1583],[32.8,1.1441],[32.788,1.0751],[32.7829,1.0388],[32.7783,1.0158],[32.777,0.9976],[32.7809,0.9805],[32.7859,0.9381],[32.7866,0.9055],[32.7892,0.8916],[32.7959,0.8745],[32.7946,0.8557],[32.8,0.8497],[32.8212,0.8174],[32.8242,0.8096],[32.8235,0.8019],[32.8265,0.7885],[32.8374,0.7726],[32.8509,0.7549],[32.8563,0.7461],[32.8576,0.7372],[32.8631,0.7221],[32.8685,0.713],[32.8715,0.6952],[32.8694,0.6847],[32.8715,0.6776],[32.8768,0.6718],[32.8913,0.671],[32.9001,0.6666],[32.908,0.6586],[32.9196,0.6503],[32.9303,0.6373],[32.9348,0.6294],[32.9456,0.6186],[32.9609,0.5976],[32.9752,0.588],[32.9798,0.5742],[32.9787,0.5626],[32.9837,0.555],[32.9952,0.5501],[33.007,0.5389],[33.0136,0.5365],[33.0246,0.5279],[33.0332,0.5159],[33.0364,0.5077],[33.0426,0.5042],[33.0533,0.5046],[33.0618,0.5111],[33.07,0.5098],[33.0751,0.5139],[33.0803,0.5385],[33.0847,0.5462],[33.0731,0.5667],[33.0722,0.5808],[33.0569,0.5915],[33.0502,0.5983],[33.0538,0.6137],[33.0514,0.6181],[33.0545,0.6239],[33.0487,0.6344],[33.0439,0.6394],[33.0433,0.6478],[33.0492,0.6588],[33.056,0.6716],[33.0578,0.6821],[33.0579,0.699],[33.0538,0.709],[33.0526,0.7178],[33.0473,0.7313],[33.0533,0.7388],[33.0507,0.7435],[33.0485,0.7648],[33.041,0.7729],[33.0443,0.7804],[33.0382,0.7892],[33.0374,0.8013],[33.0299,0.8304],[33.0141,0.8424],[33.0108,0.8466],[33.0106,0.8581],[33.005,0.8674],[33.0046,0.8744],[32.9952,0.8839],[32.9844,0.8973],[32.9754,0.911],[32.9678,0.9179],[32.9632,0.9375],[32.9545,0.9393],[32.9481,0.9505],[32.9503,0.9642],[32.9456,0.9753],[32.9455,1.0047],[32.9438,1.0107],[32.9369,1.0167],[32.9344,1.0287],[32.9434,1.0547],[32.9435,1.0595],[32.9373,1.0815],[32.9416,1.0967],[32.9602,1.115],[32.9619,1.1236],[32.9612,1.1335],[32.9673,1.1506],[32.9678,1.1598],[32.9639,1.1745],[32.9663,1.1875],[32.96,1.2024],[32.9516,1.2069],[32.9422,1.2077],[32.936,1.2167],[32.9354,1.2226]]]},"properties":{"name":"Kayunga","code":"UG1010","region":"BUGANDA"}},{"type":"Feature","geometry":{"type":"Polygon","coordinates":[[[31.0134,0.1982],[30.9937,0.1927],[30.9771,0.1935],[30.9553,0.1997],[30.9467,0.198],[30.9245,0.201],[30.914,0.2071],[30.905,0.2061],[30.8949,0.1998],[30.8915,0.2048],[30.8854,0.204],[30.8798,0.2071],[30.8701,0.2018],[30.8594,0.1993],[30.8288,0.1988],[30.8177,0.2042],[30.7978,0.2083],[30.7909,0.2113],[30.7789,0.2086],[30.7685,0.2028],[30.7616,0.1937],[30.754,0.1947],[30.7452,0.1995],[30.7298,0.1957],[30.7228,0.1973],[30.7124,0.2059],[30.7066,0.2022],[30.6974,0.2022],[30.6847,0.2085],[30.665,0.2082],[30.664,0.2023],[30.6567,0.1959],[30.6439,0.1932],[30.6414,0.179],[30.6326,0.174],[30.6257,0.1657],[30.6206,0.1646],[30.6164,0.1687],[30.6071,0.1682],[30.6049,0.1652],[30.6029,0.156],[30.6088,0.157],[30.6134,0.152],[30.6148,0.142],[30.6182,0.1359],[30.625,0.1316],[30.6307,0.1319],[30.6375,0.1205],[30.636,0.1173],[30.6396,0.107],[30.638,0.1006],[30.6294,0.0966],[30.626,0.0909],[30.6253,0.0804],[30.622,0.0765],[30.6278,0.07],[30.6233,0.0616],[30.6139,0.0558],[30.6135,0.0479],[30.6054,0.0459],[30.6041,0.0393],[30.5996,0.0327],[30.5934,0.0309],[30.5909,0.0234],[30.5829,0.018],[30.5838,0.0104],[30.5793,0.0032],[30.5815,-0.0094],[30.5775,-0.0147],[30.5798,-0.0186],[30.5754,-0.0329],[30.5686,-0.0439],[30.5717,-0.0581],[30.5765,-0.0625],[30.5789,-0.0701],[30.5757,-0.0743],[30.5743,-0.0853],[30.5758,-0.1019],[30.5727,-0.1028],[30.5696,-0.1119],[30.5811,-0.1287],[30.5916,-0.1332],[30.5883,-0.1472],[30.5977,-0.1466],[30.608,-0.1512],[30.6191,-0.1627],[30.6254,-0.1639],[30.6389,-0.151],[30.6418,-0.1405],[30.655,-0.1273],[30.6692,-0.1302],[30.6779,-0.128],[30.6816,-0.1207],[30.6942,-0.123],[30.7093,-0.1316],[30.7161,-0.132],[30.7241,-0.1358],[30.7275,-0.1401],[30.7263,-0.1471],[30.7419,-0.1511],[30.7547,-0.1423],[30.7634,-0.1473],[30.7906,-0.1474],[30.7997,-0.1377],[30.7996,-0.1302],[30.8084,-0.1211],[30.817,-0.1156],[30.8358,-0.1109],[30.8488,-0.0984],[30.8648,-0.1012],[30.8734,-0.1012],[30.8906,-0.1094],[30.9052,-0.1043],[30.9169,-0.0951],[30.915,-0.0733],[30.9274,-0.0699],[30.9406,-0.061],[30.9431,-0.0554],[30.9387,-0.0435],[30.9341,-0.0407],[30.9361,-0.0348],[30.9307,-0.026],[30.9274,-0.013],[30.9231,-0.0081],[30.917,0.0038],[30.9135,0.0143],[30.9139,0.0236],[30.919,0.0255],[30.929,0.0246],[30.9347,0.0172],[30.941,0.0138],[30.9471,0.0213],[30.9547,0.0201],[30.9635,0.0257],[30.966,0.0222],[30.9763,0.0243],[30.9838,0.0282],[30.9876,0.0259],[31.0008,0.0244],[31.0085,0.0354],[31.0218,0.0425],[31.0364,0.0471],[31.0546,0.0614],[31.052,0.078],[31.0454,0.0831],[31.0444,0.0916],[31.049,0.0932],[31.0475,0.1],[31.0539,0.1101],[31.0564,0.1175],[31.0491,0.1212],[31.0515,0.1289],[31.0473,0.1467],[31.032,0.1555],[31.0164,0.1689],[31.0132,0.1897],[31.0134,0.1982]]]},"properties":{"name":"Kazo","code":"UG4116","region":"ANKOLE"}},{"type":"Feature","geometry":{"type":"Polygon","coordinates":[[[31.2886,0.7398],[31.2788,0.7438],[31.2675,0.7511],[31.2552,0.7619],[31.2453,0.7619],[31.238,0.7705],[31.2293,0.7748],[31.2188,0.7956],[31.2156,0.7997],[31.2124,0.8139],[31.2054,0.8275],[31.2024,0.828],[31.1963,0.8411],[31.1925,0.8417],[31.1906,0.8496],[31.1943,0.8542],[31.1834,0.869],[31.181,0.8756],[31.1725,0.8763],[31.1628,0.895],[31.1631,0.9018],[31.1601,0.9081],[31.1518,0.9135],[31.1472,0.9139],[31.1334,0.9251],[31.1301,0.9379],[31.1238,0.9407],[31.1182,0.9525],[31.1227,0.9584],[31.1213,0.9658],[31.1232,0.9727],[31.1222,0.9891],[31.1242,0.9974],[31.1199,1.0103],[31.1115,1.0026],[31.0924,1.0007],[31.0825,1.0038],[31.0747,0.9995],[31.0677,0.9902],[31.0607,0.9877],[31.0543,0.9784],[31.0455,0.9749],[31.0355,0.9746],[31.0345,0.9676],[31.0273,0.9656],[31.0236,0.97],[30.9921,0.9524],[30.9844,0.9466],[30.9837,0.9376],[30.9781,0.936],[30.9615,0.9594],[30.958,0.9607],[30.953,0.9505],[30.9354,0.9297],[30.9301,0.9187],[30.9283,0.9094],[30.9074,0.9055],[30.8885,0.8946],[30.8859,0.8911],[30.8913,0.8858],[30.8797,0.8663],[30.8859,0.8623],[30.8784,0.8558],[30.8707,0.8522],[30.8697,0.8439],[30.8587,0.8392],[30.8524,0.842],[30.8406,0.837],[30.8366,0.8418],[30.8289,0.8393],[30.8301,0.8285],[30.8371,0.8292],[30.8448,0.8271],[30.844,0.8137],[30.8522,0.8036],[30.863,0.7975],[30.8771,0.7873],[30.891,0.774],[30.898,0.774],[30.8994,0.7687],[30.9085,0.7623],[30.9201,0.7536],[30.9291,0.7214],[30.9347,0.7183],[30.9386,0.7114],[30.9718,0.6964],[30.9768,0.6901],[30.9962,0.6808],[30.9987,0.6782],[31.0236,0.6675],[31.036,0.6647],[31.0462,0.6573],[31.049,0.6621],[31.0567,0.6592],[31.0695,0.6501],[31.0927,0.642],[31.0957,0.6363],[31.1047,0.636],[31.1055,0.6482],[31.1141,0.6498],[31.1197,0.6572],[31.1335,0.6552],[31.137,0.6586],[31.1511,0.6609],[31.1786,0.6535],[31.1931,0.6442],[31.2075,0.6392],[31.2155,0.6318],[31.2374,0.6426],[31.2424,0.6522],[31.2641,0.6808],[31.2733,0.6822],[31.274,0.6959],[31.2818,0.7077],[31.2865,0.7087],[31.29,0.7192],[31.2868,0.7335],[31.2886,0.7398]]]},"properties":{"name":"Kibaale","code":"UG4117","region":"BUNYORO"}},{"type":"Feature","geometry":{"type":"Polygon","coordinates":[[[32.1717,0.6822],[32.1785,0.6839],[32.1893,0.6944],[32.1911,0.7042],[32.1894,0.7149],[32.1939,0.7214],[32.1958,0.7355],[32.2002,0.7406],[32.2024,0.7617],[32.206,0.7775],[32.2117,0.7832],[32.2115,0.7924],[32.2087,0.8007],[32.2092,0.8078],[32.1985,0.8146],[32.1937,0.8199],[32.1888,0.8351],[32.1759,0.8628],[32.1554,0.8825],[32.138,0.8933],[32.1262,0.898],[32.0964,0.9037],[32.0642,0.904],[32.0335,0.9142],[32.0209,0.9219],[32.0128,0.9328],[32.0055,0.955],[32.005,0.9751],[31.9995,0.9916],[32.0021,1.0004],[32.0016,1.0207],[31.9987,1.0229],[31.9811,1.0451],[31.9585,1.0662],[31.9337,1.0793],[31.9261,1.0861],[31.9178,1.1019],[31.9114,1.1063],[31.9065,1.0835],[31.8949,1.0813],[31.886,1.0623],[31.8791,1.0561],[31.8763,1.0403],[31.8694,1.0396],[31.8617,1.0328],[31.8533,1.0359],[31.8459,1.0348],[31.841,1.026],[31.8352,1.0214],[31.8267,1.0087],[31.8224,0.998],[31.8136,0.9857],[31.7998,0.9713],[31.7776,0.9508],[31.7661,0.9464],[31.7606,0.94],[31.7542,0.9384],[31.7561,0.9297],[31.7483,0.9202],[31.7462,0.9087],[31.7528,0.9034],[31.7451,0.8859],[31.7461,0.879],[31.738,0.8818],[31.7349,0.8856],[31.722,0.8847],[31.7173,0.8861],[31.6999,0.8812],[31.6878,0.8835],[31.6787,0.8882],[31.6754,0.8806],[31.6813,0.8713],[31.6787,0.8513],[31.6764,0.8453],[31.6636,0.834],[31.6595,0.8218],[31.6546,0.8158],[31.665,0.8211],[31.6708,0.8162],[31.6786,0.8147],[31.6831,0.8079],[31.6893,0.809],[31.6975,0.8036],[31.699,0.7947],[31.7048,0.7937],[31.7221,0.7987],[31.7295,0.7976],[31.7476,0.8035],[31.7553,0.8017],[31.7651,0.8027],[31.7742,0.7987],[31.784,0.787],[31.7873,0.7772],[31.7975,0.7807],[31.8036,0.7808],[31.8183,0.7772],[31.8239,0.774],[31.8399,0.773],[31.8587,0.7642],[31.8615,0.7567],[31.8775,0.751],[31.8858,0.7456],[31.8918,0.7485],[31.9044,0.7472],[31.9134,0.7403],[31.9134,0.7357],[31.9046,0.7277],[31.8893,0.7106],[31.8922,0.702],[31.8958,0.6984],[31.9057,0.6958],[31.9028,0.6905],[31.9058,0.683],[31.9125,0.6767],[31.9185,0.6664],[31.9228,0.6551],[31.9174,0.6514],[31.9147,0.6444],[31.9087,0.6377],[31.9074,0.6289],[31.9094,0.6241],[31.9317,0.6313],[31.9378,0.6385],[31.9599,0.6377],[31.9649,0.6453],[31.9756,0.6461],[31.9851,0.6577],[31.9887,0.6594],[31.9977,0.6576],[32.0012,0.6533],[32.006,0.639],[32.0073,0.6297],[32.0047,0.6174],[32.0064,0.6104],[32.0154,0.6078],[32.0151,0.629],[32.0196,0.636],[32.0257,0.6379],[32.0332,0.6519],[32.0396,0.655],[32.0524,0.6509],[32.0595,0.6556],[32.0716,0.6674],[32.0862,0.6719],[32.0923,0.6785],[32.1009,0.6821],[32.1078,0.6807],[32.1215,0.6816],[32.1325,0.6882],[32.1369,0.694],[32.1426,0.6934],[32.1499,0.6875],[32.1593,0.6875],[32.1717,0.6822]]]},"properties":{"name":"Kiboga","code":"UG1011","region":"BUNYORO"}},{"type":"Feature","geometry":{"type":"Polygon","coordinates":[[[33.9322,1.1654],[33.9165,1.1585],[33.9084,1.1521],[33.8878,1.1405],[33.872,1.1415],[33.8647,1.1498],[33.857,1.1532],[33.8525,1.161],[33.842,1.1679],[33.8372,1.168],[33.8185,1.1352],[33.8124,1.1138],[33.798,1.1021],[33.7947,1.0968],[33.7829,1.0898],[33.7744,1.0946],[33.7721,1.1041],[33.7624,1.1131],[33.7423,1.1116],[33.7304,1.1173],[33.7085,1.1179],[33.6859,1.1249],[33.6736,1.1242],[33.6466,1.1133],[33.6263,1.1043],[33.6366,1.0889],[33.6481,1.0759],[33.657,1.0679],[33.686,1.0499],[33.6944,1.0407],[33.6974,1.0147],[33.7074,1.0008],[33.7107,0.9895],[33.7185,0.9777],[33.732,0.9661],[33.7509,0.9559],[33.7598,0.9457],[33.7661,0.9541],[33.7783,0.9563],[33.8632,0.9423],[33.869,0.9782],[33.8736,0.9853],[33.8855,0.9895],[33.9,1.011],[33.9128,1.0189],[33.9209,1.0338],[33.9373,1.0507],[33.9321,1.0608],[33.9276,1.0638],[33.8976,1.0634],[33.9061,1.0765],[33.9164,1.0873],[33.9185,1.094],[33.9247,1.1038],[33.9279,1.1046],[33.9258,1.1182],[33.9285,1.1288],[33.9332,1.136],[33.929,1.1509],[33.9286,1.1575],[33.9322,1.1654]]]},"properties":{"name":"Kibuku","code":"UG2048","region":"BUKEDI"}},{"type":"Feature","geometry":{"type":"Polygon","coordinates":[[[31.4184,1.269],[31.4138,1.2838],[31.4163,1.2905],[31.4115,1.3094],[31.4127,1.3217],[31.4104,1.3269],[31.4045,1.3304],[31.4046,1.3396],[31.4087,1.3467],[31.4044,1.3618],[31.3887,1.3631],[31.3815,1.3595],[31.3754,1.3627],[31.3597,1.359],[31.3569,1.3662],[31.3503,1.3723],[31.3432,1.3683],[31.3356,1.3694],[31.3324,1.3649],[31.3223,1.3625],[31.3083,1.3686],[31.3009,1.3674],[31.2961,1.3697],[31.2859,1.3826],[31.279,1.3842],[31.2673,1.4036],[31.2722,1.4179],[31.2718,1.4308],[31.2794,1.442],[31.2844,1.456],[31.289,1.4606],[31.2819,1.466],[31.2764,1.474],[31.2673,1.4777],[31.255,1.4781],[31.2438,1.4888],[31.2318,1.4915],[31.2224,1.4953],[31.2158,1.5017],[31.204,1.502],[31.1873,1.4906],[31.1806,1.4948],[31.1633,1.4991],[31.1573,1.5048],[31.1523,1.5052],[31.1427,1.5117],[31.1311,1.515],[31.1237,1.5107],[31.1206,1.5202],[31.1166,1.519],[31.1098,1.5116],[31.1146,1.5025],[31.1287,1.4969],[31.1331,1.4906],[31.1326,1.4739],[31.13,1.4634],[31.1231,1.4521],[31.128,1.4507],[31.1321,1.4428],[31.1271,1.4212],[31.1146,1.4209],[31.111,1.4096],[31.1059,1.4019],[31.0988,1.3997],[31.0924,1.4028],[31.0838,1.3977],[31.0735,1.3982],[31.0683,1.3941],[31.0543,1.3955],[31.0495,1.3936],[31.0451,1.3863],[31.0319,1.3938],[31.0237,1.3886],[31.0196,1.3959],[31.014,1.3994],[31.0117,1.4054],[31.0044,1.4082],[30.9943,1.4225],[30.984,1.4263],[30.984,1.4368],[30.9817,1.4476],[30.9858,1.4571],[30.9819,1.4703],[30.9847,1.4768],[30.9922,1.482],[30.9916,1.489],[30.9956,1.502],[30.9788,1.5097],[30.9757,1.5141],[30.9641,1.5143],[30.9581,1.5182],[30.9578,1.5226],[30.9507,1.5292],[30.8905,1.5469],[30.8034,1.5469],[30.7209,1.4541],[30.6606,1.3874],[30.5504,1.2634],[30.5505,1.2064],[30.5625,1.1945],[30.6001,1.1636],[30.6162,1.151],[30.6443,1.1317],[30.6624,1.1202],[30.6776,1.1083],[30.7016,1.108],[30.7068,1.1054],[30.716,1.0939],[30.7237,1.0869],[30.7379,1.0804],[30.7449,1.0727],[30.7543,1.0711],[30.7605,1.0737],[30.7648,1.08],[30.7671,1.0908],[30.7723,1.0933],[30.7869,1.1173],[30.795,1.121],[30.8025,1.1203],[30.8072,1.1167],[30.8076,1.1113],[30.8136,1.106],[30.8185,1.1073],[30.8317,1.122],[30.8484,1.1334],[30.859,1.1458],[30.8727,1.1492],[30.8812,1.1421],[30.8906,1.1455],[30.8991,1.1351],[30.8977,1.1313],[30.9078,1.1224],[30.9219,1.1182],[30.9236,1.1231],[30.9331,1.1221],[30.9508,1.1249],[30.9703,1.1332],[30.9726,1.1286],[30.9856,1.1325],[30.9997,1.1285],[31.0027,1.1349],[31.014,1.1371],[31.0387,1.1363],[31.0475,1.1417],[31.0509,1.1519],[31.0561,1.1592],[31.0604,1.1609],[31.0763,1.1513],[31.0843,1.1416],[31.0909,1.1502],[31.0983,1.1504],[31.1064,1.1574],[31.1073,1.1679],[31.1155,1.1679],[31.1199,1.173],[31.117,1.181],[31.1272,1.1873],[31.1312,1.192],[31.1528,1.1908],[31.1626,1.1882],[31.1746,1.1811],[31.187,1.1823],[31.2033,1.1925],[31.2097,1.2004],[31.2146,1.2127],[31.2215,1.218],[31.237,1.218],[31.2443,1.2144],[31.2584,1.2028],[31.268,1.1985],[31.2757,1.1975],[31.2857,1.2009],[31.2924,1.2082],[31.3,1.2169],[31.3048,1.2194],[31.3154,1.2343],[31.323,1.2386],[31.3588,1.2378],[31.368,1.2386],[31.3781,1.2569],[31.3929,1.2676],[31.4025,1.2706],[31.4184,1.269]]]},"properties":{"name":"Kikuube","code":"UG4118","region":"BUNYORO"}},{"type":"Feature","geometry":{"type":"Polygon","coordinates":[[[31.0914,-0.0439],[31.0831,-0.0296],[31.0753,-0.024],[31.0695,-0.0302],[31.0593,-0.0307],[31.0526,-0.027],[31.0433,-0.031],[31.0399,-0.0353],[31.0264,-0.0361],[31.0235,-0.0257],[31.0285,-0.0166],[31.0299,-0.0098],[31.04,0.0003],[31.0569,0.012],[31.0593,0.0182],[31.0566,0.0268],[31.0589,0.0435],[31.0537,0.0504],[31.0571,0.0584],[31.0546,0.0614],[31.0364,0.0471],[31.0218,0.0425],[31.0085,0.0354],[31.0008,0.0244],[30.9876,0.0259],[30.9838,0.0282],[30.9763,0.0243],[30.966,0.0222],[30.9635,0.0257],[30.9547,0.0201],[30.9471,0.0213],[30.941,0.0138],[30.9347,0.0172],[30.929,0.0246],[30.919,0.0255],[30.9139,0.0236],[30.9135,0.0143],[30.917,0.0038],[30.9231,-0.0081],[30.9274,-0.013],[30.9307,-0.026],[30.9361,-0.0348],[30.9341,-0.0407],[30.9387,-0.0435],[30.9431,-0.0554],[30.9406,-0.061],[30.9274,-0.0699],[30.915,-0.0733],[30.9169,-0.0951],[30.9052,-0.1043],[30.8906,-0.1094],[30.8734,-0.1012],[30.8648,-0.1012],[30.8488,-0.0984],[30.8358,-0.1109],[30.817,-0.1156],[30.8084,-0.1211],[30.7996,-0.1302],[30.7997,-0.1377],[30.7906,-0.1474],[30.7634,-0.1473],[30.7547,-0.1423],[30.7419,-0.1511],[30.7263,-0.1471],[30.7275,-0.1401],[30.7241,-0.1358],[30.7161,-0.132],[30.7093,-0.1316],[30.6942,-0.123],[30.6816,-0.1207],[30.6779,-0.128],[30.6692,-0.1302],[30.655,-0.1273],[30.6418,-0.1405],[30.6389,-0.151],[30.6254,-0.1639],[30.6298,-0.1742],[30.6257,-0.1853],[30.6143,-0.1929],[30.6083,-0.2085],[30.6148,-0.2227],[30.6166,-0.2321],[30.625,-0.2345],[30.6213,-0.248],[30.6175,-0.2527],[30.6184,-0.2709],[30.6122,-0.2738],[30.611,-0.2906],[30.6148,-0.2979],[30.6218,-0.2998],[30.625,-0.3039],[30.6381,-0.3102],[30.6413,-0.3147],[30.6436,-0.3244],[30.653,-0.3264],[30.662,-0.3315],[30.6637,-0.3386],[30.6758,-0.3477],[30.6793,-0.3573],[30.6801,-0.3846],[30.6965,-0.3898],[30.6948,-0.4088],[30.6792,-0.4142],[30.6837,-0.4233],[30.6902,-0.4285],[30.6963,-0.4284],[30.7032,-0.434],[30.7053,-0.4406],[30.7132,-0.4359],[30.7209,-0.4344],[30.7313,-0.4356],[30.7368,-0.4425],[30.7877,-0.4906],[30.7912,-0.4953],[30.7856,-0.5022],[30.7833,-0.5109],[30.8068,-0.5122],[30.8207,-0.5117],[30.7966,-0.5367],[30.7946,-0.5464],[30.7778,-0.5684],[30.7861,-0.5882],[30.7861,-0.604],[30.7992,-0.6141],[30.81,-0.6122],[30.8342,-0.6227],[30.8408,-0.6238],[30.8487,-0.6346],[30.8632,-0.6436],[30.8671,-0.6614],[30.8655,-0.6717],[30.8761,-0.6767],[30.8823,-0.6869],[30.8928,-0.694],[30.918,-0.7055],[30.9552,-0.7141],[30.9667,-0.7151],[30.9764,-0.7123],[31.0076,-0.6937],[31.0188,-0.6928],[31.0384,-0.6958],[31.0475,-0.6957],[31.0566,-0.6928],[31.0728,-0.6807],[31.0844,-0.6743],[31.0928,-0.6714],[31.091,-0.6649],[31.0935,-0.6551],[31.0948,-0.6359],[31.0986,-0.6216],[31.1028,-0.6122],[31.1084,-0.6046],[31.1177,-0.597],[31.1249,-0.5885],[31.1244,-0.5751],[31.1349,-0.5599],[31.1387,-0.5504],[31.1414,-0.5373],[31.1491,-0.5274],[31.153,-0.516],[31.1525,-0.4975],[31.1547,-0.49],[31.1531,-0.4802],[31.1547,-0.4695],[31.1529,-0.4408],[31.1323,-0.4202],[31.1241,-0.4031],[31.1247,-0.3912],[31.1154,-0.3752],[31.1032,-0.3391],[31.0923,-0.3275],[31.0897,-0.3184],[31.082,-0.304],[31.0789,-0.2843],[31.0743,-0.2751],[31.0718,-0.254],[31.0685,-0.2424],[31.0746,-0.2252],[31.0743,-0.2186],[31.0707,-0.2095],[31.0797,-0.1928],[31.0837,-0.1723],[31.0914,-0.1574],[31.0944,-0.1399],[31.0986,-0.125],[31.0979,-0.1171],[31.1022,-0.0932],[31.1024,-0.0869],[31.0989,-0.0774],[31.0978,-0.0646],[31.0986,-0.0544],[31.0914,-0.0439]]]},"properties":{"name":"Kiruhura","code":"UG4119","region":"ANKOLE"}},{"type":"Feature","geometry":{"type":"Polygon","coordinates":[[[32.259,2.2538],[32.2538,2.2522],[32.2441,2.2413],[32.2263,2.2463],[32.2141,2.2415],[32.2131,2.2378],[32.2008,2.2275],[32.1926,2.2238],[32.1904,2.2177],[32.1854,2.2167],[32.1734,2.2188],[32.1659,2.222],[32.1485,2.2215],[32.1457,2.2311],[32.1293,2.2429],[32.1194,2.2459],[32.1108,2.2446],[32.0901,2.2559],[32.0848,2.2627],[32.0532,2.2825],[32.0419,2.2841],[32.0329,2.2772],[32.0256,2.2765],[32.0228,2.289],[32.0159,2.3037],[32.008,2.3091],[31.9955,2.3116],[31.9901,2.3183],[31.9822,2.3173],[31.98,2.3254],[31.9655,2.3272],[31.9614,2.3362],[31.955,2.341],[31.9421,2.3388],[31.9368,2.3432],[31.9273,2.36],[31.9184,2.3655],[31.9099,2.3595],[31.9001,2.3626],[31.8911,2.3598],[31.8811,2.363],[31.8687,2.3592],[31.8594,2.3656],[31.8498,2.3589],[31.8336,2.369],[31.8285,2.3657],[31.8095,2.3585],[31.7962,2.3453],[31.7843,2.3392],[31.7848,2.3332],[31.7762,2.3316],[31.77,2.3278],[31.7607,2.3131],[31.7519,2.3072],[31.7504,2.3015],[31.7493,2.2236],[31.746,2.0518],[31.7433,2.0332],[31.7479,2.0244],[31.7575,2.0128],[31.7554,1.9994],[31.7577,1.995],[31.7638,1.9942],[31.7672,1.9845],[31.882,1.9649],[31.8808,1.9601],[31.8866,1.946],[31.896,1.9323],[31.8964,1.917],[31.9037,1.916],[31.9111,1.9065],[31.9186,1.9037],[31.9136,1.8959],[31.9041,1.8965],[31.8982,1.8914],[31.8977,1.8828],[31.8919,1.8702],[31.8859,1.8662],[31.881,1.8551],[31.8772,1.852],[31.8861,1.8337],[31.8861,1.8247],[31.891,1.8181],[31.8862,1.8077],[31.9009,1.7901],[31.9096,1.7837],[31.9063,1.7781],[31.9074,1.7694],[31.9141,1.7651],[31.9133,1.7514],[31.9102,1.7388],[31.9196,1.7284],[31.9136,1.7132],[31.9146,1.689],[31.9107,1.6776],[31.9036,1.6671],[31.9049,1.663],[31.9121,1.6586],[31.9339,1.6539],[31.9479,1.6492],[31.9521,1.6448],[31.9624,1.6424],[31.9681,1.6387],[31.9723,1.6295],[31.9759,1.6162],[31.983,1.613],[32.0005,1.6181],[32.0054,1.6236],[32.0129,1.6273],[32.0354,1.628],[32.04,1.6247],[32.0485,1.6232],[32.0603,1.6262],[32.0717,1.6258],[32.0786,1.6283],[32.0844,1.6337],[32.0834,1.6387],[32.0905,1.6409],[32.0956,1.6482],[32.0928,1.6577],[32.0983,1.669],[32.1014,1.6798],[32.0972,1.6908],[32.0957,1.6998],[32.099,1.7203],[32.1026,1.732],[32.1092,1.7408],[32.1274,1.7463],[32.1517,1.7615],[32.1663,1.7769],[32.1786,1.7777],[32.1947,1.782],[32.2063,1.7815],[32.2168,1.7933],[32.2324,1.7895],[32.2406,1.7926],[32.2585,1.8033],[32.2684,1.8052],[32.2771,1.8113],[32.2786,1.8186],[32.2757,1.8294],[32.2773,1.8357],[32.2826,1.8386],[32.2929,1.8357],[32.3055,1.8383],[32.3196,1.8462],[32.3349,1.8508],[32.342,1.8557],[32.3434,1.8642],[32.3394,1.8746],[32.3401,1.8834],[32.3442,1.8956],[32.342,1.9185],[32.3445,1.929],[32.353,1.9344],[32.3611,1.9432],[32.3636,1.9525],[32.3603,1.9565],[32.3527,1.9579],[32.341,1.9554],[32.3346,1.9586],[32.3335,1.9675],[32.339,1.976],[32.3364,1.9865],[32.34,1.9976],[32.3435,2.0138],[32.3436,2.0318],[32.345,2.0419],[32.3501,2.0529],[32.3528,2.0744],[32.3434,2.0832],[32.3418,2.0907],[32.3324,2.0997],[32.3286,2.1079],[32.3328,2.1248],[32.321,2.1361],[32.3185,2.1468],[32.3215,2.1574],[32.3215,2.1716],[32.3169,2.1857],[32.3173,2.1934],[32.3033,2.2136],[32.2984,2.2141],[32.2953,2.222],[32.2914,2.2247],[32.2842,2.2377],[32.2738,2.2453],[32.2628,2.2502],[32.259,2.2538]]]},"properties":{"name":"Kiryandongo","code":"UG4120","region":"BUNYORO"}},{"type":"Feature","geometry":{"type":"Polygon","coordinates":[[[29.7516,-1.0781],[29.7459,-1.0783],[29.7352,-1.0714],[29.7219,-1.0712],[29.7135,-1.0641],[29.7109,-1.0586],[29.7009,-1.0582],[29.6968,-1.061],[29.6899,-1.0574],[29.6832,-1.0595],[29.6808,-1.0551],[29.6729,-1.0591],[29.6699,-1.056],[29.6618,-1.0565],[29.6332,-1.0375],[29.6203,-1.0336],[29.6155,-1.0278],[29.608,-1.0258],[29.5985,-1.0296],[29.5966,-1.0198],[29.5914,-1.0122],[29.5838,-1.0073],[29.5824,-1.02],[29.5871,-1.0443],[29.5897,-1.0529],[29.582,-1.1046],[29.5778,-1.1105],[29.5803,-1.1148],[29.5758,-1.1283],[29.577,-1.1395],[29.58,-1.1479],[29.5853,-1.1555],[29.5785,-1.1648],[29.58,-1.1772],[29.5729,-1.1906],[29.5826,-1.1989],[29.5842,-1.2041],[29.5935,-1.2119],[29.6053,-1.2183],[29.6026,-1.2247],[29.6065,-1.2332],[29.6042,-1.2442],[29.5951,-1.2516],[29.5922,-1.2728],[29.5986,-1.3023],[29.6063,-1.317],[29.5896,-1.3884],[29.5953,-1.3867],[29.6085,-1.3879],[29.6151,-1.3864],[29.6377,-1.3884],[29.6426,-1.385],[29.6752,-1.3822],[29.6811,-1.377],[29.6885,-1.3658],[29.7081,-1.3503],[29.7108,-1.3445],[29.7225,-1.3409],[29.7441,-1.3411],[29.7598,-1.3472],[29.7671,-1.3546],[29.7733,-1.3649],[29.7949,-1.3723],[29.7933,-1.3636],[29.7944,-1.3501],[29.8038,-1.3377],[29.8078,-1.3291],[29.8177,-1.3275],[29.8192,-1.3105],[29.8188,-1.3008],[29.8108,-1.2813],[29.7961,-1.2568],[29.7921,-1.2533],[29.7852,-1.2417],[29.7865,-1.2355],[29.7771,-1.22],[29.7622,-1.2075],[29.7584,-1.2008],[29.7518,-1.1948],[29.7647,-1.1924],[29.7699,-1.1882],[29.7802,-1.1892],[29.785,-1.1919],[29.7929,-1.1913],[29.7824,-1.179],[29.78,-1.173],[29.7716,-1.1662],[29.7651,-1.1645],[29.7506,-1.1506],[29.7516,-1.1451],[29.7433,-1.1349],[29.7409,-1.1269],[29.7277,-1.1244],[29.7282,-1.1164],[29.7326,-1.1113],[29.7331,-1.1045],[29.7369,-1.0984],[29.7425,-1.0974],[29.7493,-1.0915],[29.7516,-1.0781]]]},"properties":{"name":"Kisoro","code":"UG4121","region":"KIGEZI"}},{"type":"Feature","geometry":{"type":"Polygon","coordinates":[[[30.4721,0.1044],[30.4766,0.1081],[30.4796,0.1167],[30.4757,0.1228],[30.4769,0.131],[30.4697,0.1326],[30.4555,0.1519],[30.4523,0.1582],[30.4399,0.1619],[30.4332,0.1591],[30.4263,0.1618],[30.4162,0.1603],[30.4126,0.1436],[30.4022,0.1503],[30.3932,0.1464],[30.3826,0.1445],[30.3597,0.1556],[30.3488,0.1576],[30.3436,0.1613],[30.3394,0.1699],[30.3293,0.1689],[30.3221,0.1756],[30.3182,0.1833],[30.3192,0.1884],[30.3154,0.1933],[30.3006,0.1968],[30.2988,0.2029],[30.2861,0.2109],[30.2666,0.1837],[30.2681,0.1559],[30.2638,0.1347],[30.2668,0.1144],[30.2703,0.1127],[30.2668,0.1037],[30.2665,0.097],[30.26,0.0812],[30.259,0.0725],[30.2557,0.0668],[30.2546,0.0548],[30.2567,0.0435],[30.2186,-0.0749],[30.216,-0.0784],[30.2152,-0.0934],[30.2124,-0.1003],[30.2283,-0.1112],[30.2346,-0.1176],[30.2365,-0.123],[30.2461,-0.1241],[30.2513,-0.1187],[30.2743,-0.1129],[30.2804,-0.1171],[30.2908,-0.118],[30.2979,-0.1218],[30.3067,-0.1305],[30.322,-0.1335],[30.3277,-0.1383],[30.3408,-0.1433],[30.348,-0.1406],[30.3517,-0.1492],[30.3565,-0.1523],[30.3781,-0.1442],[30.3809,-0.1544],[30.3896,-0.1641],[30.3926,-0.1737],[30.3997,-0.1787],[30.4075,-0.1787],[30.4157,-0.1826],[30.4286,-0.1818],[30.4347,-0.1777],[30.4417,-0.1667],[30.4563,-0.16],[30.4654,-0.152],[30.4582,-0.1472],[30.4352,-0.1408],[30.4294,-0.1379],[30.4216,-0.1292],[30.424,-0.116],[30.4163,-0.1016],[30.4194,-0.0864],[30.4154,-0.0722],[30.4099,-0.0645],[30.4114,-0.0585],[30.4095,-0.0477],[30.396,-0.026],[30.3892,-0.0181],[30.3847,-0.0027],[30.3965,0.0083],[30.4043,0.0181],[30.4064,0.0244],[30.4122,0.0245],[30.4281,0.0374],[30.4277,0.0463],[30.4359,0.0488],[30.4465,0.0597],[30.4522,0.0619],[30.4557,0.071],[30.4508,0.0756],[30.4528,0.0813],[30.4534,0.0957],[30.4629,0.1019],[30.4721,0.1044]]]},"properties":{"name":"Kitagwenda","code":"UG4122","region":"TORO"}},{"type":"Feature","geometry":{"type":"Polygon","coordinates":[[[33.5107,3.752],[33.4879,3.7513],[33.3282,3.7641],[33.3299,3.7524],[33.3268,3.7424],[33.328,3.7291],[33.33,3.7256],[33.3259,3.7167],[33.3218,3.7167],[33.3126,3.7058],[33.3182,3.6896],[33.3121,3.6792],[33.3029,3.6703],[33.2948,3.6477],[33.2934,3.6349],[33.294,3.624],[33.2988,3.6103],[33.2993,3.6028],[33.3077,3.5777],[33.3065,3.5729],[33.2897,3.5714],[33.2759,3.5609],[33.2748,3.5514],[33.2699,3.5454],[33.2699,3.5344],[33.2678,3.5299],[33.2712,3.5139],[33.2391,3.5127],[33.2205,3.516],[33.1982,3.5216],[33.181,3.5215],[33.1629,3.5161],[33.1523,3.5081],[33.1333,3.5099],[33.1242,3.5007],[33.1087,3.4968],[33.0928,3.5021],[33.0879,3.5078],[33.0715,3.5152],[33.062,3.5156],[33.0551,3.5205],[33.0443,3.5222],[33.0322,3.5096],[33.0292,3.5019],[33.0147,3.4977],[33.0076,3.49],[33.0038,3.4796],[32.9988,3.4785],[32.9901,3.4809],[32.9812,3.48],[32.968,3.4707],[32.9658,3.4572],[32.9557,3.4507],[32.9503,3.4438],[32.9505,3.436],[32.9401,3.4382],[32.92,3.4283],[32.9153,3.4236],[32.9133,3.4169],[32.9042,3.4182],[32.8953,3.4087],[32.8912,3.4012],[32.8847,3.3946],[32.8772,3.3916],[32.8675,3.3934],[32.8295,3.3888],[32.8171,3.3895],[32.7976,3.3871],[32.7682,3.3787],[32.755,3.3826],[32.744,3.388],[32.7382,3.3972],[32.7336,3.3993],[32.73,3.3914],[32.7294,3.3792],[32.732,3.3618],[32.7313,3.3552],[32.7223,3.3431],[32.713,3.3238],[32.6954,3.3117],[32.7093,3.2999],[32.7155,3.2967],[32.7178,3.2876],[32.7134,3.2755],[32.7122,3.2602],[32.7193,3.2449],[32.7148,3.2386],[32.7133,3.2286],[32.7149,3.2202],[32.7097,3.2147],[32.7055,3.2002],[32.7087,3.1908],[32.7072,3.1869],[32.6977,3.1872],[32.7154,3.1815],[32.7196,3.1836],[32.7289,3.1758],[32.7406,3.1824],[32.747,3.1936],[32.7516,3.1928],[32.7524,3.2039],[32.7613,3.2035],[32.7797,3.2101],[32.7798,3.2014],[32.7837,3.1957],[32.7823,3.1799],[32.7979,3.1695],[32.8042,3.1713],[32.8135,3.1654],[32.8208,3.166],[32.831,3.1614],[32.84,3.1608],[32.8439,3.1637],[32.8561,3.1625],[32.8612,3.1578],[32.8701,3.1597],[32.8719,3.1717],[32.8717,3.1818],[32.915,3.2035],[32.9262,3.2097],[32.9254,3.2159],[32.9182,3.2281],[32.9189,3.24],[32.9356,3.2365],[32.9843,3.2003],[32.9999,3.171],[33.0063,3.1605],[33.0189,3.1369],[33.0235,3.1336],[33.0265,3.1236],[33.0352,3.1254],[33.0519,3.1331],[33.0594,3.1333],[33.0679,3.1217],[33.0691,3.1139],[33.0821,3.1081],[33.0805,3.0984],[33.0835,3.0783],[33.1034,3.0804],[33.1202,3.0715],[33.1313,3.074],[33.1364,3.0874],[33.1379,3.0957],[33.1364,3.1018],[33.1383,3.1215],[33.1338,3.135],[33.1327,3.1459],[33.1386,3.1624],[33.1423,3.1648],[33.1427,3.1818],[33.1602,3.1803],[33.18,3.1819],[33.2113,3.1707],[33.2353,3.1761],[33.2458,3.1721],[33.2839,3.1855],[33.3365,3.1818],[33.3258,3.195],[33.3115,3.2048],[33.31,3.2169],[33.3026,3.2245],[33.3032,3.2345],[33.3286,3.2552],[33.3557,3.2649],[33.3665,3.2701],[33.3771,3.2777],[33.3874,3.2778],[33.393,3.2813],[33.3958,3.2873],[33.3965,3.299],[33.4029,3.3032],[33.4143,3.3046],[33.4282,3.3036],[33.4335,3.2995],[33.442,3.2995],[33.4826,3.2959],[33.4846,3.2908],[33.4999,3.2768],[33.5104,3.2783],[33.5237,3.2762],[33.5314,3.2786],[33.5388,3.2778],[33.5505,3.2815],[33.554,3.2801],[33.57,3.2806],[33.5849,3.2746],[33.5983,3.2761],[33.6077,3.2638],[33.6235,3.2651],[33.6299,3.2561],[33.6318,3.2482],[33.6424,3.2481],[33.6481,3.2435],[33.6752,3.2406],[33.687,3.2415],[33.6928,3.2458],[33.6962,3.2599],[33.7012,3.2694],[33.7072,3.2754],[33.7129,3.276],[33.7152,3.2879],[33.7198,3.2879],[33.7265,3.2929],[33.7275,3.3075],[33.7312,3.3152],[33.7284,3.3296],[33.7308,3.3372],[33.7347,3.3383],[33.7399,3.3531],[33.7405,3.3615],[33.7424,3.3765],[33.7394,3.383],[33.7318,3.3879],[33.7301,3.3946],[33.7213,3.407],[33.721,3.4181],[33.7148,3.4202],[33.7051,3.43],[33.6993,3.4446],[33.685,3.4515],[33.6815,3.4581],[33.6705,3.4685],[33.6646,3.4776],[33.6526,3.4756],[33.6439,3.4813],[33.644,3.4906],[33.6467,3.4951],[33.6414,3.5024],[33.6387,3.5126],[33.6306,3.521],[33.6225,3.532],[33.6257,3.5384],[33.6322,3.5674],[33.6024,3.5912],[33.5359,3.7074],[33.5192,3.736],[33.5107,3.752]]]},"properties":{"name":"Kitgum","code":"UG3077","region":"ACHOLI"}},{"type":"Feature","geometry":{"type":"Polygon","coordinates":[[[31.1005,3.7358],[31.0944,3.7393],[31.0847,3.7394],[31.081,3.7426],[31.0696,3.7425],[31.0589,3.7331],[31.0637,3.7296],[31.0607,3.7192],[31.0504,3.7136],[31.0301,3.6964],[31.0201,3.693],[31.0168,3.7001],[31.0084,3.7062],[31.0007,3.7083],[30.9888,3.7059],[30.9809,3.7014],[30.9736,3.6935],[30.9685,3.6817],[30.9675,3.6732],[30.9559,3.6685],[30.9467,3.6505],[30.9498,3.6401],[30.9492,3.6332],[30.9345,3.6201],[30.9267,3.6157],[30.9269,3.6118],[30.9211,3.5994],[30.9111,3.596],[30.9083,3.5924],[30.9035,3.5749],[30.8954,3.5629],[30.8903,3.5588],[30.8806,3.5334],[30.8793,3.5258],[30.875,3.519],[30.8663,3.4932],[30.8629,3.4868],[30.8636,3.4808],[30.8789,3.4817],[30.8805,3.4885],[30.8927,3.4988],[30.9043,3.5007],[30.9123,3.5056],[30.9314,3.5052],[30.9375,3.5061],[30.9407,3.4993],[30.9384,3.492],[30.9425,3.4791],[30.9431,3.4639],[30.9374,3.4598],[30.9358,3.4419],[30.9384,3.4229],[30.9386,3.4013],[30.9179,3.3817],[30.918,3.3693],[30.9262,3.3622],[30.9364,3.3488],[30.9367,3.3431],[30.9465,3.332],[30.9519,3.3346],[30.9577,3.3289],[30.9739,3.3304],[30.9833,3.3238],[30.9869,3.3383],[31.0083,3.3317],[31.019,3.3315],[31.0315,3.3338],[31.0425,3.3321],[31.0459,3.3223],[31.0505,3.3245],[31.0588,3.3627],[31.0643,3.3755],[31.0685,3.3705],[31.0803,3.3775],[31.085,3.3889],[31.0835,3.3936],[31.0874,3.4001],[31.0904,3.4204],[31.0974,3.4337],[31.102,3.4369],[31.0934,3.4441],[31.0898,3.4557],[31.0923,3.4618],[31.0922,3.4728],[31.0892,3.4758],[31.0934,3.5229],[31.0928,3.529],[31.0864,3.5436],[31.0889,3.5554],[31.0894,3.5661],[31.092,3.5687],[31.0911,3.5789],[31.0996,3.591],[31.0999,3.6161],[31.1005,3.7358]]]},"properties":{"name":"Koboko","code":"UG3078","region":"WESTNILE"}},{"type":"Feature","geometry":{"type":"Polygon","coordinates":[[[32.873,2.0846],[32.8802,2.0913],[32.8893,2.0954],[32.8991,2.1024],[32.8971,2.1096],[32.9247,2.1325],[32.9241,2.1463],[32.9149,2.1725],[32.9077,2.1778],[32.8983,2.1778],[32.8911,2.1835],[32.887,2.1903],[32.8795,2.1906],[32.8756,2.194],[32.8662,2.1953],[32.8629,2.2027],[32.8565,2.2092],[32.8288,2.2185],[32.8211,2.2189],[32.8224,2.2305],[32.8149,2.2439],[32.8105,2.2482],[32.8139,2.2669],[32.8188,2.2781],[32.816,2.2869],[32.8186,2.3062],[32.8114,2.3139],[32.8104,2.3256],[32.8209,2.3237],[32.8319,2.3193],[32.8348,2.3095],[32.8425,2.3032],[32.8503,2.3011],[32.8529,2.3108],[32.8596,2.3245],[32.8665,2.3241],[32.8743,2.3279],[32.8792,2.3255],[32.8909,2.3304],[32.8969,2.3295],[32.9095,2.3343],[32.9182,2.3567],[32.9189,2.3702],[32.9174,2.3728],[32.9211,2.3867],[32.9134,2.3953],[32.9135,2.4064],[32.911,2.4087],[32.906,2.4265],[32.899,2.439],[32.8918,2.4447],[32.8844,2.4452],[32.8812,2.4633],[32.8777,2.473],[32.8713,2.4844],[32.8685,2.5026],[32.8635,2.508],[32.8489,2.4976],[32.8358,2.4949],[32.8308,2.4973],[32.8263,2.516],[32.8202,2.5171],[32.8088,2.5098],[32.803,2.502],[32.8027,2.4978],[32.7955,2.4905],[32.792,2.4831],[32.7853,2.4809],[32.7739,2.4735],[32.7508,2.4719],[32.7406,2.4671],[32.7304,2.4648],[32.7163,2.4674],[32.7071,2.4732],[32.6953,2.4701],[32.6959,2.4667],[32.7071,2.4589],[32.7064,2.4531],[32.7016,2.4434],[32.6951,2.4377],[32.6971,2.4339],[32.694,2.4274],[32.6958,2.4188],[32.6937,2.4158],[32.6804,2.4171],[32.6615,2.3964],[32.6509,2.3972],[32.6404,2.3812],[32.6325,2.3761],[32.6282,2.3708],[32.6205,2.3683],[32.6147,2.3608],[32.6171,2.3493],[32.6145,2.3411],[32.6232,2.3373],[32.6209,2.3267],[32.6263,2.3223],[32.6429,2.3226],[32.6478,2.32],[32.6625,2.3041],[32.655,2.2928],[32.6545,2.2748],[32.6499,2.2672],[32.6397,2.2563],[32.6247,2.2572],[32.622,2.2543],[32.6114,2.2531],[32.6003,2.2426],[32.5871,2.2333],[32.5817,2.2233],[32.5768,2.2186],[32.5801,2.2119],[32.5929,2.2103],[32.5959,2.1992],[32.606,2.1938],[32.6139,2.1833],[32.6182,2.1738],[32.6278,2.1709],[32.6287,2.1669],[32.6251,2.156],[32.6247,2.1446],[32.631,2.1367],[32.642,2.1366],[32.645,2.1326],[32.6587,2.1307],[32.6624,2.1349],[32.6774,2.1363],[32.6832,2.1329],[32.6964,2.1316],[32.7036,2.1451],[32.7088,2.1499],[32.7232,2.1468],[32.724,2.1336],[32.7336,2.1321],[32.7467,2.1327],[32.7495,2.1364],[32.7747,2.1373],[32.7796,2.1337],[32.7827,2.1168],[32.7992,2.0857],[32.8048,2.0879],[32.8089,2.0956],[32.8204,2.0983],[32.8284,2.0918],[32.8426,2.1029],[32.8487,2.1047],[32.8511,2.0881],[32.86,2.0783],[32.873,2.0846]]]},"properties":{"name":"Kole","code":"UG3079","region":"LANGO"}},{"type":"Feature","geometry":{"type":"Polygon","coordinates":[[[33.8235,3.3128],[33.7514,3.3555],[33.7405,3.3615],[33.7399,3.3531],[33.7347,3.3383],[33.7308,3.3372],[33.7284,3.3296],[33.7312,3.3152],[33.7275,3.3075],[33.7265,3.2929],[33.7198,3.2879],[33.7152,3.2879],[33.7129,3.276],[33.7072,3.2754],[33.7012,3.2694],[33.6962,3.2599],[33.6928,3.2458],[33.687,3.2415],[33.6752,3.2406],[33.6481,3.2435],[33.6424,3.2481],[33.6318,3.2482],[33.6299,3.2561],[33.6235,3.2651],[33.6077,3.2638],[33.5983,3.2761],[33.5849,3.2746],[33.57,3.2806],[33.554,3.2801],[33.5505,3.2815],[33.5508,3.2586],[33.554,3.2213],[33.5545,3.2034],[33.5572,3.1784],[33.5595,3.1489],[33.581,3.1491],[33.6082,3.1328],[33.6135,3.1306],[33.6283,3.1375],[33.6418,3.1394],[33.677,3.138],[33.6941,3.1384],[33.7043,3.1346],[33.6897,3.1171],[33.6888,3.1072],[33.6813,3.0914],[33.6641,3.0675],[33.6607,3.0613],[33.6646,3.0584],[33.6802,3.0526],[33.687,3.0537],[33.6989,3.0403],[33.7078,3.0341],[33.7218,3.0211],[33.7223,3.0078],[33.7206,2.9909],[33.7244,2.9845],[33.738,2.9788],[33.7521,2.9656],[33.8041,2.9834],[33.8512,2.949],[33.8658,2.9438],[33.8685,2.9371],[33.8652,2.922],[33.8733,2.9126],[33.8739,2.8991],[33.8772,2.8904],[33.8894,2.8758],[33.8959,2.8582],[33.8936,2.8428],[33.8957,2.83],[33.8921,2.8109],[33.899,2.804],[33.9034,2.796],[33.9009,2.7894],[33.892,2.752],[33.8859,2.7328],[33.8819,2.6969],[33.8809,2.6705],[33.9658,2.6167],[33.9867,2.6442],[33.9866,2.651],[33.9826,2.6561],[33.9829,2.6626],[33.9865,2.669],[34.0196,2.699],[34.0311,2.7119],[34.0477,2.7257],[34.0708,2.7412],[34.0842,2.7454],[34.0944,2.7519],[34.1031,2.7554],[34.1177,2.7581],[34.1486,2.7596],[34.1911,2.7459],[34.2609,2.7271],[34.2618,2.7445],[34.2644,2.7692],[34.2665,2.7788],[34.2693,2.8025],[34.2719,2.8354],[34.2813,2.9099],[34.2845,2.9155],[34.3048,2.9375],[34.3484,2.9909],[34.3976,3.0919],[34.3425,3.0845],[34.2565,3.1274],[34.2142,3.1503],[34.2133,3.1565],[34.203,3.1665],[34.192,3.1674],[34.1878,3.1751],[34.1884,3.1865],[34.1865,3.1937],[34.1584,3.2138],[34.1356,3.2258],[34.1049,3.2392],[34.0826,3.2506],[34.0709,3.2499],[34.0536,3.2512],[34.0385,3.2483],[34.025,3.2485],[34.0112,3.2516],[34.0026,3.2502],[33.9916,3.2525],[33.9496,3.2554],[33.9198,3.2593],[33.9117,3.2577],[33.9022,3.2497],[33.9045,3.2819],[33.9022,3.3044],[33.9043,3.3106],[33.8888,3.3191],[33.8802,3.3156],[33.8764,3.3102],[33.866,3.3086],[33.8624,3.3014],[33.8517,3.3018],[33.8235,3.3128]]]},"properties":{"name":"Kotido","code":"UG3080","region":"KARAMOJA"}},{"type":"Feature","geometry":{"type":"Polygon","coordinates":[[[34.2222,1.6402],[34.0783,1.646],[34.0294,1.6477],[34.0115,1.6488],[33.9836,1.639],[33.9526,1.6353],[33.9405,1.6367],[33.9122,1.6426],[33.8951,1.6542],[33.8996,1.646],[33.8974,1.6219],[33.8996,1.5995],[33.8863,1.5798],[33.8855,1.5721],[33.8766,1.5556],[33.8776,1.5497],[33.874,1.5449],[33.8702,1.5308],[33.8628,1.515],[33.849,1.4911],[33.844,1.4895],[33.8404,1.4786],[33.8304,1.4648],[33.8269,1.4558],[33.8166,1.4494],[33.8112,1.4423],[33.8085,1.4315],[33.8023,1.4168],[33.79,1.3994],[33.7898,1.3944],[33.8032,1.3786],[33.808,1.3655],[33.8018,1.3561],[33.7905,1.3573],[33.7744,1.3657],[33.7656,1.3658],[33.7538,1.3632],[33.7386,1.3547],[33.7283,1.3443],[33.7364,1.3354],[33.742,1.3229],[33.751,1.3166],[33.7741,1.3163],[33.7898,1.3207],[33.7983,1.3217],[33.8063,1.32],[33.8295,1.3012],[33.8361,1.2919],[33.8566,1.2725],[33.8617,1.2693],[33.8813,1.2671],[33.8859,1.266],[33.8948,1.2691],[33.8997,1.2678],[33.9056,1.2607],[33.918,1.2566],[33.9269,1.2692],[33.9365,1.2767],[33.9556,1.2795],[33.9767,1.2914],[33.9843,1.3029],[33.9934,1.3052],[34.0082,1.3196],[34.0108,1.3442],[34.0182,1.3524],[34.0239,1.3654],[34.0233,1.3716],[34.0163,1.3843],[34.0147,1.3911],[34.0251,1.4173],[34.0236,1.4263],[34.0171,1.4337],[34.0101,1.4451],[34.0088,1.4521],[34.0202,1.4534],[34.0282,1.4586],[34.0438,1.478],[34.0478,1.4942],[34.0542,1.5],[34.0642,1.5044],[34.0863,1.5165],[34.0939,1.5272],[34.104,1.5357],[34.1074,1.5426],[34.1065,1.5547],[34.1089,1.5639],[34.1204,1.5754],[34.2295,1.5793],[34.2291,1.6372],[34.2222,1.6402]]]},"properties":{"name":"Kumi","code":"UG2049","region":"TESO"}},{"type":"Feature","geometry":{"type":"Polygon","coordinates":[[[32.873,2.0846],[32.86,2.0783],[32.8511,2.0881],[32.8487,2.1047],[32.8426,2.1029],[32.8284,2.0918],[32.8204,2.0983],[32.8089,2.0956],[32.8048,2.0879],[32.7992,2.0857],[32.7827,2.1168],[32.7796,2.1337],[32.7747,2.1373],[32.7495,2.1364],[32.7467,2.1327],[32.7336,2.1321],[32.724,2.1336],[32.7232,2.1468],[32.7088,2.1499],[32.7036,2.1451],[32.6964,2.1316],[32.6832,2.1329],[32.6774,2.1363],[32.6624,2.1349],[32.6587,2.1307],[32.645,2.1326],[32.642,2.1366],[32.631,2.1367],[32.6247,2.1446],[32.6249,2.138],[32.6205,2.1249],[32.6176,2.1228],[32.599,2.1204],[32.5969,2.1143],[32.6012,2.095],[32.5997,2.0827],[32.5956,2.0746],[32.6073,2.0654],[32.6163,2.0655],[32.6163,2.0489],[32.6224,2.0374],[32.6185,2.0265],[32.623,2.023],[32.6385,2.0224],[32.6487,2.0284],[32.6532,2.0282],[32.6619,2.0223],[32.6617,2.0045],[32.6564,1.9921],[32.6567,1.9821],[32.6547,1.9678],[32.6577,1.9592],[32.6554,1.9463],[32.6578,1.9373],[32.6574,1.9296],[32.6493,1.925],[32.6359,1.9227],[32.6244,1.9163],[32.6071,1.9038],[32.5955,1.9005],[32.6024,1.8924],[32.5967,1.8889],[32.5699,1.8785],[32.5495,1.8756],[32.5399,1.87],[32.5269,1.8575],[32.5436,1.8358],[32.5385,1.8304],[32.5372,1.8185],[32.54,1.8068],[32.5472,1.7927],[32.5557,1.7877],[32.5552,1.7605],[32.5543,1.7456],[32.5558,1.7425],[32.5686,1.7327],[32.5678,1.7027],[32.5708,1.6932],[32.5761,1.6895],[32.5778,1.6733],[32.5871,1.6512],[32.5966,1.6551],[32.64,1.6797],[32.7139,1.7474],[32.7506,1.7745],[32.7679,1.7919],[32.7983,1.8261],[32.8123,1.8344],[32.8216,1.8362],[32.8359,1.8329],[32.852,1.8221],[32.8756,1.81],[32.8936,1.806],[32.9084,1.8064],[32.9278,1.8121],[32.9404,1.8134],[32.9355,1.8346],[32.9385,1.8475],[32.9479,1.8606],[32.9543,1.8739],[32.9551,1.8916],[32.9517,1.9035],[32.9546,1.9148],[32.9543,1.9259],[32.9591,1.9353],[32.9585,1.9404],[32.9494,1.9482],[32.9381,1.953],[32.9315,1.9629],[32.9233,1.9655],[32.9177,1.9762],[32.9096,1.9676],[32.9019,1.9627],[32.8933,1.9619],[32.8692,1.9457],[32.8659,1.9538],[32.8669,1.964],[32.8653,1.977],[32.8604,1.9873],[32.8845,2.0021],[32.8872,2.0095],[32.8935,2.0154],[32.8935,2.0235],[32.8883,2.0354],[32.8879,2.045],[32.8928,2.0609],[32.8942,2.0713],[32.8808,2.0778],[32.873,2.0846]]]},"properties":{"name":"Kwania","code":"UG3081","region":"LANGO"}},{"type":"Feature","geometry":{"type":"Polygon","coordinates":[[[34.6232,1.5691],[34.6178,1.5766],[34.6135,1.5738],[34.5954,1.5783],[34.5938,1.5841],[34.5843,1.5846],[34.5754,1.5793],[34.5687,1.5804],[34.5625,1.5881],[34.5468,1.5939],[34.5453,1.5982],[34.5226,1.5988],[34.5119,1.5955],[34.4989,1.5954],[34.4977,1.6015],[34.4887,1.599],[34.4865,1.5865],[34.4733,1.5881],[34.4653,1.5836],[34.457,1.5729],[34.44,1.5712],[34.4231,1.5538],[34.4069,1.5541],[34.3939,1.5627],[34.3949,1.5574],[34.4241,1.5304],[34.4308,1.5254],[34.4411,1.5126],[34.4462,1.5023],[34.4424,1.4902],[34.4478,1.4825],[34.4476,1.4765],[34.4489,1.473],[34.4593,1.4747],[34.4638,1.4726],[34.4689,1.4652],[34.4708,1.4582],[34.4803,1.4549],[34.4783,1.4392],[34.4858,1.4301],[34.4867,1.4179],[34.4799,1.4019],[34.477,1.3985],[34.4835,1.3819],[34.4844,1.3725],[34.4811,1.3585],[34.4819,1.3513],[34.4898,1.3382],[34.5037,1.3279],[34.5107,1.3259],[34.5177,1.3085],[34.522,1.3051],[34.5229,1.2972],[34.5288,1.2878],[34.5338,1.2836],[34.5343,1.275],[34.5405,1.2538],[34.5394,1.2506],[34.5427,1.2384],[34.5343,1.2226],[34.5365,1.2172],[34.5362,1.2051],[34.5388,1.1971],[34.5391,1.1848],[34.5365,1.18],[34.5353,1.1744],[34.5291,1.1677],[34.525,1.1579],[34.5237,1.1426],[34.5268,1.13],[34.5264,1.119],[34.531,1.1186],[34.5379,1.1118],[34.5342,1.1036],[34.5752,1.0994],[34.5598,1.1271],[34.5572,1.1429],[34.5542,1.1474],[34.5546,1.1572],[34.5584,1.1712],[34.5576,1.1898],[34.5588,1.2039],[34.5547,1.2122],[34.5545,1.2233],[34.5525,1.2273],[34.5539,1.2363],[34.5603,1.2469],[34.5675,1.2536],[34.5643,1.2653],[34.5668,1.2727],[34.5654,1.2815],[34.5679,1.2931],[34.5742,1.2987],[34.5822,1.312],[34.5858,1.3134],[34.5922,1.3257],[34.5925,1.3308],[34.601,1.3388],[34.6099,1.3421],[34.6246,1.3445],[34.6497,1.3545],[34.6625,1.3522],[34.6667,1.3586],[34.6742,1.3645],[34.6788,1.3744],[34.6945,1.382],[34.6979,1.3885],[34.7076,1.3935],[34.7136,1.4054],[34.7209,1.4141],[34.7229,1.423],[34.7232,1.4376],[34.7181,1.4482],[34.7222,1.4547],[34.7219,1.4636],[34.7261,1.4688],[34.7246,1.4733],[34.7127,1.481],[34.7116,1.4987],[34.702,1.5012],[34.6995,1.515],[34.6999,1.5242],[34.6864,1.5246],[34.6824,1.5274],[34.6717,1.525],[34.6688,1.5221],[34.6593,1.5243],[34.6555,1.5339],[34.6438,1.5403],[34.6403,1.5397],[34.6316,1.5451],[34.6283,1.5499],[34.6232,1.5691]]]},"properties":{"name":"Kween","code":"UG2050","region":"ELGON"}},{"type":"Feature","geometry":{"type":"Polygon","coordinates":[[[31.583,1.3571],[31.5776,1.3619],[31.5647,1.3654],[31.5503,1.3647],[31.5309,1.3616],[31.5247,1.357],[31.5142,1.346],[31.5102,1.338],[31.5003,1.3257],[31.4814,1.3142],[31.4635,1.3071],[31.4559,1.2981],[31.457,1.2834],[31.4493,1.2742],[31.4388,1.2695],[31.4184,1.269],[31.4025,1.2706],[31.3929,1.2676],[31.3781,1.2569],[31.368,1.2386],[31.3588,1.2378],[31.323,1.2386],[31.3154,1.2343],[31.3048,1.2194],[31.3,1.2169],[31.2924,1.2082],[31.3019,1.1981],[31.3203,1.1977],[31.3331,1.1927],[31.342,1.1861],[31.3457,1.1785],[31.354,1.1708],[31.3607,1.169],[31.3674,1.1629],[31.3832,1.1565],[31.3921,1.1624],[31.4115,1.161],[31.4201,1.1547],[31.4226,1.1479],[31.4227,1.1366],[31.4263,1.1288],[31.4262,1.1227],[31.431,1.1197],[31.4392,1.1087],[31.4508,1.1013],[31.4597,1.0838],[31.4672,1.0741],[31.4756,1.0728],[31.4859,1.0578],[31.4998,1.0541],[31.5133,1.047],[31.5159,1.0393],[31.525,1.0323],[31.5286,1.0197],[31.5257,1.0094],[31.5181,0.997],[31.5117,0.9945],[31.5099,0.9886],[31.4985,0.9829],[31.4879,0.9808],[31.4869,0.9751],[31.4759,0.9685],[31.4693,0.9677],[31.46,0.9623],[31.4552,0.9572],[31.4458,0.9558],[31.4437,0.9531],[31.4329,0.9496],[31.4303,0.9384],[31.4349,0.9288],[31.4357,0.9161],[31.452,0.8989],[31.4543,0.8925],[31.4494,0.8783],[31.4494,0.865],[31.4643,0.8641],[31.4708,0.8606],[31.4917,0.864],[31.5013,0.8626],[31.5093,0.8648],[31.5234,0.8629],[31.5433,0.8566],[31.5632,0.856],[31.5753,0.8543],[31.5861,0.8492],[31.595,0.8401],[31.6158,0.8344],[31.6224,0.8275],[31.6268,0.8318],[31.6472,0.8214],[31.6546,0.8158],[31.6595,0.8218],[31.6636,0.834],[31.6764,0.8453],[31.6787,0.8513],[31.6813,0.8713],[31.6754,0.8806],[31.6787,0.8882],[31.6878,0.8835],[31.6999,0.8812],[31.7173,0.8861],[31.722,0.8847],[31.7349,0.8856],[31.738,0.8818],[31.7461,0.879],[31.7451,0.8859],[31.7528,0.9034],[31.7462,0.9087],[31.7483,0.9202],[31.7561,0.9297],[31.7542,0.9384],[31.7606,0.94],[31.7661,0.9464],[31.7776,0.9508],[31.7998,0.9713],[31.8136,0.9857],[31.8224,0.998],[31.8267,1.0087],[31.8352,1.0214],[31.841,1.026],[31.8459,1.0348],[31.8533,1.0359],[31.8617,1.0328],[31.8694,1.0396],[31.8763,1.0403],[31.8791,1.0561],[31.886,1.0623],[31.8949,1.0813],[31.9065,1.0835],[31.9114,1.1063],[31.9085,1.1102],[31.9082,1.1284],[31.914,1.14],[31.9134,1.1572],[31.9007,1.1694],[31.8994,1.1759],[31.9054,1.1845],[31.9104,1.2048],[31.9059,1.2084],[31.9037,1.2161],[31.8931,1.2291],[31.8918,1.2358],[31.884,1.2521],[31.876,1.2652],[31.8684,1.2746],[31.8605,1.2772],[31.8571,1.2915],[31.8516,1.3002],[31.8472,1.3163],[31.843,1.3195],[31.8403,1.331],[31.8313,1.3436],[31.8235,1.3509],[31.8215,1.3591],[31.8069,1.3541],[31.7935,1.3547],[31.7849,1.3467],[31.7755,1.3428],[31.7729,1.3345],[31.7663,1.3337],[31.7535,1.3243],[31.7439,1.3255],[31.7385,1.3232],[31.7178,1.3335],[31.6945,1.3342],[31.6909,1.3365],[31.6797,1.3346],[31.6659,1.343],[31.6497,1.3474],[31.6365,1.3463],[31.6233,1.3415],[31.6168,1.3436],[31.6104,1.3417],[31.6062,1.3459],[31.583,1.3571]]]},"properties":{"name":"Kyankwanzi","code":"UG1012","region":"BUNYORO"}},{"type":"Feature","geometry":{"type":"Polygon","coordinates":[[[31.2155,0.6318],[31.2075,0.6392],[31.1931,0.6442],[31.1786,0.6535],[31.1511,0.6609],[31.137,0.6586],[31.1335,0.6552],[31.1197,0.6572],[31.1141,0.6498],[31.1055,0.6482],[31.1047,0.636],[31.0957,0.6363],[31.0927,0.642],[31.0695,0.6501],[31.0567,0.6592],[31.049,0.6621],[31.0462,0.6573],[31.036,0.6647],[31.0236,0.6675],[30.9987,0.6782],[30.9962,0.6808],[30.9768,0.6901],[30.9718,0.6964],[30.9386,0.7114],[30.9347,0.7183],[30.9291,0.7214],[30.9201,0.7536],[30.9085,0.7623],[30.9047,0.7604],[30.9023,0.75],[30.9099,0.7295],[30.914,0.7127],[30.9209,0.7041],[30.9196,0.6927],[30.9258,0.6747],[30.9245,0.6685],[30.9254,0.6565],[30.9211,0.6429],[30.9162,0.6383],[30.901,0.6294],[30.8966,0.631],[30.8869,0.6262],[30.883,0.6277],[30.8723,0.625],[30.848,0.6042],[30.8462,0.599],[30.8391,0.5948],[30.8429,0.5838],[30.8514,0.579],[30.8542,0.5716],[30.8615,0.5698],[30.863,0.5646],[30.8731,0.5608],[30.8758,0.5407],[30.8793,0.5288],[30.8717,0.5172],[30.8727,0.5021],[30.8715,0.4959],[30.8622,0.4798],[30.8589,0.4686],[30.8595,0.4599],[30.8675,0.4443],[30.8587,0.4278],[30.8513,0.4177],[30.8528,0.3971],[30.8548,0.3859],[30.8584,0.3795],[30.8597,0.3709],[30.8545,0.3628],[30.8504,0.3376],[30.8437,0.3333],[30.8338,0.3314],[30.8221,0.3182],[30.8235,0.3125],[30.8205,0.2999],[30.8111,0.2901],[30.8114,0.2847],[30.8058,0.2822],[30.7976,0.2622],[30.7899,0.254],[30.787,0.2365],[30.7728,0.2255],[30.7712,0.2135],[30.7731,0.2108],[30.7685,0.2028],[30.7789,0.2086],[30.7909,0.2113],[30.7978,0.2083],[30.8177,0.2042],[30.8288,0.1988],[30.8594,0.1993],[30.8701,0.2018],[30.8798,0.2071],[30.8854,0.204],[30.8915,0.2048],[30.8949,0.1998],[30.905,0.2061],[30.914,0.2071],[30.9245,0.201],[30.9467,0.198],[30.9553,0.1997],[30.9771,0.1935],[30.9937,0.1927],[31.0134,0.1982],[31.0193,0.1974],[31.0253,0.2047],[31.0279,0.2136],[31.023,0.2276],[31.0299,0.2349],[31.05,0.2472],[31.0618,0.2563],[31.063,0.2621],[31.0721,0.2687],[31.0787,0.2768],[31.0872,0.2804],[31.0991,0.2881],[31.1075,0.2953],[31.1152,0.3081],[31.1162,0.3171],[31.1315,0.3319],[31.1365,0.333],[31.1423,0.345],[31.1432,0.3531],[31.1361,0.3648],[31.1282,0.3731],[31.1248,0.3841],[31.1204,0.3911],[31.1179,0.4039],[31.1139,0.4115],[31.1187,0.4222],[31.1178,0.4276],[31.1285,0.4377],[31.1419,0.4546],[31.1388,0.4732],[31.1446,0.4934],[31.1417,0.5],[31.1427,0.5076],[31.1532,0.5031],[31.1704,0.508],[31.1913,0.5077],[31.1998,0.5089],[31.2194,0.5176],[31.2384,0.5201],[31.248,0.5269],[31.2413,0.5379],[31.2435,0.5445],[31.2507,0.5468],[31.2512,0.5544],[31.2568,0.5648],[31.2583,0.5821],[31.2556,0.593],[31.2554,0.6037],[31.2352,0.6145],[31.222,0.6247],[31.2155,0.6318]]]},"properties":{"name":"Kyegegwa","code":"UG4123","region":"TORO"}},{"type":"Feature","geometry":{"type":"Polygon","coordinates":[[[30.5613,0.9405],[30.5461,0.9265],[30.5378,0.9283],[30.5305,0.927],[30.5226,0.9169],[30.5111,0.8994],[30.5053,0.9004],[30.5029,0.8943],[30.4947,0.8819],[30.4925,0.8754],[30.4851,0.8648],[30.4795,0.8439],[30.4921,0.8405],[30.4926,0.8371],[30.483,0.8198],[30.4772,0.8063],[30.4735,0.8043],[30.4692,0.7946],[30.457,0.7768],[30.4449,0.7667],[30.431,0.7642],[30.4261,0.766],[30.425,0.7571],[30.4297,0.7509],[30.4294,0.7444],[30.4331,0.7348],[30.4312,0.7281],[30.435,0.7231],[30.4352,0.7151],[30.4281,0.6911],[30.4204,0.6742],[30.4119,0.6703],[30.4084,0.6601],[30.3968,0.6517],[30.3973,0.6393],[30.4014,0.6378],[30.4046,0.6289],[30.4126,0.6263],[30.4149,0.6203],[30.4134,0.6119],[30.4196,0.6103],[30.4317,0.6011],[30.4447,0.6046],[30.4472,0.5947],[30.448,0.5828],[30.4563,0.5816],[30.4649,0.5754],[30.4643,0.5725],[30.4702,0.5722],[30.4844,0.5615],[30.4881,0.556],[30.4932,0.5564],[30.5072,0.5418],[30.5086,0.5347],[30.5029,0.5101],[30.4961,0.5038],[30.497,0.5005],[30.5114,0.4859],[30.5196,0.4866],[30.5223,0.4815],[30.5356,0.4762],[30.5477,0.4548],[30.5473,0.4506],[30.5406,0.4409],[30.5332,0.4333],[30.5298,0.4336],[30.525,0.4261],[30.5279,0.4201],[30.5283,0.4097],[30.5376,0.4003],[30.5432,0.4048],[30.5482,0.4005],[30.5478,0.3911],[30.5619,0.3744],[30.5645,0.369],[30.5579,0.3557],[30.5583,0.3453],[30.5636,0.3471],[30.5803,0.3618],[30.59,0.3669],[30.5949,0.3728],[30.6069,0.3646],[30.6186,0.3715],[30.6246,0.3713],[30.6358,0.3774],[30.6426,0.3926],[30.6507,0.3956],[30.6623,0.4076],[30.6663,0.417],[30.6674,0.4252],[30.6733,0.431],[30.6793,0.4325],[30.6902,0.4432],[30.6893,0.4583],[30.6958,0.4651],[30.7042,0.4645],[30.7269,0.4671],[30.737,0.4729],[30.7562,0.4712],[30.7629,0.4632],[30.7652,0.4553],[30.7757,0.4499],[30.7846,0.4432],[30.7959,0.4308],[30.8099,0.43],[30.8112,0.425],[30.8189,0.4251],[30.8279,0.4109],[30.8359,0.4036],[30.8524,0.4006],[30.8528,0.3971],[30.8513,0.4177],[30.8587,0.4278],[30.8675,0.4443],[30.8595,0.4599],[30.8589,0.4686],[30.8622,0.4798],[30.8715,0.4959],[30.8727,0.5021],[30.8717,0.5172],[30.8793,0.5288],[30.8758,0.5407],[30.8731,0.5608],[30.863,0.5646],[30.8615,0.5698],[30.8542,0.5716],[30.8514,0.579],[30.8429,0.5838],[30.8391,0.5948],[30.8462,0.599],[30.848,0.6042],[30.8723,0.625],[30.883,0.6277],[30.8869,0.6262],[30.8966,0.631],[30.901,0.6294],[30.9162,0.6383],[30.9211,0.6429],[30.9254,0.6565],[30.9245,0.6685],[30.9258,0.6747],[30.9196,0.6927],[30.9209,0.7041],[30.914,0.7127],[30.9099,0.7295],[30.9023,0.75],[30.9047,0.7604],[30.9085,0.7623],[30.8994,0.7687],[30.898,0.774],[30.891,0.774],[30.8771,0.7873],[30.863,0.7975],[30.8522,0.8036],[30.844,0.8137],[30.8448,0.8271],[30.8371,0.8292],[30.8301,0.8285],[30.8289,0.8393],[30.8233,0.84],[30.8061,0.8366],[30.796,0.8372],[30.7875,0.8343],[30.7799,0.8458],[30.7732,0.844],[30.7618,0.8511],[30.7617,0.8585],[30.7505,0.8606],[30.7458,0.8577],[30.7391,0.8615],[30.7348,0.8717],[30.7218,0.8798],[30.715,0.8819],[30.6893,0.8851],[30.6797,0.8833],[30.6713,0.8845],[30.6646,0.8906],[30.6519,0.8932],[30.6502,0.8863],[30.6438,0.8933],[30.6369,0.8951],[30.6306,0.8923],[30.6242,0.8958],[30.6165,0.9063],[30.6038,0.9067],[30.586,0.9134],[30.5737,0.9194],[30.5729,0.9237],[30.563,0.9306],[30.5613,0.9405]]]},"properties":{"name":"Kyenjojo","code":"UG4124","region":"TORO"}},{"type":"Feature","geometry":{"type":"Polygon","coordinates":[[[32.0005,-0.8187],[31.8922,-0.7964],[31.801,-0.7528],[31.7919,-0.7528],[31.7848,-0.7489],[31.7651,-0.7414],[31.7513,-0.7343],[31.744,-0.7279],[31.7285,-0.7107],[31.7209,-0.6996],[31.7174,-0.6894],[31.7164,-0.6779],[31.7103,-0.6687],[31.7072,-0.6599],[31.7,-0.6569],[31.6945,-0.647],[31.6798,-0.6251],[31.676,-0.6109],[31.6784,-0.5946],[31.6871,-0.5845],[31.6827,-0.5818],[31.6877,-0.5609],[31.6912,-0.5572],[31.6833,-0.549],[31.6964,-0.5406],[31.7071,-0.5318],[31.6989,-0.5265],[31.6844,-0.524],[31.6755,-0.5153],[31.6671,-0.5145],[31.6582,-0.4997],[31.6593,-0.4915],[31.6651,-0.4852],[31.6667,-0.4751],[31.6662,-0.4607],[31.6625,-0.4577],[31.6575,-0.4443],[31.6451,-0.4397],[31.6214,-0.4442],[31.6163,-0.4428],[31.6035,-0.434],[31.5962,-0.4313],[31.593,-0.4338],[31.5905,-0.443],[31.5859,-0.4446],[31.5778,-0.4531],[31.5715,-0.4631],[31.5696,-0.4769],[31.5639,-0.4823],[31.5402,-0.4957],[31.5255,-0.4978],[31.5037,-0.5167],[31.4918,-0.5295],[31.4815,-0.5388],[31.4782,-0.5437],[31.4667,-0.5475],[31.4607,-0.5547],[31.4453,-0.5547],[31.4385,-0.5625],[31.4412,-0.5797],[31.4443,-0.5861],[31.44,-0.5981],[31.4748,-0.6141],[31.4798,-0.6321],[31.4892,-0.6386],[31.4895,-0.6658],[31.5025,-0.6742],[31.4995,-0.684],[31.5197,-0.7028],[31.5034,-0.7209],[31.5107,-0.7227],[31.5061,-0.7349],[31.4801,-0.7335],[31.4776,-0.7445],[31.4822,-0.754],[31.4898,-0.7629],[31.4871,-0.7672],[31.4867,-0.7773],[31.4841,-0.7816],[31.4833,-0.7997],[31.4876,-0.8068],[31.48,-0.8181],[31.4689,-0.8112],[31.4567,-0.818],[31.4499,-0.8178],[31.4468,-0.8309],[31.4428,-0.8327],[31.4309,-0.8493],[31.4127,-0.9019],[31.3936,-0.9413],[31.3894,-0.948],[31.3529,-0.9475],[31.32,-0.954],[31.3058,-0.9574],[31.2999,-0.9754],[31.287,-0.9814],[31.2942,-0.9993],[31.3922,-0.9997],[31.4217,-1.0003],[31.4436,-0.9998],[31.5005,-1.0002],[31.5064,-1.0008],[31.5715,-1.0016],[31.7334,-0.9996],[31.8006,-0.9995],[31.801,-0.9998],[31.9999,-0.9999],[32.0005,-0.8187]]]},"properties":{"name":"Kyotera","code":"UG1013","region":"BUGANDA"}},{"type":"Feature","geometry":{"type":"Polygon","coordinates":[[[33.3282,3.7641],[33.1796,3.776],[33.1584,3.7924],[33.0824,3.8502],[33.0718,3.8564],[33.0634,3.8646],[33.0285,3.8909],[32.9901,3.8677],[32.9019,3.8129],[32.7507,3.7735],[32.721,3.7651],[32.6357,3.7592],[32.4862,3.7488],[32.4667,3.746],[32.416,3.7429],[32.3035,3.6678],[32.2525,3.6332],[32.2202,3.6128],[32.1979,3.5978],[32.2033,3.5905],[32.2098,3.5893],[32.2152,3.5739],[32.2144,3.5669],[32.2187,3.5615],[32.2114,3.5523],[32.2079,3.5418],[32.2091,3.5376],[32.2022,3.5206],[32.2027,3.505],[32.201,3.5041],[32.1987,3.5006],[32.2007,3.4887],[32.2093,3.4819],[32.2181,3.48],[32.2187,3.4701],[32.223,3.4637],[32.2202,3.4573],[32.2276,3.4393],[32.2314,3.4347],[32.2465,3.4307],[32.2533,3.4244],[32.2571,3.4251],[32.2675,3.4206],[32.2705,3.4156],[32.2687,3.4042],[32.2726,3.3967],[32.2729,3.3884],[32.2785,3.3707],[32.2902,3.3564],[32.2893,3.3495],[32.295,3.3397],[32.304,3.3368],[32.3149,3.3217],[32.3247,3.3223],[32.3352,3.3275],[32.3458,3.3222],[32.3631,3.2991],[32.3764,3.2965],[32.3868,3.2846],[32.3887,3.2751],[32.3964,3.2596],[32.4158,3.2472],[32.4242,3.2469],[32.4315,3.2412],[32.4474,3.2362],[32.4484,3.2303],[32.4578,3.2308],[32.4597,3.2261],[32.4682,3.222],[32.4701,3.2155],[32.4784,3.2126],[32.4912,3.1999],[32.4902,3.1881],[32.4969,3.1841],[32.495,3.1776],[32.5006,3.1668],[32.5228,3.1585],[32.5354,3.1584],[32.548,3.1557],[32.5567,3.1614],[32.5623,3.1614],[32.5695,3.1572],[32.5937,3.152],[32.6145,3.1524],[32.6243,3.1548],[32.6283,3.1592],[32.6378,3.1568],[32.64,3.1596],[32.6518,3.1616],[32.6601,3.1696],[32.6684,3.1685],[32.6723,3.1742],[32.6793,3.1703],[32.684,3.1739],[32.6865,3.1823],[32.6977,3.1872],[32.7072,3.1869],[32.7087,3.1908],[32.7055,3.2002],[32.7097,3.2147],[32.7149,3.2202],[32.7133,3.2286],[32.7148,3.2386],[32.7193,3.2449],[32.7122,3.2602],[32.7134,3.2755],[32.7178,3.2876],[32.7155,3.2967],[32.7093,3.2999],[32.6954,3.3117],[32.713,3.3238],[32.7223,3.3431],[32.7313,3.3552],[32.732,3.3618],[32.7294,3.3792],[32.73,3.3914],[32.7336,3.3993],[32.7382,3.3972],[32.744,3.388],[32.755,3.3826],[32.7682,3.3787],[32.7976,3.3871],[32.8171,3.3895],[32.8295,3.3888],[32.8675,3.3934],[32.8772,3.3916],[32.8847,3.3946],[32.8912,3.4012],[32.8953,3.4087],[32.9042,3.4182],[32.9133,3.4169],[32.9153,3.4236],[32.92,3.4283],[32.9401,3.4382],[32.9505,3.436],[32.9503,3.4438],[32.9557,3.4507],[32.9658,3.4572],[32.968,3.4707],[32.9812,3.48],[32.9901,3.4809],[32.9988,3.4785],[33.0038,3.4796],[33.0076,3.49],[33.0147,3.4977],[33.0292,3.5019],[33.0322,3.5096],[33.0443,3.5222],[33.0551,3.5205],[33.062,3.5156],[33.0715,3.5152],[33.0879,3.5078],[33.0928,3.5021],[33.1087,3.4968],[33.1242,3.5007],[33.1333,3.5099],[33.1523,3.5081],[33.1629,3.5161],[33.181,3.5215],[33.1982,3.5216],[33.2205,3.516],[33.2391,3.5127],[33.2712,3.5139],[33.2678,3.5299],[33.2699,3.5344],[33.2699,3.5454],[33.2748,3.5514],[33.2759,3.5609],[33.2897,3.5714],[33.3065,3.5729],[33.3077,3.5777],[33.2993,3.6028],[33.2988,3.6103],[33.294,3.624],[33.2934,3.6349],[33.2948,3.6477],[33.3029,3.6703],[33.3121,3.6792],[33.3182,3.6896],[33.3126,3.7058],[33.3218,3.7167],[33.3259,3.7167],[33.33,3.7256],[33.328,3.7291],[33.3268,3.7424],[33.3299,3.7524],[33.3282,3.7641]]]},"properties":{"name":"Lamwo","code":"UG3082","region":"ACHOLI"}},{"type":"Feature","geometry":{"type":"Polygon","coordinates":[[[33.0066,2.5304],[33.0022,2.5337],[32.9931,2.5269],[32.9884,2.5289],[32.9906,2.5374],[32.9962,2.538],[32.9989,2.5488],[32.998,2.5539],[32.9848,2.5598],[32.978,2.5518],[32.971,2.5554],[32.9601,2.5499],[32.9551,2.5627],[32.9457,2.5604],[32.9398,2.5636],[32.9391,2.57],[32.9469,2.57],[32.9487,2.576],[32.9552,2.5826],[32.9604,2.5952],[32.9515,2.5969],[32.9499,2.6044],[32.9402,2.5951],[32.9295,2.5935],[32.9372,2.6115],[32.9291,2.6065],[32.9197,2.6063],[32.9189,2.5967],[32.9139,2.5944],[32.9044,2.6018],[32.9,2.5974],[32.894,2.5993],[32.89,2.6139],[32.8813,2.6189],[32.8722,2.6204],[32.8673,2.6259],[32.856,2.6204],[32.8507,2.6249],[32.8604,2.6446],[32.8572,2.6495],[32.8459,2.6495],[32.8369,2.6467],[32.8292,2.6478],[32.8254,2.6513],[32.8204,2.6491],[32.8106,2.6399],[32.817,2.6285],[32.8157,2.6218],[32.8086,2.6118],[32.7967,2.6002],[32.7972,2.5903],[32.7863,2.5874],[32.7874,2.5759],[32.7958,2.5666],[32.7972,2.5625],[32.7923,2.547],[32.7912,2.5339],[32.7983,2.5173],[32.7985,2.5026],[32.803,2.502],[32.8088,2.5098],[32.8202,2.5171],[32.8263,2.516],[32.8308,2.4973],[32.8358,2.4949],[32.8489,2.4976],[32.8635,2.508],[32.8685,2.5026],[32.8713,2.4844],[32.8777,2.473],[32.8812,2.4633],[32.8844,2.4452],[32.8918,2.4447],[32.899,2.439],[32.906,2.4265],[32.911,2.4087],[32.9135,2.4064],[32.9134,2.3953],[32.9211,2.3867],[32.9174,2.3728],[32.9189,2.3702],[32.9182,2.3567],[32.9095,2.3343],[32.8969,2.3295],[32.8909,2.3304],[32.8792,2.3255],[32.8743,2.3279],[32.8665,2.3241],[32.8596,2.3245],[32.8529,2.3108],[32.8503,2.3011],[32.8425,2.3032],[32.8348,2.3095],[32.8319,2.3193],[32.8209,2.3237],[32.8104,2.3256],[32.8114,2.3139],[32.8186,2.3062],[32.816,2.2869],[32.8188,2.2781],[32.8139,2.2669],[32.8105,2.2482],[32.8149,2.2439],[32.8224,2.2305],[32.8211,2.2189],[32.8288,2.2185],[32.8565,2.2092],[32.8629,2.2027],[32.8662,2.1953],[32.8756,2.194],[32.8795,2.1906],[32.887,2.1903],[32.8911,2.1835],[32.8983,2.1778],[32.9077,2.1778],[32.9149,2.1725],[32.9241,2.1463],[32.9247,2.1325],[32.8971,2.1096],[32.8991,2.1024],[32.8893,2.0954],[32.8802,2.0913],[32.873,2.0846],[32.8808,2.0778],[32.8942,2.0713],[32.9148,2.08],[32.9264,2.0784],[32.9356,2.0706],[32.9375,2.06],[32.9518,2.059],[32.975,2.0675],[32.9823,2.0614],[32.9909,2.0468],[33.0351,2.0122],[33.0434,2.0109],[33.0537,2.0157],[33.0558,2.0197],[33.059,2.0362],[33.0672,2.0463],[33.0795,2.0564],[33.0852,2.0649],[33.0946,2.0685],[33.1099,2.067],[33.1182,2.0695],[33.1349,2.0843],[33.1315,2.0971],[33.1355,2.1086],[33.1331,2.121],[33.1353,2.1311],[33.1195,2.1449],[33.1194,2.1523],[33.105,2.1678],[33.1203,2.1736],[33.1274,2.1708],[33.1405,2.1764],[33.1485,2.1824],[33.1517,2.1904],[33.1481,2.1936],[33.1437,2.2063],[33.1325,2.2161],[33.1245,2.2294],[33.1071,2.2336],[33.1017,2.2445],[33.1091,2.2478],[33.1164,2.2647],[33.1094,2.2755],[33.1071,2.2826],[33.1008,2.2878],[33.0984,2.3017],[33.0934,2.3084],[33.0887,2.306],[33.0651,2.3024],[33.0592,2.308],[33.0633,2.3132],[33.0607,2.3238],[33.0388,2.3276],[33.0348,2.3239],[33.0259,2.3227],[33.0137,2.3099],[33.0062,2.3116],[33.0024,2.3254],[32.9973,2.3317],[32.9982,2.3466],[32.9802,2.359],[32.9832,2.3812],[32.982,2.3939],[32.9965,2.4125],[33.0045,2.4175],[33.0051,2.4212],[33.0147,2.4325],[33.0176,2.4327],[33.026,2.4444],[33.0202,2.4537],[33.0224,2.4635],[33.0198,2.4714],[33.0155,2.4743],[33.0126,2.4842],[33.0144,2.4889],[33.01,2.4971],[33.0033,2.498],[33.0048,2.5038],[33.0129,2.5085],[33.0066,2.5304]]]},"properties":{"name":"Lira","code":"UG3083","region":"LANGO"}},{"type":"Feature","geometry":{"type":"Polygon","coordinates":[[[33.3968,0.9082],[33.4036,0.9232],[33.4079,0.9362],[33.4046,0.9486],[33.4053,0.9565],[33.4097,0.9626],[33.4092,0.9732],[33.4159,0.9889],[33.4173,0.9991],[33.396,1.004],[33.3835,0.9996],[33.3861,1.0264],[33.3788,1.0306],[33.371,1.0315],[33.3647,1.0442],[33.3526,1.0494],[33.3498,1.0559],[33.3549,1.0631],[33.335,1.0773],[33.3205,1.0569],[33.3069,1.0545],[33.3133,1.0421],[33.3124,1.04],[33.317,1.0227],[33.312,1.0183],[33.3069,1.0074],[33.2988,0.9991],[33.3068,0.9846],[33.3028,0.9672],[33.3014,0.9475],[33.3037,0.9331],[33.2976,0.9237],[33.296,0.9126],[33.2972,0.9057],[33.2911,0.8808],[33.284,0.8689],[33.2836,0.8627],[33.297,0.8582],[33.3049,0.8493],[33.2903,0.8432],[33.284,0.8368],[33.2812,0.8304],[33.2813,0.8182],[33.2788,0.8055],[33.2712,0.7929],[33.2622,0.7897],[33.2544,0.7902],[33.2505,0.7649],[33.2407,0.7554],[33.2358,0.7464],[33.2246,0.7384],[33.2266,0.7342],[33.2201,0.7296],[33.2216,0.7154],[33.2219,0.6932],[33.2232,0.6839],[33.2307,0.6807],[33.2447,0.668],[33.2532,0.664],[33.2637,0.6615],[33.2672,0.6644],[33.2821,0.658],[33.298,0.6436],[33.3075,0.6558],[33.3132,0.6579],[33.3419,0.6306],[33.3477,0.6296],[33.3517,0.6245],[33.3674,0.62],[33.3739,0.6205],[33.3795,0.6136],[33.3756,0.6032],[33.4019,0.596],[33.3981,0.5881],[33.3958,0.5762],[33.3967,0.5708],[33.4056,0.5617],[33.4165,0.5611],[33.4238,0.5649],[33.423,0.5785],[33.4179,0.589],[33.4153,0.5983],[33.4161,0.6039],[33.4128,0.6167],[33.4158,0.6252],[33.4147,0.6443],[33.4246,0.6708],[33.4249,0.6872],[33.4327,0.712],[33.4285,0.7258],[33.4223,0.7288],[33.4132,0.7395],[33.4067,0.7413],[33.4027,0.7554],[33.3916,0.7632],[33.391,0.776],[33.3872,0.7876],[33.3819,0.7967],[33.3754,0.8136],[33.3721,0.8255],[33.3686,0.8453],[33.3622,0.863],[33.3789,0.8806],[33.388,0.8926],[33.3968,0.9082]]]},"properties":{"name":"Luuka","code":"UG2051","region":"BUSOGA"}},{"type":"Feature","geometry":{"type":"Polygon","coordinates":[[[32.788,1.0751],[32.7651,1.0735],[32.735,1.0737],[32.7268,1.0706],[32.7157,1.0689],[32.6951,1.0722],[32.6877,1.0792],[32.6809,1.0827],[32.6702,1.0842],[32.6586,1.0972],[32.6537,1.1096],[32.6516,1.1227],[32.6323,1.1416],[32.6245,1.1438],[32.6182,1.1403],[32.6143,1.1345],[32.6115,1.1195],[32.5983,1.1139],[32.5827,1.0926],[32.5752,1.0859],[32.5691,1.0689],[32.5715,1.0589],[32.5767,1.0535],[32.5762,1.044],[32.5707,1.0391],[32.5587,1.0326],[32.5559,1.0283],[32.5565,1.0185],[32.5619,1.0091],[32.5613,0.9941],[32.5635,0.9805],[32.5708,0.981],[32.5761,0.9881],[32.5842,0.9863],[32.5804,0.9713],[32.5662,0.9612],[32.5516,0.9588],[32.5377,0.9596],[32.5086,0.9717],[32.5002,0.9766],[32.4936,0.9878],[32.4883,0.9916],[32.4771,1.0113],[32.469,1.0187],[32.4643,1.0267],[32.4485,1.0381],[32.435,1.0499],[32.4313,1.0554],[32.4323,1.0605],[32.4265,1.0695],[32.4195,1.0755],[32.411,1.0783],[32.4053,1.0844],[32.397,1.1001],[32.3962,1.1063],[32.3838,1.1137],[32.3786,1.1213],[32.3738,1.1364],[32.3637,1.13],[32.3587,1.1175],[32.359,1.088],[32.3552,1.0732],[32.3501,1.0608],[32.3493,1.0483],[32.3456,1.036],[32.347,1.0265],[32.348,1.0057],[32.3574,0.9791],[32.3594,0.9649],[32.3685,0.9496],[32.3775,0.9444],[32.389,0.9333],[32.3945,0.9193],[32.395,0.9065],[32.4011,0.8924],[32.4156,0.8729],[32.422,0.8556],[32.4436,0.8153],[32.4518,0.8106],[32.4615,0.7956],[32.4638,0.7835],[32.4627,0.7715],[32.4656,0.7641],[32.4709,0.7407],[32.476,0.7367],[32.4912,0.7295],[32.5001,0.7027],[32.4989,0.6929],[32.4893,0.6955],[32.4764,0.6934],[32.4705,0.6897],[32.4666,0.6816],[32.4595,0.678],[32.4666,0.6693],[32.4605,0.6631],[32.4517,0.6678],[32.4479,0.6641],[32.4338,0.6603],[32.4274,0.656],[32.4163,0.6665],[32.3961,0.6616],[32.3909,0.6548],[32.3775,0.6459],[32.3443,0.6297],[32.3437,0.6175],[32.3341,0.6118],[32.3301,0.5873],[32.3222,0.5822],[32.3196,0.5709],[32.3211,0.5645],[32.333,0.552],[32.3396,0.5571],[32.359,0.5651],[32.3677,0.5671],[32.3771,0.5663],[32.3939,0.5733],[32.4038,0.5704],[32.4164,0.5638],[32.4416,0.5638],[32.4476,0.5629],[32.4592,0.5667],[32.4732,0.5677],[32.4861,0.5595],[32.4943,0.5625],[32.5007,0.5615],[32.5115,0.5653],[32.5211,0.5667],[32.5267,0.5636],[32.5328,0.5506],[32.537,0.5477],[32.5584,0.5684],[32.5682,0.5689],[32.57,0.5768],[32.5803,0.5842],[32.5871,0.575],[32.6001,0.5722],[32.6095,0.5638],[32.6183,0.5682],[32.6301,0.5652],[32.6382,0.5596],[32.6496,0.5569],[32.6595,0.5576],[32.6651,0.5614],[32.6817,0.5573],[32.689,0.5643],[32.7014,0.5706],[32.7142,0.5803],[32.7233,0.5937],[32.7318,0.603],[32.7344,0.6172],[32.751,0.6449],[32.7518,0.6632],[32.7557,0.6791],[32.754,0.7031],[32.7618,0.7235],[32.7585,0.7397],[32.7614,0.7727],[32.7589,0.7802],[32.7592,0.798],[32.7611,0.8184],[32.7722,0.838],[32.7874,0.8541],[32.7946,0.8557],[32.7959,0.8745],[32.7892,0.8916],[32.7866,0.9055],[32.7859,0.9381],[32.7809,0.9805],[32.777,0.9976],[32.7783,1.0158],[32.7829,1.0388],[32.788,1.0751]]]},"properties":{"name":"Luwero","code":"UG1014","region":"BUGANDA"}},{"type":"Feature","geometry":{"type":"Polygon","coordinates":[[[31.7123,-0.3044],[31.7045,-0.3063],[31.6917,-0.3065],[31.6894,-0.3019],[31.6722,-0.302],[31.6666,-0.295],[31.6565,-0.2975],[31.6495,-0.2967],[31.6403,-0.3024],[31.6279,-0.3037],[31.5972,-0.2957],[31.5896,-0.3256],[31.5711,-0.3315],[31.558,-0.3214],[31.5465,-0.3198],[31.5464,-0.3342],[31.5367,-0.3395],[31.5277,-0.3353],[31.5288,-0.3306],[31.5262,-0.3136],[31.5039,-0.3181],[31.4952,-0.3158],[31.4754,-0.3171],[31.4624,-0.3135],[31.4452,-0.3158],[31.438,-0.3184],[31.4253,-0.3165],[31.4084,-0.3261],[31.3974,-0.3393],[31.384,-0.346],[31.3597,-0.333],[31.354,-0.3228],[31.3358,-0.3158],[31.2973,-0.3103],[31.2881,-0.3017],[31.2813,-0.3119],[31.2635,-0.323],[31.2374,-0.3208],[31.2318,-0.3188],[31.2284,-0.3235],[31.2284,-0.3313],[31.2175,-0.3443],[31.1948,-0.3605],[31.1874,-0.3685],[31.1869,-0.3736],[31.1792,-0.3798],[31.1764,-0.401],[31.168,-0.4113],[31.1702,-0.4173],[31.1862,-0.4203],[31.1939,-0.4162],[31.2077,-0.4358],[31.2115,-0.4385],[31.2192,-0.4566],[31.2349,-0.4556],[31.2441,-0.458],[31.2504,-0.464],[31.268,-0.4846],[31.3141,-0.4935],[31.3608,-0.5271],[31.389,-0.5751],[31.4033,-0.5816],[31.4093,-0.5883],[31.421,-0.5867],[31.4268,-0.5899],[31.4302,-0.5969],[31.44,-0.5981],[31.4443,-0.5861],[31.4412,-0.5797],[31.4385,-0.5625],[31.4453,-0.5547],[31.4607,-0.5547],[31.4667,-0.5475],[31.4782,-0.5437],[31.4815,-0.5388],[31.4918,-0.5295],[31.5037,-0.5167],[31.5255,-0.4978],[31.5402,-0.4957],[31.5639,-0.4823],[31.5696,-0.4769],[31.5715,-0.4631],[31.5778,-0.4531],[31.5859,-0.4446],[31.5905,-0.443],[31.593,-0.4338],[31.5962,-0.4313],[31.5914,-0.4094],[31.5844,-0.3824],[31.5851,-0.3679],[31.597,-0.3703],[31.6031,-0.3694],[31.6201,-0.3811],[31.6388,-0.388],[31.6463,-0.3874],[31.6574,-0.3801],[31.6587,-0.3754],[31.6708,-0.3722],[31.6809,-0.3801],[31.6936,-0.3796],[31.7031,-0.3696],[31.7046,-0.3521],[31.7093,-0.3454],[31.7014,-0.34],[31.6959,-0.3336],[31.6962,-0.3213],[31.7146,-0.3194],[31.7123,-0.3044]]]},"properties":{"name":"Lwengo","code":"UG1015","region":"BUGANDA"}},{"type":"Feature","geometry":{"type":"Polygon","coordinates":[[[31.2881,-0.3017],[31.2928,-0.2917],[31.2952,-0.2755],[31.2932,-0.2689],[31.304,-0.2502],[31.3065,-0.2369],[31.3117,-0.2235],[31.3136,-0.2148],[31.3268,-0.1985],[31.3316,-0.1839],[31.3328,-0.1677],[31.3303,-0.14],[31.324,-0.1141],[31.3243,-0.11],[31.3048,-0.1052],[31.2659,-0.094],[31.2507,-0.0882],[31.2144,-0.0708],[31.2067,-0.0696],[31.2065,-0.0495],[31.1858,-0.0444],[31.161,-0.036],[31.1635,-0.0305],[31.1271,-0.0306],[31.1165,-0.0409],[31.101,-0.0397],[31.0914,-0.0439],[31.0986,-0.0544],[31.0978,-0.0646],[31.0989,-0.0774],[31.1024,-0.0869],[31.1022,-0.0932],[31.0979,-0.1171],[31.0986,-0.125],[31.0944,-0.1399],[31.0914,-0.1574],[31.0837,-0.1723],[31.0797,-0.1928],[31.0707,-0.2095],[31.0743,-0.2186],[31.0746,-0.2252],[31.0685,-0.2424],[31.0718,-0.254],[31.0743,-0.2751],[31.0789,-0.2843],[31.082,-0.304],[31.0897,-0.3184],[31.0923,-0.3275],[31.1032,-0.3391],[31.1154,-0.3752],[31.1247,-0.3912],[31.1241,-0.4031],[31.1323,-0.4202],[31.1529,-0.4408],[31.1547,-0.4695],[31.1531,-0.4802],[31.1547,-0.49],[31.1614,-0.4878],[31.1721,-0.4929],[31.1786,-0.4932],[31.1889,-0.4846],[31.1936,-0.4758],[31.2034,-0.463],[31.2192,-0.4566],[31.2115,-0.4385],[31.2077,-0.4358],[31.1939,-0.4162],[31.1862,-0.4203],[31.1702,-0.4173],[31.168,-0.4113],[31.1764,-0.401],[31.1792,-0.3798],[31.1869,-0.3736],[31.1874,-0.3685],[31.1948,-0.3605],[31.2175,-0.3443],[31.2284,-0.3313],[31.2284,-0.3235],[31.2318,-0.3188],[31.2374,-0.3208],[31.2635,-0.323],[31.2813,-0.3119],[31.2881,-0.3017]]]},"properties":{"name":"Lyantonde","code":"UG1016","region":"BUGANDA"}},{"type":"Feature","geometry":{"type":"Polygon","coordinates":[[[31.4088,3.184],[31.4016,3.1783],[31.3886,3.18],[31.3835,3.1841],[31.3832,3.192],[31.3725,3.1913],[31.374,3.1859],[31.3694,3.1823],[31.3696,3.1743],[31.3638,3.1615],[31.3577,3.1628],[31.3497,3.1604],[31.3479,3.1537],[31.3497,3.1452],[31.3474,3.1422],[31.3444,3.1258],[31.3387,3.1144],[31.3453,3.1138],[31.3491,3.1056],[31.3323,3.097],[31.3234,3.0969],[31.3133,3.0857],[31.3118,3.0806],[31.3048,3.0805],[31.3017,3.0761],[31.2889,3.0737],[31.2831,3.0786],[31.2779,3.0872],[31.2537,3.0988],[31.2459,3.0968],[31.2459,3.0877],[31.252,3.0784],[31.2466,3.0735],[31.2412,3.0781],[31.2271,3.0745],[31.2224,3.0683],[31.2121,3.0691],[31.2084,3.0763],[31.2028,3.0787],[31.1962,3.0769],[31.184,3.0678],[31.1735,3.0537],[31.1704,3.0415],[31.1714,3.0268],[31.1682,3.0132],[31.1648,3.0078],[31.1793,3.0039],[31.1813,3.0061],[31.2013,3.0011],[31.2041,2.9963],[31.1822,2.9944],[31.1818,2.9886],[31.1774,2.9768],[31.1711,2.9741],[31.1602,2.9657],[31.1549,2.9545],[31.1462,2.9464],[31.1344,2.9281],[31.1305,2.9138],[31.1251,2.9082],[31.1176,2.9119],[31.11,2.9114],[31.0962,2.8877],[31.1041,2.861],[31.1023,2.8475],[31.0964,2.8382],[31.0853,2.8308],[31.0773,2.829],[31.0579,2.8341],[31.0495,2.8383],[31.041,2.8381],[31.0304,2.8274],[31.0197,2.8232],[31.0162,2.8083],[31.0094,2.8061],[31.006,2.7995],[31.0095,2.7936],[31.0083,2.7834],[31.0147,2.7724],[31.0142,2.7511],[30.9972,2.7338],[30.9816,2.7062],[30.9767,2.6878],[30.9785,2.6763],[30.9838,2.6581],[30.9837,2.635],[30.9813,2.6139],[30.9847,2.5956],[31.0205,2.5752],[31.0662,2.5497],[31.1017,2.5477],[31.1256,2.5407],[31.1356,2.5481],[31.1526,2.553],[31.1577,2.5617],[31.1667,2.5664],[31.1745,2.5644],[31.1765,2.5679],[31.1864,2.5687],[31.1929,2.5808],[31.1975,2.5771],[31.2048,2.5847],[31.2088,2.5851],[31.2215,2.6012],[31.2215,2.6139],[31.2354,2.6211],[31.2341,2.6283],[31.2367,2.6367],[31.2446,2.64],[31.2475,2.6461],[31.2519,2.6461],[31.2672,2.6553],[31.2682,2.6603],[31.2763,2.6676],[31.292,2.6754],[31.285,2.6978],[31.2854,2.7019],[31.3008,2.7192],[31.3184,2.732],[31.3272,2.7338],[31.3307,2.737],[31.3266,2.7435],[31.3256,2.7511],[31.3297,2.7577],[31.34,2.7641],[31.3487,2.7659],[31.3593,2.7708],[31.3869,2.7756],[31.3818,2.786],[31.3783,2.8021],[31.3726,2.8143],[31.3615,2.8342],[31.3621,2.847],[31.3726,2.8532],[31.3752,2.8602],[31.371,2.8787],[31.3718,2.8846],[31.3797,2.903],[31.3939,2.9161],[31.3992,2.9269],[31.3981,2.9458],[31.4031,2.9512],[31.4177,2.9523],[31.4152,2.964],[31.4113,2.9687],[31.4038,2.9701],[31.401,2.9796],[31.4027,2.9843],[31.4113,2.991],[31.4301,3.0023],[31.4347,3.0097],[31.4353,3.0169],[31.4429,3.0221],[31.4547,3.0338],[31.4654,3.035],[31.4745,3.0335],[31.4785,3.0355],[31.4742,3.0505],[31.4775,3.067],[31.4865,3.0751],[31.502,3.0981],[31.5085,3.1159],[31.5161,3.1239],[31.5244,3.1429],[31.536,3.1464],[31.5391,3.1507],[31.5006,3.1714],[31.4954,3.1709],[31.4833,3.1824],[31.4784,3.1891],[31.4687,3.1884],[31.464,3.1851],[31.455,3.1871],[31.4507,3.1843],[31.44,3.1824],[31.4125,3.1812],[31.4088,3.184]]]},"properties":{"name":"Madi Okollo","code":"UG3084","region":"WESTNILE"}},{"type":"Feature","geometry":{"type":"Polygon","coordinates":[[[34.3563,0.9806],[34.3556,0.9988],[34.3459,0.9986],[34.3307,1.0073],[34.3218,0.9974],[34.3125,0.9928],[34.3091,0.9824],[34.3035,0.9822],[34.3022,0.9703],[34.2952,0.9697],[34.2916,0.9647],[34.2843,0.9625],[34.268,0.9634],[34.2573,0.9577],[34.2496,0.9513],[34.2481,0.9438],[34.2371,0.9411],[34.2205,0.9015],[34.2161,0.8753],[34.2122,0.8676],[34.2125,0.8585],[34.2065,0.8561],[34.1922,0.8358],[34.1831,0.8292],[34.1922,0.817],[34.2031,0.8115],[34.2176,0.8078],[34.224,0.8029],[34.2378,0.7813],[34.2519,0.773],[34.2606,0.7694],[34.2727,0.7595],[34.2857,0.7576],[34.285,0.7624],[34.289,0.7725],[34.2945,0.7975],[34.2998,0.8023],[34.3032,0.8108],[34.3041,0.8206],[34.3167,0.8281],[34.3239,0.8388],[34.3243,0.8538],[34.3192,0.86],[34.3182,0.8691],[34.3232,0.879],[34.3243,0.8899],[34.3198,0.8907],[34.3179,0.8974],[34.3117,0.9057],[34.3041,0.9123],[34.3059,0.9177],[34.3073,0.9537],[34.3114,0.9622],[34.3248,0.9558],[34.334,0.9555],[34.3398,0.9591],[34.3487,0.9602],[34.353,0.9705],[34.3523,0.977],[34.3563,0.9806]]]},"properties":{"name":"Manafwa","code":"UG2052","region":"ELGON"}},{"type":"Feature","geometry":{"type":"Polygon","coordinates":[[[31.0459,3.3223],[31.0425,3.3321],[31.0315,3.3338],[31.019,3.3315],[31.0083,3.3317],[30.9869,3.3383],[30.9833,3.3238],[30.9739,3.3304],[30.9577,3.3289],[30.9519,3.3346],[30.9465,3.332],[30.9367,3.3431],[30.9364,3.3488],[30.9262,3.3622],[30.918,3.3693],[30.9124,3.3657],[30.9105,3.3596],[30.9023,3.356],[30.8943,3.3421],[30.8885,3.3355],[30.8914,3.3282],[30.8917,3.3197],[30.884,3.3075],[30.8746,3.3004],[30.8757,3.2912],[30.8672,3.2833],[30.8714,3.2778],[30.8659,3.2734],[30.857,3.2722],[30.842,3.2662],[30.839,3.2606],[30.8369,3.2483],[30.8421,3.24],[30.8309,3.2255],[30.8274,3.215],[30.8304,3.2015],[30.8253,3.1953],[30.8227,3.187],[30.8155,3.1739],[30.8095,3.1549],[30.8098,3.1397],[30.8029,3.1332],[30.8197,3.1295],[30.821,3.1186],[30.8341,3.1181],[30.8407,3.1238],[30.856,3.1293],[30.8593,3.1327],[30.8725,3.1353],[30.8805,3.131],[30.8838,3.1242],[30.891,3.1234],[30.9061,3.125],[30.919,3.1203],[30.9335,3.1215],[30.9402,3.1257],[30.9469,3.1472],[30.9525,3.1497],[30.9524,3.1551],[30.9584,3.1592],[30.9601,3.1686],[30.9693,3.1689],[30.9722,3.178],[30.979,3.1863],[30.9879,3.1868],[30.9916,3.1902],[30.9979,3.1879],[30.9991,3.1936],[30.9963,3.2152],[31.0012,3.221],[31.0049,3.2311],[31.0102,3.2305],[31.0113,3.2386],[31.0152,3.2466],[31.0202,3.2477],[31.0273,3.2539],[31.0231,3.265],[31.0345,3.2773],[31.0393,3.2735],[31.0494,3.2711],[31.0531,3.2678],[31.064,3.2734],[31.0728,3.2758],[31.0677,3.2866],[31.0737,3.2876],[31.0696,3.2956],[31.0544,3.3052],[31.0478,3.3139],[31.0459,3.3223]]]},"properties":{"name":"Maracha","code":"UG3085","region":"WESTNILE"}},{"type":"Feature","geometry":{"type":"Polygon","coordinates":[[[32.0005,-0.8187],[32.0004,-0.7434],[32.0005,-0.6142],[32.0005,-0.464],[32.0007,-0.3854],[32.0445,-0.3472],[32.0574,-0.3298],[32.0603,-0.3188],[32.0611,-0.3005],[32.0591,-0.2884],[32.0532,-0.2752],[32.0003,-0.2191],[32.0004,-0.1537],[31.9877,-0.1569],[31.9664,-0.1662],[31.9581,-0.1729],[31.9488,-0.1845],[31.9379,-0.1947],[31.9306,-0.2054],[31.9175,-0.2158],[31.8969,-0.2187],[31.8962,-0.2212],[31.8835,-0.226],[31.883,-0.2394],[31.8768,-0.2454],[31.8771,-0.2527],[31.8679,-0.2578],[31.8552,-0.2576],[31.8472,-0.2625],[31.8345,-0.2465],[31.8262,-0.2469],[31.8175,-0.2416],[31.8137,-0.2364],[31.8085,-0.2361],[31.8055,-0.2429],[31.7892,-0.2325],[31.7854,-0.2419],[31.7924,-0.2457],[31.7909,-0.2534],[31.7869,-0.2592],[31.7817,-0.2741],[31.7758,-0.2731],[31.7631,-0.2765],[31.7398,-0.2756],[31.7344,-0.2704],[31.7243,-0.2563],[31.721,-0.2548],[31.7141,-0.2648],[31.7082,-0.2814],[31.7123,-0.3044],[31.7146,-0.3194],[31.6962,-0.3213],[31.6959,-0.3336],[31.7014,-0.34],[31.7093,-0.3454],[31.7046,-0.3521],[31.7031,-0.3696],[31.6936,-0.3796],[31.6809,-0.3801],[31.6708,-0.3722],[31.6587,-0.3754],[31.6574,-0.3801],[31.6463,-0.3874],[31.6388,-0.388],[31.6201,-0.3811],[31.6031,-0.3694],[31.597,-0.3703],[31.5851,-0.3679],[31.5844,-0.3824],[31.5914,-0.4094],[31.5962,-0.4313],[31.6035,-0.434],[31.6163,-0.4428],[31.6214,-0.4442],[31.6451,-0.4397],[31.6575,-0.4443],[31.6625,-0.4577],[31.6662,-0.4607],[31.6667,-0.4751],[31.6651,-0.4852],[31.6593,-0.4915],[31.6582,-0.4997],[31.6671,-0.5145],[31.6755,-0.5153],[31.6844,-0.524],[31.6989,-0.5265],[31.7071,-0.5318],[31.6964,-0.5406],[31.6833,-0.549],[31.6912,-0.5572],[31.6877,-0.5609],[31.6827,-0.5818],[31.6871,-0.5845],[31.6784,-0.5946],[31.676,-0.6109],[31.6798,-0.6251],[31.6945,-0.647],[31.7,-0.6569],[31.7072,-0.6599],[31.7103,-0.6687],[31.7164,-0.6779],[31.7174,-0.6894],[31.7209,-0.6996],[31.7285,-0.7107],[31.744,-0.7279],[31.7513,-0.7343],[31.7651,-0.7414],[31.7848,-0.7489],[31.7919,-0.7528],[31.801,-0.7528],[31.8922,-0.7964],[32.0005,-0.8187]]]},"properties":{"name":"Masaka","code":"UG1017","region":"BUGANDA"}},{"type":"Feature","geometry":{"type":"Polygon","coordinates":[[[32.0844,1.6337],[32.0786,1.6283],[32.0717,1.6258],[32.0603,1.6262],[32.0485,1.6232],[32.04,1.6247],[32.0354,1.628],[32.0129,1.6273],[32.0054,1.6236],[32.0005,1.6181],[31.983,1.613],[31.9759,1.6162],[31.9723,1.6295],[31.9681,1.6387],[31.9624,1.6424],[31.9521,1.6448],[31.9479,1.6492],[31.9339,1.6539],[31.9121,1.6586],[31.9049,1.663],[31.9036,1.6671],[31.9107,1.6776],[31.9146,1.689],[31.9136,1.7132],[31.9196,1.7284],[31.9102,1.7388],[31.9133,1.7514],[31.9141,1.7651],[31.9074,1.7694],[31.9063,1.7781],[31.9096,1.7837],[31.9009,1.7901],[31.8862,1.8077],[31.891,1.8181],[31.8861,1.8247],[31.8861,1.8337],[31.8772,1.852],[31.881,1.8551],[31.8859,1.8662],[31.8919,1.8702],[31.8977,1.8828],[31.8982,1.8914],[31.9041,1.8965],[31.9136,1.8959],[31.9186,1.9037],[31.9111,1.9065],[31.9037,1.916],[31.8964,1.917],[31.896,1.9323],[31.8866,1.946],[31.8808,1.9601],[31.882,1.9649],[31.7672,1.9845],[31.7638,1.9942],[31.7577,1.995],[31.7554,1.9994],[31.7575,2.0128],[31.7479,2.0244],[31.7433,2.0332],[31.746,2.0518],[31.7493,2.2236],[31.7504,2.3015],[31.7403,2.2954],[31.7362,2.2965],[31.7218,2.2906],[31.7053,2.2871],[31.6992,2.2889],[31.694,2.2758],[31.6867,2.2786],[31.6769,2.2752],[31.6664,2.2736],[31.6536,2.2653],[31.6477,2.2589],[31.6379,2.2584],[31.6279,2.271],[31.6193,2.2744],[31.6079,2.2713],[31.6019,2.2722],[31.5886,2.2808],[31.5795,2.2846],[31.5542,2.2843],[31.5376,2.2734],[31.5374,2.2372],[31.5382,2.1288],[31.5391,2.0106],[31.5644,1.9796],[31.5707,1.9767],[31.5872,1.9733],[31.5986,1.9657],[31.6107,1.9604],[31.6183,1.964],[31.6201,1.9594],[31.5854,1.9388],[31.5798,1.9285],[31.5608,1.9116],[31.5431,1.9055],[31.5405,1.8983],[31.5487,1.8991],[31.5529,1.8936],[31.5501,1.8853],[31.5515,1.8798],[31.5582,1.8735],[31.56,1.8683],[31.5694,1.8603],[31.577,1.863],[31.5836,1.8603],[31.5804,1.8467],[31.58,1.8377],[31.5765,1.8355],[31.5811,1.8246],[31.5796,1.8171],[31.5864,1.8126],[31.5846,1.8065],[31.5869,1.7999],[31.5842,1.7913],[31.5895,1.7873],[31.5832,1.7786],[31.5878,1.771],[31.5846,1.7646],[31.588,1.7573],[31.5741,1.7592],[31.5561,1.7566],[31.5567,1.7468],[31.5425,1.7364],[31.5365,1.7358],[31.5249,1.7289],[31.5196,1.7335],[31.5117,1.7334],[31.516,1.7241],[31.5146,1.7168],[31.5062,1.7122],[31.5008,1.6953],[31.4875,1.6945],[31.4833,1.6989],[31.4553,1.693],[31.447,1.6874],[31.4434,1.6822],[31.4309,1.6808],[31.4211,1.6767],[31.4153,1.6773],[31.4054,1.6746],[31.4042,1.6804],[31.4107,1.6848],[31.4053,1.6924],[31.3964,1.6923],[31.3897,1.6963],[31.3837,1.6803],[31.3808,1.678],[31.3786,1.6649],[31.38,1.6594],[31.373,1.6428],[31.3753,1.6357],[31.3733,1.6303],[31.3741,1.6218],[31.3678,1.6137],[31.3742,1.6046],[31.3887,1.6011],[31.4002,1.6058],[31.4055,1.6099],[31.4216,1.6142],[31.4369,1.6158],[31.4447,1.6073],[31.4535,1.6129],[31.4584,1.6122],[31.4601,1.6052],[31.4642,1.601],[31.4772,1.5957],[31.484,1.5964],[31.4892,1.5852],[31.4862,1.5727],[31.4775,1.5732],[31.4829,1.5578],[31.4828,1.5519],[31.4788,1.5462],[31.4834,1.538],[31.4857,1.5289],[31.4838,1.5217],[31.4872,1.5177],[31.4962,1.519],[31.5039,1.5155],[31.5069,1.5078],[31.5261,1.4939],[31.5296,1.4866],[31.53,1.4798],[31.5428,1.4673],[31.5507,1.4516],[31.5552,1.4485],[31.5691,1.449],[31.5872,1.4402],[31.5882,1.434],[31.5789,1.4211],[31.5739,1.4052],[31.5798,1.3989],[31.5813,1.3874],[31.5801,1.3809],[31.5843,1.3641],[31.583,1.3571],[31.6062,1.3459],[31.6104,1.3417],[31.6168,1.3436],[31.6233,1.3415],[31.6365,1.3463],[31.6497,1.3474],[31.6659,1.343],[31.6797,1.3346],[31.6909,1.3365],[31.6945,1.3342],[31.7178,1.3335],[31.7385,1.3232],[31.7439,1.3255],[31.7535,1.3243],[31.7663,1.3337],[31.7729,1.3345],[31.7755,1.3428],[31.7849,1.3467],[31.7935,1.3547],[31.8069,1.3541],[31.8215,1.3591],[31.8314,1.3595],[31.8373,1.3629],[31.8463,1.3718],[31.8529,1.3811],[31.8599,1.3839],[31.8641,1.3902],[31.8621,1.3935],[31.8731,1.4124],[31.8787,1.415],[31.8851,1.4245],[31.8999,1.4295],[31.9051,1.4373],[31.9133,1.4402],[31.9118,1.4474],[31.9208,1.4515],[31.9296,1.4505],[31.9562,1.4606],[31.9621,1.4591],[31.9752,1.4661],[31.9719,1.4799],[31.9684,1.4862],[31.976,1.4963],[31.9722,1.5043],[31.9855,1.5113],[31.9897,1.5167],[31.988,1.5275],[32.0034,1.5377],[32.0094,1.535],[32.0231,1.5429],[32.0302,1.5411],[32.0382,1.5451],[32.0457,1.5424],[32.0499,1.5579],[32.0539,1.5593],[32.0576,1.5721],[32.0621,1.5712],[32.0635,1.5787],[32.0718,1.5756],[32.0764,1.5878],[32.0811,1.5857],[32.0898,1.5912],[32.0901,1.6065],[32.0844,1.61],[32.0911,1.6153],[32.0904,1.6243],[32.0844,1.6337]]]},"properties":{"name":"Masindi","code":"UG4125","region":"BUNYORO"}},{"type":"Feature","geometry":{"type":"Polygon","coordinates":[[[33.3756,0.6032],[33.3693,0.5957],[33.3655,0.6067],[33.357,0.6078],[33.3574,0.599],[33.354,0.5952],[33.3532,0.5832],[33.3713,0.5838],[33.3558,0.5641],[33.3532,0.5586],[33.3669,0.5417],[33.3569,0.5413],[33.3408,0.5337],[33.3413,0.5257],[33.3373,0.5169],[33.3249,0.5161],[33.3321,0.4989],[33.3229,0.4885],[33.3067,0.4823],[33.3097,0.4743],[33.303,0.4683],[33.2949,0.4703],[33.2911,0.4798],[33.2834,0.4733],[33.2815,0.4626],[33.2822,0.3889],[33.2889,0.3818],[33.2912,0.3761],[33.2891,0.3585],[33.2926,0.3444],[33.2964,0.3385],[33.304,0.3339],[33.3342,0.333],[33.3499,0.3299],[33.368,0.3207],[33.3856,0.3107],[33.3923,0.3007],[33.3946,0.2848],[33.3973,0.2771],[33.4071,0.2672],[33.4159,0.2559],[33.422,0.2505],[33.4189,0.2426],[33.4176,0.2299],[33.4218,0.2198],[33.4262,0.2161],[33.4262,0.21],[33.4763,0.1599],[33.4954,0.1509],[33.5264,0.1403],[33.5307,0.149],[33.5382,0.152],[33.5374,0.1357],[33.5338,0.1261],[33.542,0.1091],[33.5431,0.1019],[33.5475,0.0945],[33.5561,0.086],[33.5435,0.0447],[33.5372,0.0164],[33.5222,-0.0269],[33.5216,-0.0946],[33.5219,-0.1493],[33.5211,-0.3161],[33.5211,-0.3958],[33.5236,-0.9992],[33.5201,-0.9992],[33.5959,-0.9992],[33.6579,-0.9991],[33.6591,-0.3556],[33.6593,-0.2538],[33.6591,-0.1573],[33.6592,-0.0679],[33.6778,-0.0654],[33.6898,-0.059],[33.6992,-0.0459],[33.7033,-0.0351],[33.7045,-0.0213],[33.7024,-0.0065],[33.6935,0.0053],[33.6819,0.0093],[33.6679,0.0092],[33.6591,0.0076],[33.659,0.1041],[33.6588,0.2323],[33.6592,0.2593],[33.6939,0.3042],[33.7003,0.3105],[33.7015,0.3207],[33.7045,0.3285],[33.7043,0.3355],[33.6989,0.3427],[33.7003,0.3555],[33.7052,0.3612],[33.7112,0.3633],[33.7052,0.3737],[33.7082,0.3894],[33.7091,0.4014],[33.707,0.4089],[33.6968,0.4118],[33.6771,0.4132],[33.6672,0.4061],[33.656,0.4176],[33.6563,0.4236],[33.6497,0.4255],[33.6347,0.449],[33.6283,0.4519],[33.6256,0.4609],[33.6205,0.4584],[33.6137,0.4635],[33.6179,0.4424],[33.61,0.4446],[33.5771,0.444],[33.5719,0.4475],[33.5772,0.4618],[33.5681,0.4697],[33.5622,0.4723],[33.5434,0.4884],[33.5479,0.5049],[33.5463,0.512],[33.5527,0.5167],[33.5554,0.5266],[33.5459,0.5272],[33.5454,0.5357],[33.5419,0.5425],[33.5364,0.5436],[33.529,0.5517],[33.5232,0.5452],[33.5074,0.5447],[33.5045,0.5407],[33.4905,0.5364],[33.4835,0.5426],[33.4799,0.5529],[33.4557,0.5527],[33.45,0.5483],[33.4409,0.5527],[33.4275,0.5516],[33.4238,0.5649],[33.4165,0.5611],[33.4056,0.5617],[33.3967,0.5708],[33.3958,0.5762],[33.3981,0.5881],[33.4019,0.596],[33.3756,0.6032]]]},"properties":{"name":"Mayuge","code":"UG2053","region":"BUSOGA"}},{"type":"Feature","geometry":{"type":"Polygon","coordinates":[[[34.17,1.1603],[34.1623,1.1653],[34.1534,1.1646],[34.1465,1.1593],[34.1372,1.164],[34.134,1.1691],[34.1203,1.1746],[34.1249,1.1695],[34.1297,1.1527],[34.1365,1.1447],[34.1313,1.1178],[34.1349,1.104],[34.1391,1.1003],[34.1387,1.0922],[34.1315,1.0847],[34.1248,1.0744],[34.1198,1.0686],[34.1155,1.0683],[34.1046,1.0506],[34.0844,1.0459],[34.0812,1.0404],[34.1086,1.0235],[34.1184,1.0231],[34.1201,1.0202],[34.1295,1.0184],[34.1333,1.0146],[34.1205,1.0022],[34.1296,0.9916],[34.1239,0.9868],[34.1265,0.9748],[34.1253,0.9714],[34.1287,0.9561],[34.1266,0.9381],[34.1173,0.9352],[34.121,0.9287],[34.1157,0.9206],[34.1083,0.9025],[34.1192,0.8936],[34.1243,0.8952],[34.14,0.8805],[34.1547,0.8717],[34.1757,0.8609],[34.1796,0.8571],[34.1807,0.8408],[34.1842,0.8337],[34.1831,0.8292],[34.1922,0.8358],[34.2065,0.8561],[34.2125,0.8585],[34.2122,0.8676],[34.2161,0.8753],[34.2205,0.9015],[34.2371,0.9411],[34.2481,0.9438],[34.2496,0.9513],[34.2573,0.9577],[34.268,0.9634],[34.2843,0.9625],[34.2819,0.9683],[34.2795,0.9835],[34.2715,0.9928],[34.2737,1.0055],[34.2836,1.0144],[34.2897,1.0276],[34.2971,1.0329],[34.3104,1.0477],[34.3081,1.054],[34.3158,1.0713],[34.3255,1.0796],[34.3386,1.0792],[34.3369,1.0873],[34.3309,1.091],[34.3237,1.1017],[34.2993,1.1066],[34.2861,1.101],[34.2748,1.1043],[34.2422,1.122],[34.2274,1.122],[34.2253,1.13],[34.2251,1.1602],[34.2147,1.1635],[34.2047,1.1625],[34.1956,1.1585],[34.1928,1.1505],[34.185,1.1548],[34.1748,1.1543],[34.17,1.1603]]]},"properties":{"name":"Mbale","code":"UG2054","region":"BUGISU"}},{"type":"Feature","geometry":{"type":"Polygon","coordinates":[[[30.7861,-0.604],[30.7861,-0.5882],[30.7778,-0.5684],[30.7946,-0.5464],[30.7966,-0.5367],[30.8207,-0.5117],[30.8068,-0.5122],[30.7833,-0.5109],[30.7856,-0.5022],[30.7912,-0.4953],[30.7877,-0.4906],[30.7368,-0.4425],[30.7313,-0.4356],[30.7209,-0.4344],[30.7132,-0.4359],[30.7053,-0.4406],[30.7032,-0.434],[30.6963,-0.4284],[30.6902,-0.4285],[30.6837,-0.4233],[30.6792,-0.4142],[30.6948,-0.4088],[30.6965,-0.3898],[30.6801,-0.3846],[30.6793,-0.3573],[30.6758,-0.3477],[30.6637,-0.3386],[30.662,-0.3315],[30.653,-0.3264],[30.6436,-0.3244],[30.6413,-0.3147],[30.6381,-0.3102],[30.625,-0.3039],[30.6218,-0.2998],[30.6148,-0.2979],[30.611,-0.2906],[30.6122,-0.2738],[30.6184,-0.2709],[30.6175,-0.2527],[30.6213,-0.248],[30.625,-0.2345],[30.6166,-0.2321],[30.6148,-0.2227],[30.6083,-0.2085],[30.6035,-0.2197],[30.5984,-0.2218],[30.5937,-0.2372],[30.5889,-0.2396],[30.5738,-0.2347],[30.5524,-0.2451],[30.5199,-0.2522],[30.5063,-0.2611],[30.5152,-0.2645],[30.5126,-0.2762],[30.5008,-0.2857],[30.4988,-0.2965],[30.5054,-0.3111],[30.5079,-0.3237],[30.5054,-0.3472],[30.5067,-0.3609],[30.506,-0.3703],[30.5018,-0.388],[30.4941,-0.3936],[30.4882,-0.3943],[30.4835,-0.4103],[30.47,-0.4167],[30.4644,-0.4231],[30.4565,-0.4255],[30.4572,-0.4293],[30.4622,-0.4405],[30.4689,-0.4434],[30.4771,-0.454],[30.4775,-0.4667],[30.4736,-0.4725],[30.4696,-0.4937],[30.4689,-0.5025],[30.4644,-0.5215],[30.4601,-0.5291],[30.4572,-0.541],[30.4576,-0.5468],[30.4544,-0.5669],[30.4576,-0.5746],[30.4514,-0.5795],[30.4481,-0.5884],[30.448,-0.6023],[30.4415,-0.6115],[30.442,-0.6219],[30.4392,-0.6313],[30.4547,-0.6226],[30.4747,-0.6188],[30.4828,-0.6124],[30.4895,-0.6111],[30.4977,-0.6021],[30.5103,-0.6067],[30.5173,-0.6041],[30.5227,-0.6057],[30.5327,-0.6148],[30.537,-0.6239],[30.5425,-0.6273],[30.5411,-0.6422],[30.5372,-0.6433],[30.5292,-0.6524],[30.5256,-0.6604],[30.5316,-0.6733],[30.5408,-0.6805],[30.5572,-0.6911],[30.5576,-0.6967],[30.5658,-0.7052],[30.5682,-0.7102],[30.5843,-0.7227],[30.5861,-0.7287],[30.6119,-0.7547],[30.6303,-0.7639],[30.641,-0.7662],[30.6466,-0.7476],[30.636,-0.7331],[30.637,-0.7278],[30.6429,-0.7183],[30.6414,-0.6991],[30.6453,-0.6923],[30.6482,-0.6759],[30.6433,-0.6648],[30.6502,-0.6545],[30.6435,-0.6445],[30.6398,-0.6324],[30.6487,-0.6352],[30.6577,-0.6415],[30.6748,-0.6353],[30.6872,-0.6285],[30.6942,-0.6187],[30.7031,-0.6114],[30.7189,-0.627],[30.7262,-0.6228],[30.7324,-0.6132],[30.7407,-0.6069],[30.7493,-0.6056],[30.7542,-0.6102],[30.7596,-0.6103],[30.7631,-0.6059],[30.7779,-0.6024],[30.7861,-0.604]]]},"properties":{"name":"Mbarara","code":"UG4126","region":"ANKOLE"}},{"type":"Feature","geometry":{"type":"Polygon","coordinates":[[[30.1369,-0.6534],[30.1356,-0.6442],[30.1302,-0.6407],[30.1269,-0.6301],[30.1302,-0.6106],[30.1231,-0.6013],[30.1203,-0.589],[30.1148,-0.5904],[30.0986,-0.6009],[30.0872,-0.5886],[30.0797,-0.5835],[30.079,-0.5795],[30.0698,-0.5708],[30.0528,-0.567],[30.0461,-0.5508],[30.0403,-0.547],[30.0333,-0.5507],[30.0276,-0.5439],[30.0287,-0.5405],[30.0414,-0.5326],[30.041,-0.5252],[30.0376,-0.5133],[30.03,-0.5033],[30.0337,-0.4884],[30.0328,-0.4797],[30.0404,-0.4717],[30.0369,-0.4669],[30.0274,-0.469],[30.0203,-0.4652],[30.019,-0.4586],[29.998,-0.4484],[29.9865,-0.4395],[29.9813,-0.4383],[29.9838,-0.4532],[29.9825,-0.47],[29.9758,-0.4859],[29.9649,-0.4907],[29.9577,-0.5023],[29.948,-0.4936],[29.9342,-0.4935],[29.9246,-0.5176],[29.9346,-0.534],[29.936,-0.5411],[29.9195,-0.5513],[29.9262,-0.559],[29.9252,-0.5643],[29.9162,-0.5693],[29.9105,-0.5821],[29.8965,-0.5922],[29.8969,-0.5961],[29.8842,-0.6113],[29.8928,-0.6169],[29.897,-0.6237],[29.9016,-0.6221],[29.9096,-0.6316],[29.9143,-0.6411],[29.935,-0.6464],[29.9381,-0.6507],[29.9578,-0.6577],[29.9571,-0.6654],[29.9714,-0.6874],[29.9728,-0.695],[29.9813,-0.7006],[29.9869,-0.7089],[29.9895,-0.7192],[29.9978,-0.7295],[30.0034,-0.7302],[30.0034,-0.7438],[30.0155,-0.7458],[30.0221,-0.7415],[30.0228,-0.7494],[30.0281,-0.7537],[30.0351,-0.7538],[30.0406,-0.7599],[30.0421,-0.7698],[30.0529,-0.7788],[30.0572,-0.7771],[30.0651,-0.7792],[30.0679,-0.7661],[30.0768,-0.7542],[30.0866,-0.7522],[30.0939,-0.7542],[30.1084,-0.7645],[30.122,-0.7619],[30.131,-0.7554],[30.138,-0.7463],[30.1385,-0.7341],[30.1577,-0.7321],[30.1685,-0.7333],[30.1665,-0.7247],[30.1587,-0.7254],[30.1438,-0.712],[30.1348,-0.7091],[30.1321,-0.701],[30.1193,-0.6903],[30.1258,-0.683],[30.1218,-0.6782],[30.1172,-0.6513],[30.1274,-0.6504],[30.1369,-0.6534]]]},"properties":{"name":"Mitooma","code":"UG4127","region":"ANKOLE"}},{"type":"Feature","geometry":{"type":"Polygon","coordinates":[[[32.1717,0.6822],[32.1593,0.6875],[32.1499,0.6875],[32.1426,0.6934],[32.1369,0.694],[32.1325,0.6882],[32.1215,0.6816],[32.1078,0.6807],[32.1009,0.6821],[32.0923,0.6785],[32.0862,0.6719],[32.0716,0.6674],[32.0595,0.6556],[32.0524,0.6509],[32.0396,0.655],[32.0332,0.6519],[32.0257,0.6379],[32.0196,0.636],[32.0151,0.629],[32.0154,0.6078],[32.0064,0.6104],[32.0047,0.6174],[32.0073,0.6297],[32.006,0.639],[32.0012,0.6533],[31.9977,0.6576],[31.9887,0.6594],[31.9851,0.6577],[31.9756,0.6461],[31.9649,0.6453],[31.9599,0.6377],[31.9378,0.6385],[31.9317,0.6313],[31.9094,0.6241],[31.9029,0.6202],[31.9016,0.6133],[31.8803,0.592],[31.8845,0.591],[31.8999,0.5797],[31.9039,0.5736],[31.9143,0.5699],[31.9141,0.5598],[31.9179,0.5533],[31.918,0.5404],[31.9144,0.5335],[31.9191,0.5284],[31.9184,0.5171],[31.9291,0.5097],[31.9294,0.4972],[31.9356,0.4844],[31.9344,0.478],[31.9392,0.4674],[31.9511,0.4535],[31.9542,0.4374],[31.9583,0.4281],[31.9438,0.4088],[31.9389,0.3945],[31.9395,0.3835],[31.9356,0.3707],[31.9298,0.3588],[31.9286,0.3467],[31.9247,0.3352],[31.8876,0.3299],[31.8802,0.3305],[31.8657,0.3347],[31.8554,0.3404],[31.8482,0.3404],[31.8384,0.3335],[31.8308,0.3244],[31.8202,0.3086],[31.8062,0.2906],[31.8028,0.2834],[31.8122,0.2772],[31.8236,0.2727],[31.8422,0.2788],[31.8507,0.2676],[31.8476,0.2582],[31.8432,0.2541],[31.8438,0.2482],[31.8592,0.2437],[31.8645,0.2333],[31.8697,0.2295],[31.8901,0.226],[31.901,0.2261],[31.91,0.2164],[31.9179,0.2125],[31.9235,0.2162],[31.9269,0.2275],[31.9326,0.2315],[31.9563,0.2208],[31.967,0.2287],[31.9734,0.2296],[31.9831,0.2266],[31.9928,0.2411],[32,0.2466],[32.0137,0.247],[32.0217,0.2423],[32.0282,0.2441],[32.0253,0.2556],[32.029,0.2639],[32.047,0.27],[32.05,0.2648],[32.0571,0.2644],[32.0615,0.2688],[32.0766,0.2733],[32.0808,0.2825],[32.0763,0.2911],[32.0798,0.2945],[32.0895,0.2975],[32.1006,0.2898],[32.1161,0.29],[32.1288,0.2824],[32.1326,0.2746],[32.1384,0.27],[32.1462,0.2677],[32.156,0.2498],[32.1671,0.2511],[32.1759,0.2589],[32.1851,0.2533],[32.1908,0.2672],[32.1876,0.279],[32.1888,0.2868],[32.1951,0.2936],[32.1996,0.3033],[32.2112,0.2836],[32.2213,0.2818],[32.2219,0.2858],[32.2344,0.2895],[32.2335,0.2955],[32.2504,0.3077],[32.2661,0.3146],[32.2681,0.3175],[32.2579,0.3316],[32.2568,0.3427],[32.2603,0.3544],[32.262,0.3776],[32.259,0.3958],[32.2543,0.4059],[32.2384,0.413],[32.237,0.4165],[32.2212,0.4284],[32.2203,0.4349],[32.2143,0.4399],[32.2038,0.4532],[32.2025,0.459],[32.1927,0.4771],[32.1933,0.4846],[32.1987,0.497],[32.2022,0.5003],[32.2013,0.5164],[32.1983,0.5229],[32.1985,0.5318],[32.2066,0.5437],[32.2106,0.5549],[32.2164,0.5652],[32.2235,0.5732],[32.2319,0.5794],[32.2344,0.5902],[32.2231,0.6015],[32.2223,0.6097],[32.2183,0.6188],[32.2048,0.6253],[32.1969,0.6345],[32.1872,0.6408],[32.1809,0.6539],[32.1716,0.6637],[32.1667,0.6738],[32.1717,0.6822]]]},"properties":{"name":"Mityana","code":"UG1018","region":"BUGANDA"}},{"type":"Feature","geometry":{"type":"Polygon","coordinates":[[[34.9349,2.2827],[34.93,2.3149],[34.921,2.3703],[34.9185,2.3874],[34.9151,2.4002],[34.9178,2.4072],[34.9177,2.4203],[34.9331,2.4282],[34.932,2.4357],[34.9383,2.4377],[34.9428,2.4494],[34.9544,2.4549],[34.9557,2.4667],[34.9493,2.4695],[34.9375,2.4972],[34.9338,2.5132],[34.9137,2.5139],[34.9059,2.5445],[34.8981,2.5853],[34.8946,2.5901],[34.8813,2.5867],[34.8791,2.5697],[34.869,2.5679],[34.8529,2.5809],[34.8393,2.6015],[34.8324,2.6182],[34.7999,2.6531],[34.7916,2.6797],[34.7762,2.6952],[34.7845,2.74],[34.7842,2.7525],[34.7789,2.7676],[34.7761,2.7851],[34.768,2.7997],[34.7677,2.8085],[34.7629,2.8182],[34.7558,2.8257],[34.7499,2.8234],[34.7371,2.8523],[34.7326,2.855],[34.7125,2.8625],[34.7091,2.8707],[34.7022,2.8747],[34.6931,2.8602],[34.6857,2.8613],[34.6692,2.8604],[34.6536,2.8648],[34.64,2.904],[34.6322,2.9083],[34.5998,2.922],[34.5895,2.9794],[34.5881,3.0011],[34.5851,3.0079],[34.5773,3.0178],[34.5765,3.0325],[34.5735,3.0474],[34.5756,3.0662],[34.573,3.0887],[34.5634,3.1048],[34.5597,3.1077],[34.5539,3.1039],[34.5455,3.0934],[34.5205,3.0863],[34.5134,3.0914],[34.497,3.0912],[34.4872,3.0967],[34.4423,3.0798],[34.3992,3.0929],[34.3976,3.0919],[34.3484,2.9909],[34.3048,2.9375],[34.2845,2.9155],[34.2813,2.9099],[34.285,2.9036],[34.2942,2.8992],[34.2999,2.8886],[34.3048,2.8869],[34.3069,2.8811],[34.3118,2.8783],[34.3157,2.8662],[34.3234,2.8602],[34.3334,2.8556],[34.3358,2.8436],[34.3426,2.8323],[34.3485,2.8269],[34.3503,2.815],[34.3534,2.8112],[34.3532,2.7984],[34.361,2.7857],[34.3627,2.7766],[34.361,2.7702],[34.3641,2.7543],[34.3619,2.7434],[34.3637,2.732],[34.4073,2.6696],[34.4422,2.6205],[34.4764,2.5713],[34.4848,2.564],[34.4951,2.5646],[34.5049,2.5606],[34.5425,2.5079],[34.574,2.4622],[34.5714,2.4558],[34.573,2.4397],[34.5802,2.4306],[34.5807,2.4224],[34.5853,2.4198],[34.5909,2.4382],[34.6003,2.4368],[34.6083,2.4397],[34.6312,2.4366],[34.635,2.4324],[34.6375,2.4008],[34.6427,2.3477],[34.6496,2.3356],[34.654,2.3244],[34.6611,2.3223],[34.66,2.3159],[34.6668,2.3118],[34.6659,2.3051],[34.6688,2.3003],[34.6767,2.2973],[34.6768,2.2824],[34.6859,2.2743],[34.702,2.2506],[34.7071,2.2392],[34.7108,2.2227],[34.7201,2.2173],[34.7382,2.2118],[34.7593,2.1935],[34.7649,2.1854],[34.7741,2.1807],[34.7772,2.174],[34.7847,2.1669],[34.7885,2.1532],[34.7936,2.1461],[34.7982,2.1416],[34.7979,2.1229],[34.807,2.1233],[34.8092,2.1305],[34.8136,2.1327],[34.825,2.1441],[34.8229,2.1497],[34.8302,2.1596],[34.8287,2.1713],[34.8325,2.179],[34.8361,2.1783],[34.8454,2.1878],[34.8507,2.1982],[34.8505,2.2096],[34.8472,2.2191],[34.8525,2.2245],[34.8614,2.2268],[34.862,2.2321],[34.8694,2.2356],[34.868,2.2468],[34.8818,2.2573],[34.8882,2.2645],[34.8875,2.2714],[34.8954,2.275],[34.9056,2.2689],[34.9134,2.2805],[34.9228,2.2856],[34.9349,2.2827]]]},"properties":{"name":"Moroto","code":"UG3086","region":"KARAMOJA"}},{"type":"Feature","geometry":{"type":"Polygon","coordinates":[[[32.0007,3.5768],[32.0004,3.5858],[31.9589,3.586],[31.9539,3.6049],[31.9527,3.6234],[31.9551,3.6352],[31.9615,3.6459],[31.9592,3.6568],[31.9504,3.6661],[31.9395,3.6833],[31.9284,3.7029],[31.915,3.7195],[31.9071,3.7344],[31.8978,3.7473],[31.882,3.7641],[31.8756,3.7756],[31.8655,3.7865],[31.8425,3.801],[31.8281,3.8157],[31.8121,3.8222],[31.7983,3.8203],[31.7975,3.8118],[31.8038,3.8054],[31.8014,3.7989],[31.7748,3.7803],[31.7624,3.7705],[31.7397,3.751],[31.7296,3.7465],[31.7251,3.7338],[31.7186,3.7285],[31.7122,3.7177],[31.7045,3.7119],[31.7002,3.7145],[31.6886,3.7072],[31.6803,3.7152],[31.6745,3.7144],[31.654,3.7205],[31.6434,3.7282],[31.6331,3.73],[31.6153,3.7272],[31.6129,3.7203],[31.6001,3.7092],[31.5977,3.7007],[31.581,3.6973],[31.5762,3.6876],[31.5613,3.6807],[31.5532,3.68],[31.5508,3.6716],[31.5398,3.6645],[31.5298,3.6547],[31.5221,3.6452],[31.5159,3.6437],[31.516,3.6368],[31.5238,3.6314],[31.5267,3.6229],[31.5356,3.6097],[31.5366,3.6012],[31.5353,3.5876],[31.5367,3.5766],[31.5394,3.5732],[31.5387,3.563],[31.5418,3.5599],[31.5537,3.5595],[31.5616,3.5634],[31.5706,3.56],[31.5761,3.5467],[31.5759,3.5432],[31.5908,3.5451],[31.6095,3.5519],[31.6182,3.5526],[31.6994,3.5532],[31.7205,3.5435],[31.7279,3.5444],[31.7408,3.5519],[31.7577,3.5377],[31.7578,3.5338],[31.7645,3.515],[31.7694,3.5087],[31.7718,3.5121],[31.7812,3.5151],[31.7938,3.527],[31.8023,3.5408],[31.8139,3.5484],[31.8353,3.5492],[31.8444,3.5456],[31.8544,3.536],[31.8617,3.5242],[31.8707,3.5185],[31.8799,3.5158],[31.8996,3.5139],[31.9141,3.5087],[31.9207,3.5097],[31.94,3.5184],[31.9499,3.5251],[31.9474,3.5366],[31.9518,3.5475],[31.9647,3.5645],[31.9707,3.5691],[31.9853,3.5753],[32.0007,3.5768]]]},"properties":{"name":"Moyo","code":"UG3087","region":"WESTNILE"}},{"type":"Feature","geometry":{"type":"Polygon","coordinates":[[[32.2501,-0.1529],[32.2489,-0.0527],[32.2299,-0.0217],[32.223,-0.0031],[32.2132,0.0072],[32.212,0.0126],[32.2135,0.0297],[32.2216,0.0406],[32.2215,0.0464],[32.2283,0.0479],[32.2361,0.0547],[32.2432,0.0551],[32.2523,0.0613],[32.2636,0.0726],[32.2707,0.0843],[32.2738,0.1008],[32.2806,0.1101],[32.287,0.1141],[32.3014,0.1169],[32.3084,0.121],[32.3329,0.1437],[32.3419,0.1532],[32.3454,0.1673],[32.3608,0.1924],[32.3679,0.1896],[32.3748,0.1925],[32.3783,0.2022],[32.3851,0.2012],[32.3903,0.2059],[32.4008,0.2263],[32.4107,0.2212],[32.4082,0.2362],[32.4204,0.2594],[32.4255,0.2765],[32.4269,0.2858],[32.4214,0.2967],[32.4172,0.3138],[32.4174,0.3201],[32.4225,0.3284],[32.421,0.3363],[32.4088,0.3492],[32.4004,0.3554],[32.3777,0.3623],[32.3556,0.3776],[32.3408,0.3804],[32.3277,0.3858],[32.3014,0.391],[32.2877,0.401],[32.2759,0.4037],[32.2543,0.4059],[32.259,0.3958],[32.262,0.3776],[32.2603,0.3544],[32.2568,0.3427],[32.2579,0.3316],[32.2681,0.3175],[32.27,0.3139],[32.2856,0.2946],[32.2946,0.2932],[32.304,0.287],[32.3046,0.2772],[32.2982,0.2786],[32.2876,0.255],[32.2813,0.2513],[32.2814,0.2467],[32.2664,0.2457],[32.2502,0.2462],[32.2376,0.2489],[32.2301,0.2528],[32.2243,0.2503],[32.2175,0.2341],[32.2134,0.2162],[32.2169,0.2062],[32.2077,0.2011],[32.2105,0.1972],[32.2078,0.1913],[32.1968,0.1898],[32.2008,0.1851],[32.208,0.1834],[32.2082,0.1684],[32.2023,0.1517],[32.2015,0.1442],[32.1949,0.1295],[32.1949,0.1183],[32.1925,0.1057],[32.1865,0.0953],[32.1787,0.0897],[32.1711,0.0874],[32.1645,0.0942],[32.159,0.1251],[32.1561,0.1371],[32.1474,0.1431],[32.1325,0.1435],[32.1243,0.1351],[32.1185,0.1315],[32.1027,0.1383],[32.0997,0.1461],[32.0836,0.1414],[32.0786,0.1292],[32.0675,0.1312],[32.0569,0.1304],[32.0534,0.1262],[32.0535,0.1096],[32.044,0.0985],[32.0351,0.0941],[32.0298,0.0959],[32.019,0.0879],[32.0033,0.0808],[31.995,0.0792],[31.9787,0.0726],[31.9601,0.0685],[31.9536,0.0637],[31.9394,0.0577],[31.9224,0.0415],[31.9081,0.0334],[31.8979,0.0315],[31.8895,0.033],[31.8872,0.0274],[31.877,0.0159],[31.8715,0.0058],[31.877,-0.0056],[31.8835,-0.013],[31.9008,-0.0183],[31.9081,-0.0167],[31.9147,-0.0184],[31.9021,-0.0395],[31.9179,-0.0893],[31.9315,-0.1051],[31.9476,-0.1304],[32.0004,-0.1537],[32.0046,-0.1529],[32.1748,-0.1528],[32.2501,-0.1529]]]},"properties":{"name":"Mpigi","code":"UG1019","region":"BUGANDA"}},{"type":"Feature","geometry":{"type":"Polygon","coordinates":[[[31.6546,0.8158],[31.6472,0.8214],[31.6268,0.8318],[31.6224,0.8275],[31.6158,0.8344],[31.595,0.8401],[31.5861,0.8492],[31.5753,0.8543],[31.5632,0.856],[31.5433,0.8566],[31.5234,0.8629],[31.5093,0.8648],[31.5013,0.8626],[31.4917,0.864],[31.4708,0.8606],[31.4643,0.8641],[31.4494,0.865],[31.4401,0.8568],[31.4374,0.8496],[31.4376,0.837],[31.445,0.8254],[31.4348,0.8169],[31.4292,0.8185],[31.4215,0.8112],[31.4094,0.808],[31.4044,0.8013],[31.4075,0.7664],[31.4091,0.7554],[31.4087,0.7451],[31.4022,0.7441],[31.3955,0.737],[31.3892,0.7271],[31.3828,0.7074],[31.3748,0.7034],[31.3545,0.7114],[31.3511,0.7114],[31.33,0.7233],[31.3176,0.7289],[31.2886,0.7398],[31.2868,0.7335],[31.29,0.7192],[31.2865,0.7087],[31.2818,0.7077],[31.274,0.6959],[31.2733,0.6822],[31.2641,0.6808],[31.2424,0.6522],[31.2374,0.6426],[31.2155,0.6318],[31.222,0.6247],[31.2352,0.6145],[31.2554,0.6037],[31.2556,0.593],[31.2583,0.5821],[31.2568,0.5648],[31.2512,0.5544],[31.2507,0.5468],[31.2435,0.5445],[31.2413,0.5379],[31.248,0.5269],[31.2384,0.5201],[31.2194,0.5176],[31.1998,0.5089],[31.1913,0.5077],[31.1704,0.508],[31.1532,0.5031],[31.1427,0.5076],[31.1417,0.5],[31.1446,0.4934],[31.1388,0.4732],[31.1419,0.4546],[31.1285,0.4377],[31.1178,0.4276],[31.1187,0.4222],[31.1139,0.4115],[31.1179,0.4039],[31.1204,0.3911],[31.1248,0.3841],[31.1282,0.3731],[31.1361,0.3648],[31.1432,0.3531],[31.1423,0.345],[31.1365,0.333],[31.1315,0.3319],[31.1162,0.3171],[31.1152,0.3081],[31.1075,0.2953],[31.0991,0.2881],[31.0872,0.2804],[31.0787,0.2768],[31.0721,0.2687],[31.063,0.2621],[31.0618,0.2563],[31.05,0.2472],[31.0299,0.2349],[31.023,0.2276],[31.0279,0.2136],[31.0253,0.2047],[31.0193,0.1974],[31.0267,0.1935],[31.0394,0.1979],[31.0444,0.1972],[31.0637,0.2018],[31.0816,0.2041],[31.1044,0.2155],[31.1113,0.2243],[31.1301,0.233],[31.145,0.2328],[31.1582,0.2353],[31.1675,0.233],[31.1853,0.21],[31.1896,0.2005],[31.2042,0.1938],[31.224,0.1809],[31.2336,0.1792],[31.2453,0.1667],[31.2637,0.1623],[31.2779,0.1712],[31.2811,0.1779],[31.2939,0.1874],[31.2939,0.197],[31.3023,0.2019],[31.3048,0.2084],[31.311,0.2103],[31.3111,0.2258],[31.3143,0.2433],[31.318,0.2514],[31.3269,0.2631],[31.3309,0.2709],[31.3371,0.2761],[31.3404,0.2826],[31.3485,0.2839],[31.3622,0.2926],[31.3885,0.2966],[31.406,0.2983],[31.4173,0.3025],[31.437,0.3068],[31.459,0.3068],[31.4767,0.3119],[31.4986,0.3168],[31.5073,0.3212],[31.5202,0.3346],[31.5363,0.3411],[31.5483,0.3488],[31.5703,0.3677],[31.5941,0.3893],[31.6086,0.4107],[31.6161,0.4289],[31.6228,0.4346],[31.6286,0.4557],[31.6281,0.4677],[31.6177,0.4811],[31.6149,0.5011],[31.6119,0.5075],[31.6115,0.5202],[31.6081,0.5301],[31.6082,0.5381],[31.603,0.5428],[31.5946,0.5543],[31.5896,0.5642],[31.5802,0.5749],[31.5796,0.5793],[31.5721,0.5868],[31.5718,0.5965],[31.5776,0.6151],[31.5759,0.6249],[31.5709,0.6329],[31.5654,0.6316],[31.5632,0.637],[31.5779,0.6432],[31.5745,0.6476],[31.5782,0.6613],[31.5765,0.6667],[31.5785,0.677],[31.5778,0.6859],[31.5816,0.6976],[31.5862,0.698],[31.6007,0.6947],[31.606,0.6991],[31.6067,0.7051],[31.6024,0.7125],[31.5916,0.7148],[31.5826,0.7213],[31.5822,0.7326],[31.5876,0.7458],[31.593,0.7501],[31.6053,0.7501],[31.614,0.7605],[31.6195,0.7626],[31.6364,0.7612],[31.6374,0.7738],[31.6449,0.7827],[31.652,0.7877],[31.6567,0.7947],[31.6587,0.804],[31.6546,0.8158]]]},"properties":{"name":"Mubende","code":"UG1020","region":"BUGANDA"}},{"type":"Feature","geometry":{"type":"Polygon","coordinates":[[[32.7946,0.8557],[32.7874,0.8541],[32.7722,0.838],[32.7611,0.8184],[32.7592,0.798],[32.7589,0.7802],[32.7614,0.7727],[32.7585,0.7397],[32.7618,0.7235],[32.754,0.7031],[32.7557,0.6791],[32.7518,0.6632],[32.751,0.6449],[32.7344,0.6172],[32.7318,0.603],[32.7233,0.5937],[32.7142,0.5803],[32.7014,0.5706],[32.689,0.5643],[32.6817,0.5573],[32.6757,0.5465],[32.6688,0.5244],[32.6632,0.5134],[32.6627,0.5016],[32.6645,0.4969],[32.6748,0.4904],[32.6774,0.4725],[32.662,0.4584],[32.6658,0.4437],[32.6652,0.4355],[32.6618,0.4285],[32.6666,0.4159],[32.667,0.4065],[32.6744,0.3941],[32.6725,0.3865],[32.6834,0.3699],[32.6846,0.3526],[32.6839,0.3425],[32.6859,0.3161],[32.6871,0.2898],[32.6742,0.2811],[32.6688,0.2746],[32.6501,0.2529],[32.6395,0.2343],[32.6343,0.2143],[32.6202,0.1658],[32.6199,0.1588],[32.6201,-0.0021],[32.5878,-0.0426],[32.501,-0.1525],[32.5979,-0.1522],[32.7533,-0.1518],[32.8439,-0.1525],[32.8762,-0.1497],[32.8757,-0.0977],[32.8756,-0.0208],[32.8601,0.0087],[32.8525,0.035],[32.8454,0.0661],[32.8445,0.1066],[32.861,0.1094],[32.8748,0.1107],[32.8739,0.1131],[32.8691,0.1253],[32.8894,0.1899],[32.8921,0.1905],[32.8949,0.2017],[32.8951,0.2288],[32.8999,0.2402],[32.906,0.2447],[32.9028,0.2532],[32.9062,0.2581],[32.908,0.2679],[32.9012,0.2733],[32.8868,0.2882],[32.8842,0.2969],[32.8756,0.308],[32.8731,0.3243],[32.8784,0.3339],[32.8658,0.3431],[32.8645,0.373],[32.8802,0.3664],[32.8837,0.3696],[32.8909,0.3699],[32.8912,0.3765],[32.9089,0.3834],[32.9089,0.3999],[32.9203,0.4024],[32.9233,0.3991],[32.9324,0.3987],[32.9377,0.403],[32.9474,0.4056],[32.9497,0.411],[32.9605,0.4112],[32.9738,0.4092],[32.9682,0.4245],[32.9635,0.4284],[32.9534,0.4471],[32.9496,0.4642],[32.954,0.4701],[32.9534,0.4779],[32.9561,0.493],[32.9614,0.5077],[32.974,0.5267],[32.9792,0.538],[32.9837,0.555],[32.9787,0.5626],[32.9798,0.5742],[32.9752,0.588],[32.9609,0.5976],[32.9456,0.6186],[32.9348,0.6294],[32.9303,0.6373],[32.9196,0.6503],[32.908,0.6586],[32.9001,0.6666],[32.8913,0.671],[32.8768,0.6718],[32.8715,0.6776],[32.8694,0.6847],[32.8715,0.6952],[32.8685,0.713],[32.8631,0.7221],[32.8576,0.7372],[32.8563,0.7461],[32.8509,0.7549],[32.8374,0.7726],[32.8265,0.7885],[32.8235,0.8019],[32.8242,0.8096],[32.8212,0.8174],[32.8,0.8497],[32.7946,0.8557]]]},"properties":{"name":"Mukono","code":"UG1021","region":"BUGANDA"}},{"type":"Feature","geometry":{"type":"Polygon","coordinates":[[[34.7936,2.1461],[34.7885,2.1532],[34.7847,2.1669],[34.7772,2.174],[34.7741,2.1807],[34.7649,2.1854],[34.7593,2.1935],[34.7382,2.2118],[34.7201,2.2173],[34.7108,2.2227],[34.7071,2.2392],[34.702,2.2506],[34.6859,2.2743],[34.6768,2.2824],[34.6767,2.2973],[34.6688,2.3003],[34.6659,2.3051],[34.6668,2.3118],[34.66,2.3159],[34.6611,2.3223],[34.654,2.3244],[34.6496,2.3356],[34.6427,2.3477],[34.6375,2.4008],[34.635,2.4324],[34.6312,2.4366],[34.6083,2.4397],[34.6003,2.4368],[34.5909,2.4382],[34.5853,2.4198],[34.5727,2.3789],[34.5484,2.3019],[34.5317,2.248],[34.5112,2.1837],[34.5052,2.1567],[34.501,2.149],[34.4882,2.1101],[34.48,2.0919],[34.4472,2.0474],[34.4114,2.008],[34.3957,1.99],[34.309,1.9244],[34.2499,1.891],[34.2228,1.88],[34.2223,1.748],[34.2226,1.747],[34.2222,1.6402],[34.2291,1.6372],[34.2606,1.6365],[34.2693,1.6404],[34.2852,1.6509],[34.2913,1.6499],[34.2985,1.6532],[34.305,1.662],[34.3124,1.664],[34.3168,1.6715],[34.3163,1.6778],[34.327,1.6808],[34.3288,1.6915],[34.3278,1.7002],[34.3342,1.7059],[34.3362,1.7184],[34.3421,1.7262],[34.3455,1.7381],[34.3502,1.7373],[34.3627,1.7473],[34.3653,1.7544],[34.3739,1.7624],[34.3783,1.7836],[34.3834,1.7885],[34.4007,1.7886],[34.4084,1.7958],[34.4205,1.8002],[34.4188,1.8186],[34.4323,1.8659],[34.447,1.8703],[34.4559,1.8778],[34.4613,1.8798],[34.4751,1.8806],[34.4841,1.8826],[34.4929,1.8872],[34.5014,1.8952],[34.507,1.8941],[34.5108,1.8997],[34.5175,1.9029],[34.5245,1.9144],[34.5353,1.9116],[34.5463,1.917],[34.5491,1.9134],[34.5707,1.9359],[34.5875,1.9492],[34.5935,1.9465],[34.6001,1.9585],[34.5998,1.9643],[34.6082,1.977],[34.622,1.9868],[34.6284,1.9962],[34.6347,1.9935],[34.6304,1.9771],[34.632,1.9677],[34.6353,1.9636],[34.6418,1.9643],[34.6468,1.9685],[34.6488,1.9812],[34.6571,2.005],[34.6602,2.0091],[34.6754,2.0082],[34.6837,2.0001],[34.6912,2.008],[34.7016,1.9985],[34.7101,1.9937],[34.7198,1.9926],[34.7232,1.9956],[34.7286,2.0065],[34.7311,2.0205],[34.7317,2.0379],[34.7332,2.0422],[34.728,2.0524],[34.7246,2.0641],[34.7263,2.0778],[34.7244,2.0867],[34.7169,2.0958],[34.7176,2.1008],[34.7129,2.1129],[34.7122,2.1222],[34.709,2.1269],[34.7039,2.1443],[34.7202,2.1331],[34.7327,2.1279],[34.7531,2.1234],[34.7632,2.1243],[34.7743,2.1311],[34.7812,2.1311],[34.7896,2.1359],[34.7936,2.1461]]]},"properties":{"name":"Nabilatuk","code":"UG3088","region":"KARAMOJA"}},{"type":"Feature","geometry":{"type":"Polygon","coordinates":[[[34.7936,2.1461],[34.7896,2.1359],[34.7812,2.1311],[34.7743,2.1311],[34.7632,2.1243],[34.7531,2.1234],[34.7327,2.1279],[34.7202,2.1331],[34.7039,2.1443],[34.709,2.1269],[34.7122,2.1222],[34.7129,2.1129],[34.7176,2.1008],[34.7169,2.0958],[34.7244,2.0867],[34.7263,2.0778],[34.7246,2.0641],[34.728,2.0524],[34.7332,2.0422],[34.7317,2.0379],[34.7311,2.0205],[34.7286,2.0065],[34.7232,1.9956],[34.7198,1.9926],[34.7101,1.9937],[34.7016,1.9985],[34.6912,2.008],[34.6837,2.0001],[34.6754,2.0082],[34.6602,2.0091],[34.6571,2.005],[34.6488,1.9812],[34.6468,1.9685],[34.6418,1.9643],[34.6353,1.9636],[34.632,1.9677],[34.6304,1.9771],[34.6347,1.9935],[34.6284,1.9962],[34.622,1.9868],[34.6082,1.977],[34.5998,1.9643],[34.6001,1.9585],[34.5935,1.9465],[34.5875,1.9492],[34.5707,1.9359],[34.5491,1.9134],[34.5463,1.917],[34.5353,1.9116],[34.5245,1.9144],[34.5175,1.9029],[34.5108,1.8997],[34.507,1.8941],[34.5014,1.8952],[34.4929,1.8872],[34.4841,1.8826],[34.4751,1.8806],[34.4613,1.8798],[34.4559,1.8778],[34.447,1.8703],[34.4323,1.8659],[34.4188,1.8186],[34.4205,1.8002],[34.4084,1.7958],[34.4007,1.7886],[34.3834,1.7885],[34.3783,1.7836],[34.3739,1.7624],[34.3653,1.7544],[34.3627,1.7473],[34.3502,1.7373],[34.3455,1.7381],[34.3421,1.7262],[34.3362,1.7184],[34.3342,1.7059],[34.3278,1.7002],[34.3288,1.6915],[34.327,1.6808],[34.3163,1.6778],[34.3168,1.6715],[34.3124,1.664],[34.305,1.662],[34.2985,1.6532],[34.2913,1.6499],[34.2852,1.6509],[34.2693,1.6404],[34.2606,1.6365],[34.2291,1.6372],[34.2295,1.5793],[34.2296,1.5615],[34.2604,1.5617],[34.2675,1.5587],[34.2716,1.5471],[34.2835,1.5467],[34.2993,1.5548],[34.3281,1.551],[34.3489,1.5672],[34.3599,1.56],[34.3909,1.5652],[34.3939,1.5627],[34.4069,1.5541],[34.4231,1.5538],[34.44,1.5712],[34.457,1.5729],[34.4653,1.5836],[34.4733,1.5881],[34.4865,1.5865],[34.4887,1.599],[34.4977,1.6015],[34.4989,1.5954],[34.5119,1.5955],[34.5226,1.5988],[34.5453,1.5982],[34.5468,1.5939],[34.5625,1.5881],[34.5687,1.5804],[34.5754,1.5793],[34.5843,1.5846],[34.5938,1.5841],[34.5954,1.5783],[34.6135,1.5738],[34.6178,1.5766],[34.6232,1.5691],[34.6304,1.5769],[34.6413,1.5733],[34.657,1.5719],[34.6714,1.5728],[34.6902,1.5687],[34.7072,1.5756],[34.7142,1.5843],[34.7248,1.5837],[34.7249,1.5878],[34.732,1.5981],[34.7342,1.607],[34.7405,1.6131],[34.7538,1.6156],[34.7605,1.6229],[34.7701,1.626],[34.7754,1.631],[34.7814,1.6319],[34.7984,1.639],[34.8012,1.6436],[34.808,1.6437],[34.8123,1.6536],[34.8164,1.6691],[34.8162,1.681],[34.8201,1.6888],[34.8189,1.7128],[34.8468,1.727],[34.8408,1.7388],[34.8349,1.7438],[34.8212,1.7474],[34.8116,1.7523],[34.8137,1.7576],[34.8238,1.7635],[34.8366,1.7626],[34.8488,1.772],[34.849,1.7773],[34.8601,1.795],[34.8533,1.8008],[34.8615,1.806],[34.8592,1.8105],[34.8501,1.809],[34.8473,1.8163],[34.8556,1.8203],[34.8605,1.8259],[34.8524,1.8307],[34.8486,1.8398],[34.8512,1.8457],[34.8482,1.8565],[34.8417,1.8603],[34.8333,1.8553],[34.8345,1.8676],[34.8277,1.8714],[34.8326,1.883],[34.8312,1.8868],[34.8284,1.9348],[34.8499,1.9704],[34.8657,1.9975],[34.874,2.0011],[34.8659,2.0145],[34.8661,2.0191],[34.8577,2.0252],[34.8538,2.0441],[34.8559,2.0484],[34.8437,2.0678],[34.8413,2.074],[34.8326,2.0823],[34.819,2.0914],[34.8121,2.1048],[34.8023,2.1079],[34.7969,2.1149],[34.7979,2.1229],[34.7982,2.1416],[34.7936,2.1461]]]},"properties":{"name":"Nakapiripirit","code":"UG3089","region":"TESO"}},{"type":"Feature","geometry":{"type":"Polygon","coordinates":[[[32.3738,1.1364],[32.3709,1.1446],[32.3667,1.1651],[32.3598,1.169],[32.3562,1.1758],[32.3547,1.1916],[32.3483,1.202],[32.3504,1.2198],[32.3441,1.233],[32.336,1.2346],[32.3233,1.2476],[32.3158,1.251],[32.306,1.26],[32.2857,1.2605],[32.28,1.2663],[32.2658,1.2715],[32.2528,1.2837],[32.2424,1.2857],[32.2383,1.2921],[32.2198,1.3067],[32.2121,1.317],[32.2135,1.3222],[32.2053,1.3344],[32.1937,1.3373],[32.1865,1.345],[32.1799,1.3464],[32.1716,1.3549],[32.1602,1.3623],[32.1507,1.3813],[32.1435,1.381],[32.1382,1.3914],[32.1286,1.3958],[32.1167,1.4069],[32.1084,1.4092],[32.0892,1.4185],[32.0827,1.4232],[32.0707,1.4252],[32.0636,1.4306],[32.0525,1.4347],[32.0437,1.443],[32.0249,1.4463],[32.0117,1.4517],[31.9958,1.4621],[31.9752,1.4661],[31.9621,1.4591],[31.9562,1.4606],[31.9296,1.4505],[31.9208,1.4515],[31.9118,1.4474],[31.9133,1.4402],[31.9051,1.4373],[31.8999,1.4295],[31.8851,1.4245],[31.8787,1.415],[31.8731,1.4124],[31.8621,1.3935],[31.8641,1.3902],[31.8599,1.3839],[31.8529,1.3811],[31.8463,1.3718],[31.8373,1.3629],[31.8314,1.3595],[31.8215,1.3591],[31.8235,1.3509],[31.8313,1.3436],[31.8403,1.331],[31.843,1.3195],[31.8472,1.3163],[31.8516,1.3002],[31.8571,1.2915],[31.8605,1.2772],[31.8684,1.2746],[31.876,1.2652],[31.884,1.2521],[31.8918,1.2358],[31.8931,1.2291],[31.9037,1.2161],[31.9059,1.2084],[31.9104,1.2048],[31.9054,1.1845],[31.8994,1.1759],[31.9007,1.1694],[31.9134,1.1572],[31.914,1.14],[31.9082,1.1284],[31.9085,1.1102],[31.9114,1.1063],[31.9178,1.1019],[31.9261,1.0861],[31.9337,1.0793],[31.9585,1.0662],[31.9811,1.0451],[31.9987,1.0229],[32.0016,1.0207],[32.0021,1.0004],[31.9995,0.9916],[32.005,0.9751],[32.0055,0.955],[32.0128,0.9328],[32.0209,0.9219],[32.0335,0.9142],[32.0642,0.904],[32.0964,0.9037],[32.1262,0.898],[32.138,0.8933],[32.1554,0.8825],[32.1759,0.8628],[32.1888,0.8351],[32.1937,0.8199],[32.1985,0.8146],[32.2092,0.8078],[32.2087,0.8007],[32.2115,0.7924],[32.2117,0.7832],[32.206,0.7775],[32.2024,0.7617],[32.2002,0.7406],[32.1958,0.7355],[32.1939,0.7214],[32.1894,0.7149],[32.1911,0.7042],[32.1893,0.6944],[32.1785,0.6839],[32.1717,0.6822],[32.1667,0.6738],[32.1716,0.6637],[32.1809,0.6539],[32.1872,0.6408],[32.1969,0.6345],[32.2048,0.6253],[32.2183,0.6188],[32.2223,0.6097],[32.2231,0.6015],[32.2344,0.5902],[32.2319,0.5794],[32.2413,0.574],[32.2507,0.5743],[32.2616,0.5674],[32.2686,0.5566],[32.2851,0.5361],[32.2909,0.5384],[32.3061,0.534],[32.3118,0.5445],[32.3157,0.5472],[32.3296,0.5497],[32.333,0.552],[32.3211,0.5645],[32.3196,0.5709],[32.3222,0.5822],[32.3301,0.5873],[32.3341,0.6118],[32.3437,0.6175],[32.3443,0.6297],[32.3775,0.6459],[32.3909,0.6548],[32.3961,0.6616],[32.4163,0.6665],[32.4274,0.656],[32.4338,0.6603],[32.4479,0.6641],[32.4517,0.6678],[32.4605,0.6631],[32.4666,0.6693],[32.4595,0.678],[32.4666,0.6816],[32.4705,0.6897],[32.4764,0.6934],[32.4893,0.6955],[32.4989,0.6929],[32.5001,0.7027],[32.4912,0.7295],[32.476,0.7367],[32.4709,0.7407],[32.4656,0.7641],[32.4627,0.7715],[32.4638,0.7835],[32.4615,0.7956],[32.4518,0.8106],[32.4436,0.8153],[32.422,0.8556],[32.4156,0.8729],[32.4011,0.8924],[32.395,0.9065],[32.3945,0.9193],[32.389,0.9333],[32.3775,0.9444],[32.3685,0.9496],[32.3594,0.9649],[32.3574,0.9791],[32.348,1.0057],[32.347,1.0265],[32.3456,1.036],[32.3493,1.0483],[32.3501,1.0608],[32.3552,1.0732],[32.359,1.088],[32.3587,1.1175],[32.3637,1.13],[32.3738,1.1364]]]},"properties":{"name":"Nakaseke","code":"UG1022","region":"BUGANDA"}},{"type":"Feature","geometry":{"type":"Polygon","coordinates":[[[32.3125,1.6432],[32.3085,1.6475],[32.2952,1.6555],[32.2712,1.6645],[32.2494,1.6674],[32.2366,1.6677],[32.2303,1.6711],[32.1984,1.6734],[32.183,1.6708],[32.1759,1.6733],[32.1431,1.6708],[32.1281,1.6649],[32.1081,1.6489],[32.1029,1.6467],[32.0956,1.6482],[32.0905,1.6409],[32.0834,1.6387],[32.0844,1.6337],[32.0904,1.6243],[32.0911,1.6153],[32.0844,1.61],[32.0901,1.6065],[32.0898,1.5912],[32.0811,1.5857],[32.0764,1.5878],[32.0718,1.5756],[32.0635,1.5787],[32.0621,1.5712],[32.0576,1.5721],[32.0539,1.5593],[32.0499,1.5579],[32.0457,1.5424],[32.0382,1.5451],[32.0302,1.5411],[32.0231,1.5429],[32.0094,1.535],[32.0034,1.5377],[31.988,1.5275],[31.9897,1.5167],[31.9855,1.5113],[31.9722,1.5043],[31.976,1.4963],[31.9684,1.4862],[31.9719,1.4799],[31.9752,1.4661],[31.9958,1.4621],[32.0117,1.4517],[32.0249,1.4463],[32.0437,1.443],[32.0525,1.4347],[32.0636,1.4306],[32.0707,1.4252],[32.0827,1.4232],[32.0892,1.4185],[32.1084,1.4092],[32.1167,1.4069],[32.1286,1.3958],[32.1382,1.3914],[32.1435,1.381],[32.1507,1.3813],[32.1602,1.3623],[32.1716,1.3549],[32.1799,1.3464],[32.1865,1.345],[32.1937,1.3373],[32.2053,1.3344],[32.2135,1.3222],[32.2121,1.317],[32.2198,1.3067],[32.2383,1.2921],[32.2424,1.2857],[32.2528,1.2837],[32.2658,1.2715],[32.28,1.2663],[32.2857,1.2605],[32.306,1.26],[32.3158,1.251],[32.3233,1.2476],[32.336,1.2346],[32.3441,1.233],[32.3504,1.2198],[32.3483,1.202],[32.3547,1.1916],[32.3562,1.1758],[32.3598,1.169],[32.3667,1.1651],[32.3709,1.1446],[32.3738,1.1364],[32.3786,1.1213],[32.3838,1.1137],[32.3962,1.1063],[32.397,1.1001],[32.4053,1.0844],[32.411,1.0783],[32.4195,1.0755],[32.4265,1.0695],[32.4323,1.0605],[32.4313,1.0554],[32.435,1.0499],[32.4485,1.0381],[32.4643,1.0267],[32.469,1.0187],[32.4771,1.0113],[32.4883,0.9916],[32.4936,0.9878],[32.5002,0.9766],[32.5086,0.9717],[32.5377,0.9596],[32.5516,0.9588],[32.5662,0.9612],[32.5804,0.9713],[32.5842,0.9863],[32.5761,0.9881],[32.5708,0.981],[32.5635,0.9805],[32.5613,0.9941],[32.5619,1.0091],[32.5565,1.0185],[32.5559,1.0283],[32.5587,1.0326],[32.5707,1.0391],[32.5762,1.044],[32.5767,1.0535],[32.5715,1.0589],[32.5691,1.0689],[32.5752,1.0859],[32.5827,1.0926],[32.5983,1.1139],[32.6115,1.1195],[32.6143,1.1345],[32.6182,1.1403],[32.6245,1.1438],[32.6323,1.1416],[32.6516,1.1227],[32.6537,1.1096],[32.6586,1.0972],[32.6702,1.0842],[32.6809,1.0827],[32.6877,1.0792],[32.6951,1.0722],[32.7157,1.0689],[32.7268,1.0706],[32.735,1.0737],[32.7651,1.0735],[32.788,1.0751],[32.8,1.1441],[32.8005,1.1583],[32.7943,1.2089],[32.7917,1.2566],[32.7872,1.2702],[32.7765,1.2909],[32.7733,1.3041],[32.7542,1.3558],[32.746,1.3661],[32.7384,1.3694],[32.7168,1.3744],[32.697,1.3839],[32.6964,1.4507],[32.6774,1.4457],[32.6548,1.4362],[32.6254,1.438],[32.6071,1.4553],[32.5915,1.4713],[32.5771,1.4898],[32.5684,1.5148],[32.5624,1.5211],[32.5457,1.5226],[32.5335,1.5154],[32.5183,1.5224],[32.5105,1.5216],[32.4969,1.5384],[32.4838,1.5437],[32.4693,1.5512],[32.4596,1.5606],[32.4487,1.5651],[32.4364,1.5765],[32.4232,1.5809],[32.4107,1.5904],[32.4013,1.593],[32.3843,1.5934],[32.3598,1.602],[32.3508,1.6106],[32.3444,1.614],[32.3251,1.6199],[32.3206,1.6257],[32.3171,1.6362],[32.3125,1.6432]]]},"properties":{"name":"Nakasongola","code":"UG1023","region":"BUGANDA"}},{"type":"Feature","geometry":{"type":"Polygon","coordinates":[[[33.9728,0.1899],[33.9264,0.2296],[33.9233,0.2345],[33.92,0.2469],[33.914,0.2521],[33.908,0.2711],[33.9049,0.2748],[33.9003,0.2901],[33.8972,0.2936],[33.8924,0.3075],[33.8829,0.3134],[33.8856,0.326],[33.8795,0.3393],[33.8873,0.3483],[33.8974,0.3546],[33.9082,0.3657],[33.9111,0.3742],[33.9169,0.3787],[33.9263,0.3928],[33.934,0.4238],[33.9219,0.4409],[33.9141,0.4441],[33.9105,0.4621],[33.9105,0.4714],[33.9016,0.4817],[33.8913,0.4894],[33.8883,0.4827],[33.8768,0.4701],[33.871,0.451],[33.8635,0.4435],[33.8581,0.4347],[33.8502,0.4314],[33.8443,0.4166],[33.8367,0.4053],[33.828,0.3993],[33.8268,0.3928],[33.8143,0.3732],[33.8106,0.3524],[33.8004,0.3337],[33.7849,0.3316],[33.7739,0.3189],[33.7649,0.3119],[33.7518,0.3079],[33.7388,0.3092],[33.7174,0.3052],[33.6939,0.3042],[33.6592,0.2593],[33.6588,0.2323],[33.659,0.1041],[33.6591,0.0076],[33.6679,0.0092],[33.6819,0.0093],[33.6935,0.0053],[33.7024,-0.0065],[33.7045,-0.0213],[33.7033,-0.0351],[33.6992,-0.0459],[33.6898,-0.059],[33.6778,-0.0654],[33.6592,-0.0679],[33.6591,-0.1573],[33.6593,-0.2538],[33.6591,-0.3556],[33.6579,-0.9991],[33.8137,-0.9973],[33.9296,-0.9959],[33.9293,-0.6751],[33.9293,-0.5397],[33.9327,-0.5192],[33.9361,-0.4626],[33.9412,-0.4215],[33.9548,-0.3478],[33.965,-0.2861],[33.9717,-0.2499],[33.9847,-0.1683],[33.9868,-0.1528],[33.9878,-0.1312],[33.956,-0.0416],[33.9426,-0.0027],[33.9135,0.0969],[33.9115,0.1049],[33.9196,0.1164],[33.9731,0.1894],[33.9728,0.1899]]]},"properties":{"name":"Namayingo","code":"UG2055","region":"BUSOGA"}},{"type":"Feature","geometry":{"type":"Polygon","coordinates":[[[34.4784,0.9333],[34.4715,0.9372],[34.4373,0.9511],[34.4273,0.9603],[34.397,0.9738],[34.3707,0.9745],[34.3606,0.9722],[34.3563,0.9806],[34.3523,0.977],[34.353,0.9705],[34.3487,0.9602],[34.3398,0.9591],[34.334,0.9555],[34.3248,0.9558],[34.3114,0.9622],[34.3073,0.9537],[34.3059,0.9177],[34.3041,0.9123],[34.3117,0.9057],[34.3179,0.8974],[34.3198,0.8907],[34.3243,0.8899],[34.3232,0.879],[34.3182,0.8691],[34.3192,0.86],[34.3243,0.8538],[34.3239,0.8388],[34.3167,0.8281],[34.3041,0.8206],[34.3032,0.8108],[34.2998,0.8023],[34.2945,0.7975],[34.289,0.7725],[34.285,0.7624],[34.2857,0.7576],[34.2961,0.7558],[34.3041,0.7524],[34.3107,0.7467],[34.3147,0.7611],[34.3283,0.7662],[34.3348,0.7656],[34.3459,0.7719],[34.3548,0.7712],[34.3618,0.774],[34.3653,0.7792],[34.3735,0.784],[34.3769,0.7935],[34.384,0.7905],[34.3844,0.798],[34.3893,0.8017],[34.3955,0.7996],[34.4114,0.8063],[34.4142,0.8171],[34.409,0.8214],[34.4088,0.8284],[34.416,0.8324],[34.4149,0.8396],[34.4279,0.8509],[34.4435,0.8557],[34.4472,0.8612],[34.4471,0.8742],[34.4524,0.8883],[34.451,0.8959],[34.4643,0.9083],[34.4715,0.9186],[34.4784,0.9333]]]},"properties":{"name":"Namisindwa","code":"UG2056","region":"ELGON"}},{"type":"Feature","geometry":{"type":"Polygon","coordinates":[[[33.8593,0.6985],[33.8497,0.7001],[33.8423,0.7056],[33.844,0.7118],[33.8376,0.724],[33.8381,0.7286],[33.8295,0.737],[33.8228,0.7347],[33.816,0.7368],[33.8182,0.7457],[33.8128,0.7557],[33.804,0.7613],[33.7983,0.7752],[33.7916,0.8113],[33.7869,0.825],[33.7911,0.8862],[33.792,0.9163],[33.7861,0.9244],[33.7688,0.9352],[33.7598,0.9457],[33.7509,0.9559],[33.732,0.9661],[33.7185,0.9777],[33.7107,0.9895],[33.7074,1.0008],[33.6974,1.0147],[33.6944,1.0407],[33.686,1.0499],[33.657,1.0679],[33.6481,1.0759],[33.6366,1.0889],[33.6299,1.0828],[33.6204,1.0704],[33.6108,1.0517],[33.6054,1.0326],[33.5979,1.0199],[33.5834,1.0047],[33.5701,0.9781],[33.5718,0.9693],[33.5682,0.9632],[33.567,0.9407],[33.559,0.9158],[33.5498,0.9076],[33.5417,0.8938],[33.5416,0.8874],[33.5459,0.8622],[33.5435,0.8427],[33.5478,0.8227],[33.5619,0.8066],[33.5641,0.8012],[33.5909,0.8012],[33.5958,0.7998],[33.6049,0.7908],[33.6212,0.7892],[33.6303,0.7864],[33.6413,0.7719],[33.6436,0.7594],[33.6386,0.7423],[33.6401,0.7317],[33.6446,0.7333],[33.6561,0.7298],[33.6751,0.7271],[33.6942,0.712],[33.7243,0.7008],[33.7448,0.7097],[33.7512,0.7175],[33.7591,0.7188],[33.7759,0.6967],[33.7921,0.6842],[33.8122,0.6864],[33.8516,0.6956],[33.8593,0.6985]]]},"properties":{"name":"Namutumba","code":"UG2057","region":"BUSOGA"}},{"type":"Feature","geometry":{"type":"Polygon","coordinates":[[[34.5853,2.4198],[34.5807,2.4224],[34.5802,2.4306],[34.573,2.4397],[34.5714,2.4558],[34.574,2.4622],[34.5425,2.5079],[34.5049,2.5606],[34.4951,2.5646],[34.4848,2.564],[34.4764,2.5713],[34.4422,2.6205],[34.4073,2.6696],[34.3637,2.732],[34.3619,2.7434],[34.3641,2.7543],[34.361,2.7702],[34.3627,2.7766],[34.361,2.7857],[34.3532,2.7984],[34.3534,2.8112],[34.3503,2.815],[34.3485,2.8269],[34.3426,2.8323],[34.3358,2.8436],[34.3334,2.8556],[34.3234,2.8602],[34.3157,2.8662],[34.3118,2.8783],[34.3069,2.8811],[34.3048,2.8869],[34.2999,2.8886],[34.2942,2.8992],[34.285,2.9036],[34.2813,2.9099],[34.2719,2.8354],[34.2693,2.8025],[34.2665,2.7788],[34.2644,2.7692],[34.2618,2.7445],[34.2609,2.7271],[34.1911,2.7459],[34.1486,2.7596],[34.1177,2.7581],[34.1031,2.7554],[34.0944,2.7519],[34.0842,2.7454],[34.0708,2.7412],[34.0477,2.7257],[34.0311,2.7119],[34.0196,2.699],[33.9865,2.669],[33.9829,2.6626],[33.9826,2.6561],[33.9866,2.651],[33.9867,2.6442],[33.9658,2.6167],[33.9803,2.5877],[33.9864,2.5708],[34.0108,2.5456],[34.0235,2.5281],[34.0265,2.5299],[34.0334,2.5191],[34.0322,2.5109],[34.036,2.5063],[34.0368,2.4993],[34.0351,2.4707],[34.0311,2.4535],[34.032,2.4468],[34.0277,2.4395],[34.0276,2.4289],[34.0196,2.4329],[34.0063,2.4205],[34.0036,2.4077],[34.0046,2.402],[33.9969,2.3999],[33.9858,2.4057],[33.9686,2.4046],[33.9615,2.4058],[33.9597,2.3999],[33.9475,2.3967],[33.931,2.3896],[33.9227,2.3883],[33.9078,2.3804],[33.8959,2.3755],[33.885,2.3597],[33.8741,2.3564],[33.8663,2.3581],[33.858,2.3458],[33.8494,2.3438],[33.8497,2.3429],[33.8909,2.3175],[33.9088,2.3058],[33.926,2.2959],[34.0205,2.2369],[34.0754,2.2035],[34.1378,2.1645],[34.212,2.1186],[34.2232,1.9809],[34.2228,1.88],[34.2499,1.891],[34.309,1.9244],[34.3957,1.99],[34.4114,2.008],[34.4472,2.0474],[34.48,2.0919],[34.4882,2.1101],[34.501,2.149],[34.5052,2.1567],[34.5112,2.1837],[34.5317,2.248],[34.5484,2.3019],[34.5727,2.3789],[34.5853,2.4198]]]},"properties":{"name":"Napak","code":"UG3090","region":"KARAMOJA"}},{"type":"Feature","geometry":{"type":"Polygon","coordinates":[[[31.292,2.6754],[31.2763,2.6676],[31.2682,2.6603],[31.2672,2.6553],[31.2519,2.6461],[31.2475,2.6461],[31.2446,2.64],[31.2367,2.6367],[31.2341,2.6283],[31.2354,2.6211],[31.2215,2.6139],[31.2215,2.6012],[31.2088,2.5851],[31.2048,2.5847],[31.1975,2.5771],[31.1929,2.5808],[31.1864,2.5687],[31.1765,2.5679],[31.1745,2.5644],[31.1667,2.5664],[31.1577,2.5617],[31.1526,2.553],[31.1356,2.5481],[31.1256,2.5407],[31.1017,2.5477],[31.0662,2.5497],[31.0205,2.5752],[31.0073,2.5659],[30.9948,2.5504],[30.9962,2.5484],[30.9929,2.5252],[30.9913,2.5203],[31.0097,2.5195],[31.0218,2.5222],[31.0318,2.5078],[31.0394,2.5001],[31.0454,2.4973],[31.0565,2.5003],[31.07,2.4983],[31.0703,2.4896],[31.0648,2.4873],[31.0609,2.4816],[31.0513,2.4778],[31.0411,2.4539],[31.0399,2.4454],[31.0295,2.4164],[31.027,2.4032],[31.0194,2.3955],[31.0157,2.3859],[31.0214,2.3852],[31.0398,2.3679],[31.0738,2.3431],[31.0692,2.336],[31.0703,2.3301],[31.0767,2.3176],[31.0857,2.3082],[31.0762,2.2989],[31.0835,2.2932],[31.088,2.2867],[31.0953,2.2858],[31.0977,2.2794],[31.1084,2.2753],[31.1135,2.2702],[31.1197,2.2704],[31.1254,2.2638],[31.133,2.2622],[31.1376,2.2743],[31.1416,2.2799],[31.1488,2.2805],[31.1534,2.2774],[31.1602,2.2783],[31.1683,2.2759],[31.1756,2.2823],[31.1851,2.2832],[31.191,2.287],[31.2037,2.2907],[31.2038,2.2181],[31.2483,2.1974],[31.2594,2.1892],[31.2662,2.2103],[31.2671,2.2239],[31.2628,2.2488],[31.2714,2.2543],[31.2739,2.2588],[31.2748,2.2696],[31.2865,2.2762],[31.2892,2.296],[31.2812,2.3009],[31.2878,2.3268],[31.2943,2.344],[31.291,2.3729],[31.2894,2.394],[31.2916,2.411],[31.2894,2.4493],[31.2838,2.4522],[31.2771,2.4471],[31.2646,2.4479],[31.2532,2.4456],[31.251,2.4492],[31.2594,2.4554],[31.2659,2.4634],[31.2729,2.4647],[31.2765,2.4687],[31.2864,2.4731],[31.2899,2.4807],[31.3021,2.4839],[31.3081,2.4926],[31.3083,2.5038],[31.3052,2.5108],[31.2987,2.5421],[31.2911,2.5382],[31.2842,2.5403],[31.2805,2.5555],[31.2779,2.5601],[31.2787,2.5706],[31.2945,2.59],[31.2954,2.6221],[31.2968,2.6377],[31.2955,2.6614],[31.292,2.6754]]]},"properties":{"name":"Nebbi","code":"UG3091","region":"WESTNILE"}},{"type":"Feature","geometry":{"type":"Polygon","coordinates":[[[33.8951,1.6542],[33.8807,1.6653],[33.8587,1.676],[33.8437,1.68],[33.8217,1.6817],[33.8118,1.6789],[33.8041,1.6731],[33.7976,1.6638],[33.7883,1.6698],[33.7723,1.6703],[33.7594,1.6728],[33.749,1.6727],[33.7434,1.6702],[33.7274,1.6335],[33.713,1.6154],[33.7122,1.607],[33.7168,1.5991],[33.724,1.5938],[33.7171,1.588],[33.7151,1.5766],[33.7081,1.5702],[33.7059,1.5524],[33.7067,1.545],[33.7028,1.5344],[33.6976,1.5143],[33.6981,1.506],[33.6883,1.4809],[33.6769,1.4614],[33.6748,1.4539],[33.6733,1.4218],[33.6706,1.4133],[33.663,1.4061],[33.649,1.4086],[33.6311,1.4],[33.6276,1.3901],[33.5942,1.3896],[33.5835,1.3806],[33.5778,1.3688],[33.5618,1.3571],[33.5575,1.3491],[33.5571,1.3394],[33.5657,1.3341],[33.5686,1.3143],[33.5725,1.3103],[33.5799,1.3103],[33.6087,1.3139],[33.6167,1.3159],[33.6328,1.3165],[33.6503,1.3117],[33.672,1.3146],[33.6863,1.3256],[33.6963,1.339],[33.7104,1.3429],[33.7283,1.3443],[33.7386,1.3547],[33.7538,1.3632],[33.7656,1.3658],[33.7744,1.3657],[33.7905,1.3573],[33.8018,1.3561],[33.808,1.3655],[33.8032,1.3786],[33.7898,1.3944],[33.79,1.3994],[33.8023,1.4168],[33.8085,1.4315],[33.8112,1.4423],[33.8166,1.4494],[33.8269,1.4558],[33.8304,1.4648],[33.8404,1.4786],[33.844,1.4895],[33.849,1.4911],[33.8628,1.515],[33.8702,1.5308],[33.874,1.5449],[33.8776,1.5497],[33.8766,1.5556],[33.8855,1.5721],[33.8863,1.5798],[33.8996,1.5995],[33.8974,1.6219],[33.8996,1.646],[33.8951,1.6542]]]},"properties":{"name":"Ngora","code":"UG2058","region":"TESO"}},{"type":"Feature","geometry":{"type":"Polygon","coordinates":[[[30.5505,1.2064],[30.5504,1.2634],[30.5205,1.2633],[30.4762,1.2098],[30.473,1.2116],[30.4646,1.2075],[30.4596,1.2014],[30.4517,1.1989],[30.4433,1.2018],[30.433,1.1979],[30.4203,1.1904],[30.4157,1.1976],[30.4075,1.1965],[30.3984,1.1892],[30.3917,1.1879],[30.3845,1.1927],[30.3784,1.1925],[30.3728,1.1985],[30.3607,1.2024],[30.3547,1.1925],[30.3479,1.1866],[30.342,1.1769],[30.3397,1.1695],[30.3414,1.1639],[30.3363,1.1511],[30.327,1.1523],[30.3256,1.1564],[30.3141,1.1525],[30.307,1.1676],[30.3002,1.1643],[30.2948,1.172],[30.2902,1.173],[30.283,1.1656],[30.2766,1.1655],[30.2691,1.1619],[30.2691,1.1537],[30.2582,1.1463],[30.2471,1.1423],[30.2362,1.1322],[30.2346,1.1255],[30.24,1.1145],[30.2405,1.0976],[30.2322,1.088],[30.2276,1.078],[30.2306,1.0736],[30.2259,1.0664],[30.2259,1.0589],[30.2218,1.0452],[30.2292,1.0429],[30.2211,1.0359],[30.2272,1.0277],[30.2237,1.0171],[30.2276,1.0103],[30.2238,1.007],[30.2244,0.9928],[30.2166,0.9879],[30.2135,0.9743],[30.2053,0.9744],[30.1986,0.9673],[30.187,0.9581],[30.1813,0.9439],[30.1747,0.9404],[30.1732,0.929],[30.1683,0.9125],[30.1707,0.9073],[30.1626,0.8996],[30.1559,0.9001],[30.1524,0.8914],[30.1563,0.8858],[30.1715,0.8877],[30.1832,0.8869],[30.1971,0.8763],[30.2022,0.8609],[30.2028,0.853],[30.1989,0.8471],[30.2056,0.8428],[30.2061,0.8363],[30.1986,0.8209],[30.194,0.819],[30.1933,0.8117],[30.1897,0.807],[30.1887,0.7995],[30.1966,0.7944],[30.1917,0.7801],[30.1944,0.7727],[30.1869,0.7711],[30.1742,0.7611],[30.1751,0.7543],[30.1667,0.7439],[30.1681,0.7397],[30.1644,0.7326],[30.1719,0.7314],[30.1799,0.7226],[30.1894,0.7174],[30.1944,0.7309],[30.2053,0.7424],[30.2185,0.7528],[30.2256,0.7501],[30.2419,0.749],[30.2439,0.7413],[30.2481,0.7366],[30.258,0.7463],[30.2698,0.7611],[30.2959,0.7735],[30.3018,0.779],[30.2995,0.7853],[30.2934,0.7926],[30.2961,0.7988],[30.2954,0.8083],[30.3062,0.8145],[30.3104,0.814],[30.3158,0.8202],[30.3238,0.8228],[30.3357,0.8296],[30.3344,0.8345],[30.3418,0.8383],[30.3415,0.8488],[30.3392,0.8542],[30.3443,0.8595],[30.3413,0.8673],[30.3431,0.8807],[30.3463,0.8878],[30.3476,0.8983],[30.3629,0.8772],[30.367,0.8849],[30.3749,0.8907],[30.3813,0.8902],[30.3989,0.8959],[30.4025,0.8995],[30.4246,0.9084],[30.4399,0.9106],[30.4434,0.9135],[30.4592,0.9137],[30.4757,0.9201],[30.4809,0.9199],[30.4955,0.9369],[30.5192,0.9544],[30.5298,0.9658],[30.5359,0.968],[30.5435,0.9759],[30.5477,0.9828],[30.5528,0.9861],[30.5424,0.9921],[30.5391,0.9963],[30.5383,1.0092],[30.5444,1.0258],[30.551,1.037],[30.5506,1.1055],[30.5505,1.2064]]]},"properties":{"name":"Ntoroko","code":"UG4128","region":"TORO"}},{"type":"Feature","geometry":{"type":"Polygon","coordinates":[[[30.6029,-0.8674],[30.6034,-0.8624],[30.5905,-0.8616],[30.5808,-0.8578],[30.5678,-0.8585],[30.5707,-0.8444],[30.5937,-0.8272],[30.5928,-0.8197],[30.5777,-0.8195],[30.568,-0.8216],[30.5658,-0.8261],[30.5557,-0.8289],[30.5485,-0.8262],[30.5299,-0.8282],[30.5201,-0.8279],[30.5155,-0.8302],[30.5099,-0.8436],[30.5051,-0.8459],[30.4939,-0.8457],[30.4743,-0.8411],[30.4619,-0.832],[30.4468,-0.8341],[30.4378,-0.83],[30.4303,-0.8163],[30.4133,-0.8114],[30.4003,-0.815],[30.3875,-0.8062],[30.3756,-0.7996],[30.3604,-0.7868],[30.359,-0.7794],[30.3536,-0.7741],[30.3519,-0.7662],[30.3442,-0.7568],[30.337,-0.7539],[30.3384,-0.7484],[30.3236,-0.7301],[30.325,-0.7229],[30.3192,-0.7178],[30.3141,-0.7173],[30.3118,-0.7354],[30.3039,-0.7299],[30.2975,-0.7295],[30.2865,-0.7361],[30.2774,-0.7321],[30.2741,-0.7361],[30.2627,-0.7366],[30.248,-0.7451],[30.2463,-0.7491],[30.2334,-0.751],[30.2235,-0.7576],[30.2161,-0.7584],[30.2001,-0.7633],[30.1918,-0.7526],[30.1927,-0.748],[30.1834,-0.7397],[30.1685,-0.7333],[30.1577,-0.7321],[30.1385,-0.7341],[30.138,-0.7463],[30.131,-0.7554],[30.122,-0.7619],[30.1084,-0.7645],[30.0939,-0.7542],[30.0866,-0.7522],[30.0768,-0.7542],[30.0679,-0.7661],[30.0651,-0.7792],[30.0572,-0.7771],[30.0529,-0.7788],[30.0521,-0.7845],[30.0572,-0.7942],[30.0552,-0.8082],[30.0574,-0.8136],[30.0465,-0.8243],[30.0506,-0.8301],[30.0504,-0.8405],[30.0525,-0.8501],[30.0498,-0.8559],[30.0511,-0.8653],[30.0498,-0.8851],[30.0382,-0.8966],[30.0301,-0.8924],[30.0253,-0.8945],[30.0222,-0.9069],[30.0368,-0.9071],[30.0399,-0.9147],[30.0449,-0.9168],[30.0478,-0.9262],[30.0576,-0.9323],[30.0602,-0.9379],[30.0754,-0.9482],[30.0742,-0.9553],[30.0698,-0.9612],[30.0698,-0.9727],[30.068,-0.9795],[30.0712,-0.9861],[30.07,-1.0005],[30.0582,-1.012],[30.0444,-1.0194],[30.0504,-1.0316],[30.0499,-1.0418],[30.0456,-1.045],[30.0465,-1.0608],[30.057,-1.0675],[30.0698,-1.0723],[30.0749,-1.0875],[30.0843,-1.1027],[30.0826,-1.1161],[30.0891,-1.127],[30.0943,-1.1278],[30.1037,-1.1349],[30.1105,-1.1451],[30.1132,-1.1561],[30.1174,-1.1549],[30.1365,-1.1562],[30.1404,-1.1601],[30.1506,-1.1565],[30.1545,-1.1615],[30.1634,-1.1592],[30.17,-1.1602],[30.1873,-1.153],[30.193,-1.1543],[30.1889,-1.1629],[30.1871,-1.173],[30.1904,-1.1889],[30.1964,-1.1933],[30.2071,-1.1955],[30.2166,-1.1923],[30.2207,-1.1853],[30.2288,-1.1816],[30.2463,-1.1651],[30.2506,-1.1646],[30.2577,-1.1566],[30.299,-1.1559],[30.3088,-1.1445],[30.3134,-1.144],[30.3256,-1.1364],[30.3379,-1.1309],[30.3447,-1.132],[30.3423,-1.1243],[30.3396,-1.0963],[30.3441,-1.0892],[30.3478,-1.0884],[30.3513,-1.0764],[30.351,-1.0674],[30.3587,-1.0605],[30.3657,-1.0659],[30.3779,-1.0627],[30.3908,-1.0684],[30.3984,-1.0622],[30.4132,-1.0639],[30.4217,-1.0625],[30.4285,-1.0639],[30.4346,-1.0528],[30.442,-1.0482],[30.4472,-1.0479],[30.4599,-1.0533],[30.4672,-1.0528],[30.4727,-1.0573],[30.4781,-1.0575],[30.4835,-1.048],[30.4851,-1.0405],[30.4905,-1.0296],[30.5046,-1.0155],[30.507,-1.0062],[30.5017,-0.99],[30.5059,-0.9784],[30.5162,-0.9661],[30.5228,-0.9625],[30.5298,-0.9547],[30.5343,-0.939],[30.5424,-0.9303],[30.5632,-0.9306],[30.565,-0.9284],[30.5669,-0.914],[30.5714,-0.9031],[30.5812,-0.9028],[30.5952,-0.8967],[30.601,-0.8881],[30.5987,-0.8767],[30.6029,-0.8674]]]},"properties":{"name":"Ntungamo","code":"UG4129","region":"ANKOLE"}},{"type":"Feature","geometry":{"type":"Polygon","coordinates":[[[32.1985,2.7578],[32.1978,2.7697],[32.1941,2.7783],[32.1783,2.7798],[32.1672,2.7773],[32.1552,2.7777],[32.1444,2.7734],[32.1434,2.7695],[32.1337,2.7693],[32.1293,2.7828],[32.1234,2.7845],[32.1139,2.8025],[32.0958,2.8062],[32.0872,2.8019],[32.0773,2.7995],[32.0738,2.7936],[32.0679,2.7937],[32.0603,2.7883],[32.0486,2.7863],[32.0463,2.7787],[32.038,2.7726],[32.0265,2.7681],[32.0189,2.7711],[32.0117,2.779],[32.0029,2.7813],[31.9931,2.7869],[31.9764,2.7887],[31.9693,2.7821],[31.9647,2.7808],[31.9613,2.786],[31.9477,2.7912],[31.9426,2.7951],[31.9328,2.7961],[31.9207,2.793],[31.9089,2.7939],[31.9009,2.7901],[31.8982,2.7788],[31.8927,2.7786],[31.8882,2.7827],[31.8734,2.7836],[31.8594,2.7889],[31.8496,2.7889],[31.8231,2.795],[31.821,2.8001],[31.8115,2.802],[31.8035,2.806],[31.7976,2.8159],[31.7852,2.8243],[31.7835,2.8277],[31.7621,2.8301],[31.76,2.8334],[31.7457,2.8321],[31.7423,2.834],[31.7311,2.8281],[31.7224,2.8275],[31.7156,2.832],[31.7092,2.8228],[31.701,2.8236],[31.693,2.8189],[31.6914,2.8114],[31.683,2.8029],[31.6765,2.8034],[31.6691,2.7987],[31.66,2.8012],[31.6562,2.8092],[31.6558,2.8158],[31.6387,2.8179],[31.6315,2.816],[31.6262,2.8087],[31.6166,2.8018],[31.6074,2.8064],[31.6021,2.8051],[31.5971,2.7991],[31.5803,2.7842],[31.5767,2.7732],[31.571,2.7799],[31.5662,2.781],[31.5504,2.7692],[31.5514,2.7658],[31.5396,2.7589],[31.5316,2.7406],[31.5177,2.7332],[31.5193,2.7268],[31.5087,2.7198],[31.5007,2.7194],[31.4879,2.7093],[31.4817,2.7021],[31.4849,2.694],[31.4816,2.6861],[31.4705,2.6796],[31.4449,2.6784],[31.4423,2.6769],[31.4404,2.6687],[31.4337,2.6627],[31.4257,2.6526],[31.4237,2.6466],[31.4152,2.6357],[31.4158,2.6308],[31.4114,2.6228],[31.4166,2.6073],[31.4325,2.5866],[31.4439,2.5814],[31.4587,2.567],[31.464,2.5575],[31.4663,2.5326],[31.4724,2.5164],[31.478,2.5054],[31.4953,2.4956],[31.5156,2.496],[31.5219,2.4929],[31.5297,2.4838],[31.5295,2.4797],[31.5214,2.4675],[31.5147,2.4624],[31.4985,2.4558],[31.4901,2.4499],[31.4846,2.443],[31.4795,2.4311],[31.4769,2.4207],[31.4763,2.3928],[31.4736,2.3726],[31.4686,2.3592],[31.4634,2.3515],[31.4522,2.3409],[31.4393,2.3332],[31.4091,2.3212],[31.3891,2.3087],[31.3679,2.2904],[31.3504,2.271],[31.3433,2.2611],[31.3365,2.2474],[31.3454,2.2451],[31.3532,2.2465],[31.3714,2.2463],[31.3889,2.2368],[31.3979,2.2352],[31.4031,2.2395],[31.4087,2.2368],[31.4199,2.2358],[31.428,2.2375],[31.434,2.2334],[31.4523,2.2284],[31.4704,2.2281],[31.4847,2.2429],[31.4906,2.247],[31.5122,2.2508],[31.5256,2.2567],[31.5376,2.2734],[31.5542,2.2843],[31.5795,2.2846],[31.5886,2.2808],[31.6019,2.2722],[31.6079,2.2713],[31.6193,2.2744],[31.6279,2.271],[31.6379,2.2584],[31.6477,2.2589],[31.6536,2.2653],[31.6664,2.2736],[31.6769,2.2752],[31.6867,2.2786],[31.694,2.2758],[31.6992,2.2889],[31.7053,2.2871],[31.7218,2.2906],[31.7362,2.2965],[31.7403,2.2954],[31.7504,2.3015],[31.7519,2.3072],[31.7607,2.3131],[31.77,2.3278],[31.7762,2.3316],[31.7848,2.3332],[31.7843,2.3392],[31.7962,2.3453],[31.8095,2.3585],[31.8285,2.3657],[31.8336,2.369],[31.8498,2.3589],[31.8594,2.3656],[31.8687,2.3592],[31.8811,2.363],[31.8911,2.3598],[31.9001,2.3626],[31.9099,2.3595],[31.9184,2.3655],[31.9273,2.36],[31.9368,2.3432],[31.9421,2.3388],[31.955,2.341],[31.9614,2.3362],[31.9655,2.3272],[31.98,2.3254],[31.9822,2.3173],[31.9901,2.3183],[31.9955,2.3116],[32.008,2.3091],[32.0159,2.3037],[32.0228,2.289],[32.0256,2.2765],[32.0329,2.2772],[32.0419,2.2841],[32.0532,2.2825],[32.0848,2.2627],[32.0901,2.2559],[32.1108,2.2446],[32.1194,2.2459],[32.1293,2.2429],[32.1457,2.2311],[32.1485,2.2215],[32.1659,2.222],[32.1734,2.2188],[32.1854,2.2167],[32.1904,2.2177],[32.1926,2.2238],[32.2008,2.2275],[32.2131,2.2378],[32.2141,2.2415],[32.2263,2.2463],[32.2441,2.2413],[32.2538,2.2522],[32.259,2.2538],[32.2551,2.2599],[32.2536,2.2697],[32.2459,2.2846],[32.2421,2.2892],[32.2441,2.2943],[32.2425,2.3032],[32.2352,2.3192],[32.2321,2.3296],[32.231,2.344],[32.2338,2.3575],[32.2303,2.3712],[32.2319,2.3776],[32.23,2.4018],[32.228,2.4068],[32.2337,2.4207],[32.2286,2.4384],[32.2286,2.4536],[32.2301,2.4696],[32.2283,2.4785],[32.2301,2.498],[32.2275,2.5041],[32.235,2.5137],[32.2383,2.5128],[32.2468,2.518],[32.2534,2.5168],[32.2647,2.5103],[32.2834,2.5114],[32.2909,2.5105],[32.2971,2.5045],[32.2897,2.5124],[32.2875,2.5193],[32.2768,2.5238],[32.2713,2.5311],[32.2717,2.5413],[32.2671,2.5457],[32.2619,2.556],[32.2616,2.5701],[32.264,2.5745],[32.2642,2.5879],[32.2587,2.6055],[32.2507,2.6188],[32.2369,2.623],[32.2164,2.6179],[32.2051,2.622],[32.192,2.6177],[32.1847,2.627],[32.1885,2.6313],[32.1819,2.6361],[32.179,2.6467],[32.1717,2.6558],[32.1691,2.6646],[32.1645,2.6661],[32.1456,2.6811],[32.1392,2.6894],[32.1289,2.6948],[32.1286,2.6982],[32.1398,2.7101],[32.1496,2.716],[32.1694,2.7196],[32.1722,2.7235],[32.1708,2.7309],[32.1744,2.7438],[32.1877,2.7623],[32.1985,2.7578]]]},"properties":{"name":"Nwoya","code":"UG3092","region":"ACHOLI"}},{"type":"Feature","geometry":{"type":"Polygon","coordinates":[[[31.7694,3.5087],[31.7645,3.515],[31.7578,3.5338],[31.7577,3.5377],[31.7408,3.5519],[31.7279,3.5444],[31.7205,3.5435],[31.6994,3.5532],[31.6182,3.5526],[31.6095,3.5519],[31.5908,3.5451],[31.5759,3.5432],[31.5761,3.5467],[31.5706,3.56],[31.5616,3.5634],[31.5537,3.5595],[31.5418,3.5599],[31.5387,3.563],[31.5394,3.5732],[31.5367,3.5766],[31.5101,3.5352],[31.469,3.4719],[31.4531,3.4466],[31.4413,3.3633],[31.4272,3.2661],[31.4397,3.2413],[31.4514,3.2251],[31.471,3.2037],[31.4784,3.1891],[31.4833,3.1824],[31.4954,3.1709],[31.5006,3.1714],[31.5391,3.1507],[31.5436,3.1569],[31.5442,3.165],[31.5499,3.1758],[31.5596,3.1886],[31.5634,3.1975],[31.5643,3.2071],[31.5699,3.2153],[31.5717,3.2224],[31.563,3.238],[31.5623,3.2468],[31.5668,3.2575],[31.5804,3.2638],[31.5867,3.2843],[31.5863,3.2963],[31.5885,3.3027],[31.5941,3.3077],[31.5986,3.3157],[31.6063,3.3242],[31.6044,3.3428],[31.6097,3.3529],[31.6258,3.3569],[31.6333,3.364],[31.6371,3.3725],[31.6505,3.3853],[31.6585,3.3974],[31.6574,3.4085],[31.6536,3.4162],[31.6512,3.4266],[31.6532,3.4346],[31.6624,3.4483],[31.6794,3.4562],[31.6872,3.4684],[31.6952,3.4778],[31.7005,3.4898],[31.7072,3.4968],[31.7239,3.4968],[31.7356,3.4936],[31.7508,3.4968],[31.7694,3.5087]]]},"properties":{"name":"Obongi","code":"UG3093","region":"WESTNILE"}},{"type":"Feature","geometry":{"type":"Polygon","coordinates":[[[32.8254,2.6513],[32.8227,2.6611],[32.8295,2.6659],[32.8264,2.6745],[32.8226,2.6749],[32.8152,2.666],[32.8079,2.6696],[32.7979,2.6641],[32.7973,2.6743],[32.7926,2.6769],[32.7822,2.6893],[32.7788,2.6966],[32.7746,2.6985],[32.7734,2.706],[32.7623,2.7202],[32.749,2.7341],[32.7371,2.7445],[32.7302,2.7546],[32.7228,2.7562],[32.7225,2.7656],[32.7176,2.769],[32.7077,2.7649],[32.6985,2.7677],[32.6939,2.7725],[32.7039,2.7854],[32.6872,2.7885],[32.6885,2.7966],[32.6928,2.8002],[32.6813,2.8099],[32.6707,2.8256],[32.6693,2.83],[32.658,2.8433],[32.6477,2.8286],[32.6345,2.8201],[32.6325,2.8088],[32.6223,2.7931],[32.6157,2.7914],[32.6099,2.7946],[32.5956,2.7959],[32.5772,2.7839],[32.5651,2.7844],[32.5488,2.7777],[32.5405,2.7818],[32.5306,2.7908],[32.5213,2.791],[32.5151,2.8005],[32.5163,2.8097],[32.5036,2.8056],[32.4924,2.7954],[32.4845,2.7941],[32.4796,2.7857],[32.4663,2.7869],[32.4641,2.7838],[32.4564,2.7858],[32.4507,2.7937],[32.4381,2.7843],[32.4367,2.7805],[32.4265,2.7744],[32.4202,2.78],[32.4132,2.7775],[32.4084,2.7726],[32.404,2.7797],[32.3898,2.7831],[32.383,2.7756],[32.3751,2.7795],[32.3633,2.7798],[32.3458,2.7746],[32.3324,2.7735],[32.3321,2.767],[32.3361,2.7566],[32.3302,2.7436],[32.3219,2.7445],[32.3109,2.7426],[32.3044,2.7373],[32.2991,2.7366],[32.2817,2.7385],[32.2808,2.7462],[32.2715,2.7569],[32.2538,2.7575],[32.2462,2.7606],[32.2473,2.7657],[32.2361,2.768],[32.2195,2.7584],[32.2036,2.7557],[32.1985,2.7578],[32.1877,2.7623],[32.1744,2.7438],[32.1708,2.7309],[32.1722,2.7235],[32.1694,2.7196],[32.1496,2.716],[32.1398,2.7101],[32.1286,2.6982],[32.1289,2.6948],[32.1392,2.6894],[32.1456,2.6811],[32.1645,2.6661],[32.1691,2.6646],[32.1717,2.6558],[32.179,2.6467],[32.1819,2.6361],[32.1885,2.6313],[32.1847,2.627],[32.192,2.6177],[32.2051,2.622],[32.2164,2.6179],[32.2369,2.623],[32.2507,2.6188],[32.2587,2.6055],[32.2642,2.5879],[32.264,2.5745],[32.2616,2.5701],[32.2619,2.556],[32.2671,2.5457],[32.2717,2.5413],[32.2713,2.5311],[32.2768,2.5238],[32.2875,2.5193],[32.2897,2.5124],[32.2971,2.5045],[32.3237,2.4921],[32.3295,2.4875],[32.3368,2.4865],[32.3522,2.4888],[32.3607,2.4843],[32.3635,2.4762],[32.3764,2.4778],[32.3895,2.4831],[32.398,2.4806],[32.4033,2.4746],[32.4082,2.4638],[32.4124,2.4612],[32.4154,2.4533],[32.4248,2.4478],[32.4298,2.4631],[32.4376,2.4736],[32.4414,2.4995],[32.4384,2.5053],[32.4464,2.5144],[32.4476,2.5192],[32.4445,2.527],[32.4516,2.5373],[32.4509,2.5559],[32.4583,2.5602],[32.4566,2.5667],[32.4612,2.5779],[32.4702,2.5899],[32.4802,2.6138],[32.4957,2.6154],[32.5198,2.6197],[32.5421,2.6202],[32.5471,2.618],[32.5619,2.617],[32.6564,2.6016],[32.6663,2.6054],[32.6977,2.6053],[32.6996,2.61],[32.7139,2.608],[32.7465,2.6064],[32.7682,2.6033],[32.7787,2.6062],[32.7859,2.6036],[32.7863,2.5874],[32.7972,2.5903],[32.7967,2.6002],[32.8086,2.6118],[32.8157,2.6218],[32.817,2.6285],[32.8106,2.6399],[32.8204,2.6491],[32.8254,2.6513]]]},"properties":{"name":"Omoro","code":"UG3094","region":"ACHOLI"}},{"type":"Feature","geometry":{"type":"Polygon","coordinates":[[[33.533,2.6037],[33.5185,2.6003],[33.5122,2.5921],[33.4998,2.5882],[33.4954,2.5923],[33.4801,2.5902],[33.475,2.5967],[33.4539,2.5908],[33.444,2.5923],[33.4434,2.6129],[33.4358,2.6162],[33.4401,2.6257],[33.4338,2.6318],[33.4289,2.6268],[33.4166,2.6078],[33.4108,2.5953],[33.3962,2.596],[33.3851,2.6],[33.3722,2.6024],[33.3648,2.6054],[33.3562,2.6052],[33.3443,2.608],[33.3149,2.612],[33.3071,2.6079],[33.3002,2.6077],[33.2913,2.5959],[33.2727,2.5949],[33.2588,2.5975],[33.2407,2.5933],[33.2064,2.5979],[33.2022,2.5969],[33.1833,2.5854],[33.1574,2.6191],[33.1006,2.5992],[33.073,2.5888],[33.0686,2.5792],[33.0575,2.5715],[33.0533,2.566],[33.0346,2.5559],[33.0292,2.5485],[33.015,2.5384],[33.014,2.534],[33.0066,2.5304],[33.0129,2.5085],[33.0048,2.5038],[33.0033,2.498],[33.01,2.4971],[33.0167,2.5025],[33.0211,2.5011],[33.0326,2.5058],[33.0382,2.5003],[33.0427,2.4885],[33.0496,2.4879],[33.0552,2.4941],[33.0542,2.4992],[33.0581,2.5035],[33.0643,2.5001],[33.0716,2.4895],[33.0829,2.4951],[33.0898,2.488],[33.085,2.4815],[33.0885,2.475],[33.1016,2.4858],[33.1015,2.4764],[33.1091,2.4813],[33.1142,2.4894],[33.1233,2.4913],[33.1329,2.4875],[33.1372,2.4823],[33.1419,2.4868],[33.1467,2.4835],[33.136,2.4688],[33.1475,2.4701],[33.1405,2.458],[33.1389,2.4456],[33.1481,2.4504],[33.1552,2.4585],[33.1596,2.4559],[33.159,2.447],[33.1545,2.4409],[33.1463,2.4355],[33.1495,2.4257],[33.1536,2.4267],[33.1615,2.4375],[33.1714,2.4459],[33.1725,2.4523],[33.1847,2.4498],[33.1812,2.441],[33.1852,2.4358],[33.1762,2.43],[33.1728,2.4231],[33.1785,2.4217],[33.1824,2.4165],[33.1801,2.4079],[33.1883,2.4059],[33.1934,2.4171],[33.2052,2.4144],[33.2106,2.4064],[33.2148,2.407],[33.2191,2.4003],[33.2133,2.3922],[33.2175,2.3867],[33.2239,2.3866],[33.2242,2.3797],[33.2207,2.3709],[33.2325,2.372],[33.236,2.3833],[33.2425,2.3846],[33.2474,2.3814],[33.2445,2.3684],[33.2474,2.363],[33.2464,2.3565],[33.253,2.3562],[33.2584,2.351],[33.2658,2.3484],[33.2747,2.3505],[33.288,2.3439],[33.2876,2.3306],[33.2973,2.3307],[33.3108,2.3214],[33.3131,2.3258],[33.3195,2.3232],[33.326,2.3316],[33.3311,2.3276],[33.3435,2.3381],[33.349,2.3343],[33.3535,2.3395],[33.3599,2.3332],[33.3725,2.3317],[33.3817,2.3267],[33.3879,2.3313],[33.3983,2.3299],[33.4012,2.3368],[33.4093,2.3471],[33.4143,2.3447],[33.4197,2.3469],[33.4336,2.3607],[33.4554,2.3621],[33.4649,2.3576],[33.4708,2.3599],[33.4789,2.3567],[33.4853,2.3571],[33.4886,2.3523],[33.5029,2.3528],[33.535,2.352],[33.5375,2.3572],[33.5454,2.355],[33.5536,2.3556],[33.5609,2.3534],[33.5685,2.3347],[33.5806,2.3336],[33.5839,2.327],[33.6017,2.3316],[33.6083,2.336],[33.6122,2.3337],[33.6239,2.3418],[33.6234,2.346],[33.6282,2.3546],[33.6374,2.3574],[33.6467,2.3555],[33.6549,2.3564],[33.659,2.3538],[33.6739,2.3578],[33.6757,2.3674],[33.688,2.3747],[33.6961,2.3862],[33.7067,2.3894],[33.7067,2.3945],[33.7166,2.4041],[33.7228,2.4053],[33.736,2.4175],[33.7426,2.4283],[33.743,2.4362],[33.7393,2.4455],[33.7328,2.449],[33.7055,2.4604],[33.6963,2.4821],[33.6884,2.4908],[33.6695,2.5054],[33.6525,2.4897],[33.6401,2.4821],[33.6277,2.4712],[33.6146,2.4898],[33.6061,2.4958],[33.6078,2.4997],[33.5881,2.516],[33.5846,2.5229],[33.5789,2.5281],[33.5753,2.5414],[33.5684,2.5485],[33.5532,2.5589],[33.5515,2.5686],[33.5374,2.5922],[33.533,2.6037]]]},"properties":{"name":"Otuke","code":"UG3095","region":"LANGO"}},{"type":"Feature","geometry":{"type":"Polygon","coordinates":[[[32.7863,2.5874],[32.7859,2.6036],[32.7787,2.6062],[32.7682,2.6033],[32.7465,2.6064],[32.7139,2.608],[32.6996,2.61],[32.6977,2.6053],[32.6663,2.6054],[32.6564,2.6016],[32.5619,2.617],[32.5471,2.618],[32.5421,2.6202],[32.5198,2.6197],[32.4957,2.6154],[32.4802,2.6138],[32.4702,2.5899],[32.4612,2.5779],[32.4566,2.5667],[32.4583,2.5602],[32.4509,2.5559],[32.4516,2.5373],[32.4445,2.527],[32.4476,2.5192],[32.4464,2.5144],[32.4384,2.5053],[32.4414,2.4995],[32.4376,2.4736],[32.4298,2.4631],[32.4248,2.4478],[32.4154,2.4533],[32.4124,2.4612],[32.4082,2.4638],[32.4033,2.4746],[32.398,2.4806],[32.3895,2.4831],[32.3764,2.4778],[32.3635,2.4762],[32.3607,2.4843],[32.3522,2.4888],[32.3368,2.4865],[32.3295,2.4875],[32.3237,2.4921],[32.2971,2.5045],[32.2909,2.5105],[32.2834,2.5114],[32.2647,2.5103],[32.2534,2.5168],[32.2468,2.518],[32.2383,2.5128],[32.235,2.5137],[32.2275,2.5041],[32.2301,2.498],[32.2283,2.4785],[32.2301,2.4696],[32.2286,2.4536],[32.2286,2.4384],[32.2337,2.4207],[32.228,2.4068],[32.23,2.4018],[32.2319,2.3776],[32.2303,2.3712],[32.2338,2.3575],[32.231,2.344],[32.2321,2.3296],[32.2352,2.3192],[32.2425,2.3032],[32.2441,2.2943],[32.2421,2.2892],[32.2459,2.2846],[32.2536,2.2697],[32.2551,2.2599],[32.259,2.2538],[32.2628,2.2502],[32.2738,2.2453],[32.2842,2.2377],[32.2914,2.2247],[32.2953,2.222],[32.2984,2.2141],[32.3033,2.2136],[32.3173,2.1934],[32.3169,2.1857],[32.3215,2.1716],[32.3215,2.1574],[32.3185,2.1468],[32.321,2.1361],[32.3328,2.1248],[32.3286,2.1079],[32.3324,2.0997],[32.3418,2.0907],[32.3434,2.0832],[32.3528,2.0744],[32.3707,2.0732],[32.3844,2.0738],[32.4078,2.072],[32.4235,2.0751],[32.4357,2.0761],[32.4562,2.0823],[32.462,2.0856],[32.4798,2.1053],[32.4924,2.109],[32.497,2.1056],[32.5056,2.1069],[32.5285,2.1294],[32.5383,2.1442],[32.5502,2.1553],[32.5541,2.1632],[32.555,2.1772],[32.5576,2.1916],[32.5627,2.1989],[32.5658,2.2156],[32.5703,2.2195],[32.5768,2.2186],[32.5817,2.2233],[32.5871,2.2333],[32.6003,2.2426],[32.6114,2.2531],[32.622,2.2543],[32.6247,2.2572],[32.6397,2.2563],[32.6499,2.2672],[32.6545,2.2748],[32.655,2.2928],[32.6625,2.3041],[32.6478,2.32],[32.6429,2.3226],[32.6263,2.3223],[32.6209,2.3267],[32.6232,2.3373],[32.6145,2.3411],[32.6171,2.3493],[32.6147,2.3608],[32.6205,2.3683],[32.6282,2.3708],[32.6325,2.3761],[32.6404,2.3812],[32.6509,2.3972],[32.6615,2.3964],[32.6804,2.4171],[32.6937,2.4158],[32.6958,2.4188],[32.694,2.4274],[32.6971,2.4339],[32.6951,2.4377],[32.7016,2.4434],[32.7064,2.4531],[32.7071,2.4589],[32.6959,2.4667],[32.6953,2.4701],[32.7071,2.4732],[32.7163,2.4674],[32.7304,2.4648],[32.7406,2.4671],[32.7508,2.4719],[32.7739,2.4735],[32.7853,2.4809],[32.792,2.4831],[32.7955,2.4905],[32.8027,2.4978],[32.803,2.502],[32.7985,2.5026],[32.7983,2.5173],[32.7912,2.5339],[32.7923,2.547],[32.7972,2.5625],[32.7958,2.5666],[32.7874,2.5759],[32.7863,2.5874]]]},"properties":{"name":"Oyam","code":"UG3096","region":"LANGO"}},{"type":"Feature","geometry":{"type":"Polygon","coordinates":[[[33.1313,3.074],[33.1202,3.0715],[33.1034,3.0804],[33.0835,3.0783],[33.0805,3.0984],[33.0821,3.1081],[33.0691,3.1139],[33.0679,3.1217],[33.0594,3.1333],[33.0519,3.1331],[33.0352,3.1254],[33.0265,3.1236],[33.0235,3.1336],[33.0189,3.1369],[33.0063,3.1605],[32.9999,3.171],[32.9843,3.2003],[32.9356,3.2365],[32.9189,3.24],[32.9182,3.2281],[32.9254,3.2159],[32.9262,3.2097],[32.915,3.2035],[32.8717,3.1818],[32.8719,3.1717],[32.8701,3.1597],[32.8612,3.1578],[32.8561,3.1625],[32.8439,3.1637],[32.84,3.1608],[32.831,3.1614],[32.8208,3.166],[32.8135,3.1654],[32.8042,3.1713],[32.7979,3.1695],[32.7823,3.1799],[32.7837,3.1957],[32.7798,3.2014],[32.7797,3.2101],[32.7613,3.2035],[32.7524,3.2039],[32.7516,3.1928],[32.747,3.1936],[32.7406,3.1824],[32.7289,3.1758],[32.7196,3.1836],[32.7154,3.1815],[32.6977,3.1872],[32.6865,3.1823],[32.684,3.1739],[32.6793,3.1703],[32.6723,3.1742],[32.6684,3.1685],[32.6601,3.1696],[32.6518,3.1616],[32.64,3.1596],[32.6378,3.1568],[32.6283,3.1592],[32.6243,3.1548],[32.6145,3.1524],[32.5937,3.152],[32.5695,3.1572],[32.5623,3.1614],[32.5567,3.1614],[32.548,3.1557],[32.5354,3.1584],[32.5228,3.1585],[32.5006,3.1668],[32.495,3.1776],[32.5006,3.1668],[32.5176,3.1559],[32.5136,3.145],[32.5174,3.1297],[32.492,3.1327],[32.4703,3.1263],[32.4842,3.1097],[32.4865,3.1003],[32.4951,3.0898],[32.4998,3.0867],[32.5108,3.0676],[32.5155,3.0667],[32.5172,3.0606],[32.5335,3.0366],[32.5335,3.0327],[32.5467,3.0202],[32.5525,3.0117],[32.5593,2.9971],[32.5757,2.9709],[32.5781,2.9614],[32.585,2.9523],[32.5892,2.9498],[32.5999,2.9338],[32.6051,2.9279],[32.6206,2.9013],[32.6327,2.8828],[32.6363,2.8732],[32.6392,2.8728],[32.647,2.86],[32.6583,2.845],[32.658,2.8433],[32.6693,2.83],[32.6707,2.8256],[32.6813,2.8099],[32.6928,2.8002],[32.6885,2.7966],[32.6872,2.7885],[32.7039,2.7854],[32.6939,2.7725],[32.6985,2.7677],[32.7077,2.7649],[32.7176,2.769],[32.7225,2.7656],[32.7228,2.7562],[32.7302,2.7546],[32.7371,2.7445],[32.749,2.7341],[32.7623,2.7202],[32.7734,2.706],[32.7746,2.6985],[32.7788,2.6966],[32.7822,2.6893],[32.7926,2.6769],[32.7973,2.6743],[32.7979,2.6641],[32.8079,2.6696],[32.8152,2.666],[32.8226,2.6749],[32.8264,2.6745],[32.8295,2.6659],[32.8227,2.6611],[32.8254,2.6513],[32.8292,2.6478],[32.8369,2.6467],[32.8459,2.6495],[32.8572,2.6495],[32.8604,2.6446],[32.8507,2.6249],[32.856,2.6204],[32.8673,2.6259],[32.8722,2.6204],[32.8813,2.6189],[32.89,2.6139],[32.894,2.5993],[32.9,2.5974],[32.9044,2.6018],[32.9139,2.5944],[32.9189,2.5967],[32.9197,2.6063],[32.9291,2.6065],[32.9372,2.6115],[32.9295,2.5935],[32.9402,2.5951],[32.9499,2.6044],[32.9515,2.5969],[32.9604,2.5952],[32.9552,2.5826],[32.9487,2.576],[32.9469,2.57],[32.9391,2.57],[32.9398,2.5636],[32.9457,2.5604],[32.9551,2.5627],[32.9601,2.5499],[32.971,2.5554],[32.978,2.5518],[32.9848,2.5598],[32.998,2.5539],[32.9989,2.5488],[32.9962,2.538],[32.9906,2.5374],[32.9884,2.5289],[32.9931,2.5269],[33.0022,2.5337],[33.0066,2.5304],[33.014,2.534],[33.015,2.5384],[33.0292,2.5485],[33.0346,2.5559],[33.0533,2.566],[33.0575,2.5715],[33.0686,2.5792],[33.073,2.5888],[33.1006,2.5992],[33.0989,2.606],[33.0873,2.6324],[33.0862,2.6414],[33.0903,2.6471],[33.0781,2.6675],[33.0664,2.6694],[33.0619,2.674],[33.0562,2.686],[33.048,2.6895],[33.0418,2.6989],[33.0401,2.7084],[33.0358,2.716],[33.0236,2.7215],[33.0163,2.7312],[33.0129,2.7322],[33.018,2.7438],[33.021,2.7601],[33.0324,2.7915],[33.0362,2.8049],[33.0447,2.8176],[33.0528,2.8212],[33.0415,2.8328],[33.0203,2.8387],[33.0233,2.8472],[33.0327,2.8481],[33.0402,2.844],[33.0461,2.8492],[33.0529,2.8431],[33.0562,2.8473],[33.063,2.8325],[33.0718,2.8292],[33.0764,2.83],[33.0805,2.8225],[33.0861,2.8246],[33.0853,2.831],[33.0878,2.8406],[33.0959,2.8451],[33.1008,2.8519],[33.1102,2.8492],[33.1101,2.8456],[33.1168,2.8409],[33.129,2.8278],[33.1346,2.8347],[33.1473,2.8409],[33.1513,2.8471],[33.1615,2.8433],[33.1634,2.8499],[33.1784,2.8627],[33.1895,2.8708],[33.1945,2.8838],[33.1948,2.8906],[33.1835,2.9008],[33.1848,2.9121],[33.1827,2.919],[33.1903,2.9335],[33.1988,2.9546],[33.1882,2.9614],[33.1718,2.9858],[33.1657,2.9904],[33.158,3.0062],[33.1518,3.0127],[33.1448,3.0155],[33.143,3.0256],[33.1392,3.032],[33.1399,3.0407],[33.1367,3.0605],[33.1313,3.074]]]},"properties":{"name":"Pader","code":"UG3097","region":"ACHOLI"}},{"type":"Feature","geometry":{"type":"Polygon","coordinates":[[[31.4423,2.6769],[31.4458,2.6853],[31.4508,2.6872],[31.4539,2.7031],[31.4504,2.718],[31.452,2.7249],[31.449,2.7393],[31.438,2.7566],[31.4324,2.7615],[31.4232,2.7623],[31.4147,2.7603],[31.4022,2.7658],[31.3936,2.7679],[31.3869,2.7756],[31.3593,2.7708],[31.3487,2.7659],[31.34,2.7641],[31.3297,2.7577],[31.3256,2.7511],[31.3266,2.7435],[31.3307,2.737],[31.3272,2.7338],[31.3184,2.732],[31.3008,2.7192],[31.2854,2.7019],[31.285,2.6978],[31.292,2.6754],[31.2955,2.6614],[31.2968,2.6377],[31.2954,2.6221],[31.2945,2.59],[31.2787,2.5706],[31.2779,2.5601],[31.2805,2.5555],[31.2842,2.5403],[31.2911,2.5382],[31.2987,2.5421],[31.3052,2.5108],[31.3083,2.5038],[31.3081,2.4926],[31.3021,2.4839],[31.2899,2.4807],[31.2864,2.4731],[31.2765,2.4687],[31.2729,2.4647],[31.2659,2.4634],[31.2594,2.4554],[31.251,2.4492],[31.2532,2.4456],[31.2646,2.4479],[31.2771,2.4471],[31.2838,2.4522],[31.2894,2.4493],[31.2916,2.411],[31.2894,2.394],[31.291,2.3729],[31.2943,2.344],[31.2878,2.3268],[31.2812,2.3009],[31.2892,2.296],[31.2865,2.2762],[31.2748,2.2696],[31.2739,2.2588],[31.2714,2.2543],[31.2628,2.2488],[31.2671,2.2239],[31.2662,2.2103],[31.2594,2.1892],[31.3064,2.1542],[31.3241,2.2114],[31.3365,2.2474],[31.3433,2.2611],[31.3504,2.271],[31.3679,2.2904],[31.3891,2.3087],[31.4091,2.3212],[31.4393,2.3332],[31.4522,2.3409],[31.4634,2.3515],[31.4686,2.3592],[31.4736,2.3726],[31.4763,2.3928],[31.4769,2.4207],[31.4795,2.4311],[31.4846,2.443],[31.4901,2.4499],[31.4985,2.4558],[31.5147,2.4624],[31.5214,2.4675],[31.5295,2.4797],[31.5297,2.4838],[31.5219,2.4929],[31.5156,2.496],[31.4953,2.4956],[31.478,2.5054],[31.4724,2.5164],[31.4663,2.5326],[31.464,2.5575],[31.4587,2.567],[31.4439,2.5814],[31.4325,2.5866],[31.4166,2.6073],[31.4114,2.6228],[31.4158,2.6308],[31.4152,2.6357],[31.4237,2.6466],[31.4257,2.6526],[31.4337,2.6627],[31.4404,2.6687],[31.4423,2.6769]]]},"properties":{"name":"Pakwach","code":"UG3098","region":"WESTNILE"}},{"type":"Feature","geometry":{"type":"Polygon","coordinates":[[[33.7283,1.3443],[33.7104,1.3429],[33.6963,1.339],[33.6863,1.3256],[33.672,1.3146],[33.6503,1.3117],[33.6328,1.3165],[33.6167,1.3159],[33.6087,1.3139],[33.5799,1.3103],[33.5725,1.3103],[33.5686,1.3143],[33.5657,1.3341],[33.5571,1.3394],[33.5531,1.3366],[33.5497,1.3249],[33.5451,1.3175],[33.5376,1.3172],[33.5238,1.3093],[33.5085,1.3116],[33.4986,1.3216],[33.4832,1.3297],[33.4713,1.3316],[33.4535,1.3285],[33.4454,1.3225],[33.4341,1.3224],[33.4313,1.3364],[33.4282,1.3399],[33.4203,1.3404],[33.407,1.3382],[33.3954,1.3339],[33.401,1.316],[33.4046,1.2961],[33.4128,1.2936],[33.4401,1.292],[33.4557,1.285],[33.4706,1.2711],[33.4925,1.2479],[33.5015,1.2333],[33.5079,1.2203],[33.52,1.2043],[33.5273,1.1998],[33.5371,1.1995],[33.541,1.1923],[33.5518,1.188],[33.5604,1.1767],[33.5673,1.1728],[33.5773,1.1722],[33.5915,1.1629],[33.5988,1.1485],[33.603,1.1302],[33.6065,1.1236],[33.6156,1.1192],[33.6223,1.1123],[33.6263,1.1043],[33.6466,1.1133],[33.6736,1.1242],[33.6859,1.1249],[33.7085,1.1179],[33.7304,1.1173],[33.7423,1.1116],[33.7624,1.1131],[33.7721,1.1041],[33.7744,1.0946],[33.7829,1.0898],[33.7947,1.0968],[33.798,1.1021],[33.8124,1.1138],[33.8185,1.1352],[33.8372,1.168],[33.842,1.1679],[33.8525,1.161],[33.8512,1.1699],[33.8565,1.1763],[33.858,1.1838],[33.8552,1.1981],[33.8663,1.2065],[33.8741,1.2229],[33.8733,1.2325],[33.8796,1.2472],[33.8813,1.2671],[33.8617,1.2693],[33.8566,1.2725],[33.8361,1.2919],[33.8295,1.3012],[33.8063,1.32],[33.7983,1.3217],[33.7898,1.3207],[33.7741,1.3163],[33.751,1.3166],[33.742,1.3229],[33.7364,1.3354],[33.7283,1.3443]]]},"properties":{"name":"Pallisa","code":"UG2059","region":"BUKEDI"}},{"type":"Feature","geometry":{"type":"Polygon","coordinates":[[[31.44,-0.5981],[31.4302,-0.5969],[31.4268,-0.5899],[31.421,-0.5867],[31.4093,-0.5883],[31.4033,-0.5816],[31.389,-0.5751],[31.3608,-0.5271],[31.3141,-0.4935],[31.268,-0.4846],[31.2504,-0.464],[31.2441,-0.458],[31.2349,-0.4556],[31.2192,-0.4566],[31.2034,-0.463],[31.1936,-0.4758],[31.1889,-0.4846],[31.1786,-0.4932],[31.1721,-0.4929],[31.1614,-0.4878],[31.1547,-0.49],[31.1525,-0.4975],[31.153,-0.516],[31.1491,-0.5274],[31.1414,-0.5373],[31.1387,-0.5504],[31.1349,-0.5599],[31.1244,-0.5751],[31.1249,-0.5885],[31.1177,-0.597],[31.1084,-0.6046],[31.1028,-0.6122],[31.0986,-0.6216],[31.0948,-0.6359],[31.0935,-0.6551],[31.091,-0.6649],[31.0928,-0.6714],[31.1062,-0.678],[31.1338,-0.6892],[31.1544,-0.7055],[31.1578,-0.7133],[31.1649,-0.7206],[31.1705,-0.7293],[31.1874,-0.7394],[31.1958,-0.7492],[31.2,-0.758],[31.1979,-0.7696],[31.1997,-0.7777],[31.1957,-0.7884],[31.1917,-0.8191],[31.194,-0.8242],[31.2066,-0.8299],[31.2129,-0.8346],[31.2217,-0.8373],[31.2268,-0.8438],[31.2271,-0.8557],[31.2037,-0.8731],[31.2063,-0.8779],[31.2035,-0.8877],[31.2099,-0.901],[31.2511,-0.9324],[31.2707,-0.9495],[31.2643,-0.9844],[31.2708,-0.9993],[31.2942,-0.9993],[31.287,-0.9814],[31.2999,-0.9754],[31.3058,-0.9574],[31.32,-0.954],[31.3529,-0.9475],[31.3894,-0.948],[31.3936,-0.9413],[31.4127,-0.9019],[31.4309,-0.8493],[31.4428,-0.8327],[31.4468,-0.8309],[31.4499,-0.8178],[31.4567,-0.818],[31.4689,-0.8112],[31.48,-0.8181],[31.4876,-0.8068],[31.4833,-0.7997],[31.4841,-0.7816],[31.4867,-0.7773],[31.4871,-0.7672],[31.4898,-0.7629],[31.4822,-0.754],[31.4776,-0.7445],[31.4801,-0.7335],[31.5061,-0.7349],[31.5107,-0.7227],[31.5034,-0.7209],[31.5197,-0.7028],[31.4995,-0.684],[31.5025,-0.6742],[31.4895,-0.6658],[31.4892,-0.6386],[31.4798,-0.6321],[31.4748,-0.6141],[31.44,-0.5981]]]},"properties":{"name":"Rakai","code":"UG1024","region":"BUGANDA"}},{"type":"Feature","geometry":{"type":"Polygon","coordinates":[[[29.9002,-1.0414],[29.9,-1.0465],[29.8878,-1.0501],[29.8812,-1.0617],[29.8693,-1.0702],[29.8654,-1.065],[29.8595,-1.0632],[29.8501,-1.0542],[29.8483,-1.0503],[29.8398,-1.0451],[29.8341,-1.035],[29.8213,-1.0273],[29.8061,-1.0302],[29.8043,-1.0256],[29.7922,-1.0134],[29.7845,-1.0093],[29.7665,-0.9884],[29.7483,-1.0021],[29.7405,-1.0039],[29.7378,-1.0102],[29.7498,-1.0213],[29.7549,-1.0303],[29.7556,-1.0498],[29.7657,-1.063],[29.7585,-1.0653],[29.7516,-1.0781],[29.7493,-1.0915],[29.7425,-1.0974],[29.7369,-1.0984],[29.7331,-1.1045],[29.7326,-1.1113],[29.7282,-1.1164],[29.7277,-1.1244],[29.7409,-1.1269],[29.7433,-1.1349],[29.7516,-1.1451],[29.7506,-1.1506],[29.7651,-1.1645],[29.7716,-1.1662],[29.78,-1.173],[29.7824,-1.179],[29.7929,-1.1913],[29.785,-1.1919],[29.7802,-1.1892],[29.7699,-1.1882],[29.7647,-1.1924],[29.7518,-1.1948],[29.7584,-1.2008],[29.7622,-1.2075],[29.7771,-1.22],[29.7865,-1.2355],[29.7852,-1.2417],[29.7921,-1.2533],[29.7961,-1.2568],[29.8108,-1.2813],[29.8188,-1.3008],[29.8192,-1.3105],[29.8318,-1.3141],[29.8401,-1.3193],[29.8385,-1.332],[29.8487,-1.3389],[29.8501,-1.3454],[29.856,-1.3495],[29.8563,-1.3557],[29.8602,-1.361],[29.8689,-1.3551],[29.8789,-1.3556],[29.8826,-1.355],[29.8813,-1.3441],[29.8855,-1.3382],[29.909,-1.3437],[29.9097,-1.3336],[29.9068,-1.3265],[29.9064,-1.3093],[29.9215,-1.2839],[29.9381,-1.2668],[29.9424,-1.2584],[29.9535,-1.2524],[29.9617,-1.2527],[29.9625,-1.2481],[29.9577,-1.2372],[29.9671,-1.2315],[29.975,-1.2315],[29.9797,-1.2355],[29.9871,-1.2337],[29.9917,-1.2294],[30.0006,-1.2269],[30.0095,-1.2183],[30.0132,-1.2031],[30.0056,-1.1961],[30.0088,-1.1903],[30.0143,-1.1923],[30.0199,-1.2002],[30.0239,-1.202],[30.0283,-1.2017],[30.0302,-1.1926],[30.0278,-1.1849],[30.0156,-1.1679],[30.0152,-1.1584],[30.0007,-1.1474],[29.9884,-1.141],[29.9862,-1.1257],[29.983,-1.123],[29.9585,-1.1205],[29.9555,-1.1154],[29.9561,-1.1073],[29.9518,-1.0996],[29.9445,-1.0964],[29.9323,-1.0961],[29.93,-1.0929],[29.9268,-1.0737],[29.9292,-1.0676],[29.9263,-1.0621],[29.9181,-1.0577],[29.9078,-1.053],[29.9002,-1.0414]]]},"properties":{"name":"Rubanda","code":"UG4130","region":"KIGEZI"}},{"type":"Feature","geometry":{"type":"Polygon","coordinates":[[[30.216,-0.0784],[30.2021,-0.0781],[30.1845,-0.0885],[30.1869,-0.0772],[30.1805,-0.074],[30.1657,-0.0729],[30.1599,-0.0759],[30.1561,-0.0725],[30.1503,-0.0769],[30.138,-0.0793],[30.1254,-0.0864],[30.1218,-0.0913],[30.1066,-0.1015],[30.0937,-0.0967],[30.0878,-0.1031],[30.0801,-0.1155],[30.0652,-0.1127],[30.0575,-0.1175],[30.0473,-0.1301],[30.0343,-0.1361],[30.0196,-0.1398],[30.0051,-0.1486],[29.9929,-0.163],[29.9888,-0.172],[29.9835,-0.1731],[29.9674,-0.1708],[29.9637,-0.1732],[29.9601,-0.1854],[29.9545,-0.1884],[29.9407,-0.184],[29.9271,-0.1768],[29.9174,-0.1827],[29.9082,-0.1821],[29.9036,-0.1873],[29.9072,-0.1957],[29.9041,-0.2006],[29.8858,-0.2092],[29.78,-0.2101],[29.6993,-0.2106],[29.676,-0.3365],[29.7503,-0.3556],[29.8196,-0.3743],[29.8409,-0.3865],[29.8476,-0.3852],[29.8613,-0.3901],[29.8641,-0.395],[29.8608,-0.4137],[29.8691,-0.4255],[29.8753,-0.4309],[29.8722,-0.4442],[29.8899,-0.4517],[29.8925,-0.4486],[29.9038,-0.4494],[29.9151,-0.4442],[29.9225,-0.4443],[29.9365,-0.4489],[29.9393,-0.4445],[29.9474,-0.4216],[29.96,-0.4024],[29.9703,-0.3937],[29.9818,-0.3872],[30.0005,-0.3866],[30.01,-0.3835],[30.0172,-0.3781],[30.0577,-0.361],[30.0838,-0.352],[30.1018,-0.358],[30.1127,-0.3666],[30.1238,-0.3723],[30.1319,-0.3736],[30.1395,-0.3719],[30.1561,-0.3736],[30.1634,-0.3796],[30.1788,-0.3818],[30.1748,-0.3758],[30.1747,-0.3646],[30.1691,-0.3604],[30.1685,-0.3549],[30.1728,-0.3513],[30.1694,-0.3408],[30.1643,-0.3342],[30.1708,-0.3258],[30.1664,-0.3203],[30.1667,-0.3114],[30.1783,-0.2848],[30.1842,-0.2864],[30.1883,-0.2814],[30.1839,-0.2777],[30.1911,-0.2729],[30.2078,-0.2662],[30.2157,-0.2595],[30.2281,-0.252],[30.2319,-0.235],[30.231,-0.2294],[30.2375,-0.226],[30.2467,-0.2307],[30.2508,-0.2296],[30.2524,-0.2221],[30.2691,-0.2186],[30.2841,-0.2113],[30.2862,-0.2065],[30.2835,-0.1947],[30.2863,-0.1878],[30.2806,-0.1773],[30.281,-0.1665],[30.276,-0.1642],[30.2644,-0.1445],[30.2561,-0.1358],[30.2516,-0.1277],[30.2461,-0.1241],[30.2365,-0.123],[30.2346,-0.1176],[30.2283,-0.1112],[30.2124,-0.1003],[30.2152,-0.0934],[30.216,-0.0784]]]},"properties":{"name":"Rubirizi","code":"UG4131","region":"ANKOLE"}},{"type":"Feature","geometry":{"type":"Polygon","coordinates":[[[30.0465,-1.0608],[30.03,-1.0592],[30.0202,-1.0523],[30.0263,-1.0417],[30.0261,-1.0316],[30.0081,-1.0258],[29.9939,-1.0339],[29.9811,-1.0244],[29.9711,-1.0235],[29.9635,-1.0186],[29.9448,-1.0121],[29.937,-1.014],[29.9339,-1.027],[29.9251,-1.0326],[29.9243,-1.0412],[29.9196,-1.0505],[29.9181,-1.0577],[29.9263,-1.0621],[29.9292,-1.0676],[29.9268,-1.0737],[29.93,-1.0929],[29.9323,-1.0961],[29.9445,-1.0964],[29.9518,-1.0996],[29.9561,-1.1073],[29.9555,-1.1154],[29.9585,-1.1205],[29.983,-1.123],[29.9862,-1.1257],[29.9884,-1.141],[30.0007,-1.1474],[30.0152,-1.1584],[30.0156,-1.1679],[30.0278,-1.1849],[30.0302,-1.1926],[30.0283,-1.2017],[30.0239,-1.202],[30.0374,-1.2048],[30.0468,-1.2111],[30.0529,-1.211],[30.0591,-1.2061],[30.0774,-1.2118],[30.0808,-1.2174],[30.0935,-1.2213],[30.1078,-1.2228],[30.1115,-1.2314],[30.1172,-1.2355],[30.1245,-1.2317],[30.1329,-1.2328],[30.1343,-1.2394],[30.1336,-1.2526],[30.1405,-1.2526],[30.1443,-1.2394],[30.1442,-1.2291],[30.1555,-1.2247],[30.1638,-1.2265],[30.1615,-1.2314],[30.1651,-1.2415],[30.164,-1.256],[30.1618,-1.2642],[30.1694,-1.2745],[30.1765,-1.2712],[30.1875,-1.2707],[30.1907,-1.2815],[30.1978,-1.2807],[30.1975,-1.2736],[30.2039,-1.2724],[30.2108,-1.2762],[30.213,-1.2707],[30.2204,-1.2612],[30.2305,-1.2535],[30.2349,-1.2466],[30.2427,-1.241],[30.2457,-1.233],[30.2529,-1.2248],[30.2541,-1.2205],[30.2613,-1.2151],[30.2774,-1.2073],[30.2781,-1.1986],[30.286,-1.1953],[30.2923,-1.1892],[30.293,-1.1777],[30.2963,-1.1722],[30.299,-1.1559],[30.2577,-1.1566],[30.2506,-1.1646],[30.2463,-1.1651],[30.2288,-1.1816],[30.2207,-1.1853],[30.2166,-1.1923],[30.2071,-1.1955],[30.1964,-1.1933],[30.1904,-1.1889],[30.1871,-1.173],[30.1889,-1.1629],[30.193,-1.1543],[30.1873,-1.153],[30.17,-1.1602],[30.1634,-1.1592],[30.1545,-1.1615],[30.1506,-1.1565],[30.1404,-1.1601],[30.1365,-1.1562],[30.1174,-1.1549],[30.1132,-1.1561],[30.1105,-1.1451],[30.1037,-1.1349],[30.0943,-1.1278],[30.0891,-1.127],[30.0826,-1.1161],[30.0843,-1.1027],[30.0749,-1.0875],[30.0698,-1.0723],[30.057,-1.0675],[30.0465,-1.0608]]]},"properties":{"name":"Rukiga","code":"UG4132","region":"KIGEZI"}},{"type":"Feature","geometry":{"type":"Polygon","coordinates":[[[29.9365,-0.4489],[29.9225,-0.4443],[29.9151,-0.4442],[29.9038,-0.4494],[29.8925,-0.4486],[29.8899,-0.4517],[29.8722,-0.4442],[29.8753,-0.4309],[29.8691,-0.4255],[29.8608,-0.4137],[29.8641,-0.395],[29.8613,-0.3901],[29.8476,-0.3852],[29.8409,-0.3865],[29.8196,-0.3743],[29.7503,-0.3556],[29.676,-0.3365],[29.6758,-0.3367],[29.682,-0.3491],[29.7238,-0.4376],[29.732,-0.4503],[29.7357,-0.4528],[29.7391,-0.465],[29.7502,-0.4717],[29.7502,-0.4877],[29.7455,-0.495],[29.7397,-0.4928],[29.7354,-0.496],[29.7307,-0.5044],[29.7277,-0.5043],[29.7213,-0.5131],[29.7212,-0.5267],[29.7262,-0.5394],[29.7253,-0.5451],[29.7187,-0.5513],[29.7218,-0.5724],[29.7246,-0.5812],[29.7341,-0.592],[29.7353,-0.5991],[29.7404,-0.6025],[29.7373,-0.6083],[29.7459,-0.621],[29.75,-0.6201],[29.7677,-0.6296],[29.7747,-0.6201],[29.785,-0.6209],[29.7894,-0.6169],[29.7982,-0.6339],[29.7871,-0.6428],[29.7819,-0.6487],[29.7787,-0.6574],[29.7826,-0.6593],[29.7889,-0.6716],[29.7942,-0.6724],[29.7968,-0.6803],[29.8042,-0.688],[29.8049,-0.6963],[29.8018,-0.7017],[29.8025,-0.7219],[29.8091,-0.7395],[29.8189,-0.7453],[29.8239,-0.756],[29.8213,-0.7909],[29.8269,-0.8045],[29.8263,-0.8099],[29.8371,-0.8142],[29.8413,-0.8216],[29.8446,-0.8455],[29.8571,-0.8537],[29.8603,-0.8615],[29.8695,-0.8739],[29.8775,-0.8813],[29.8817,-0.888],[29.8808,-0.8977],[29.8713,-0.9056],[29.8547,-0.9136],[29.8545,-0.9239],[29.851,-0.9358],[29.8515,-0.9432],[29.8553,-0.9502],[29.8589,-0.9639],[29.8559,-0.9691],[29.8633,-0.9784],[29.8703,-0.9906],[29.8831,-0.9994],[29.8896,-1.0074],[29.8899,-1.0129],[29.8853,-1.0191],[29.8913,-1.023],[29.9002,-1.0414],[29.9078,-1.053],[29.9181,-1.0577],[29.9196,-1.0505],[29.9243,-1.0412],[29.9251,-1.0326],[29.9339,-1.027],[29.937,-1.014],[29.9448,-1.0121],[29.9635,-1.0186],[29.9711,-1.0235],[29.9811,-1.0244],[29.9939,-1.0339],[30.0081,-1.0258],[30.0261,-1.0316],[30.0263,-1.0417],[30.0202,-1.0523],[30.03,-1.0592],[30.0465,-1.0608],[30.0456,-1.045],[30.0499,-1.0418],[30.0504,-1.0316],[30.0444,-1.0194],[30.0582,-1.012],[30.07,-1.0005],[30.0712,-0.9861],[30.068,-0.9795],[30.0698,-0.9727],[30.0698,-0.9612],[30.0742,-0.9553],[30.0754,-0.9482],[30.0602,-0.9379],[30.0576,-0.9323],[30.0478,-0.9262],[30.0449,-0.9168],[30.0399,-0.9147],[30.0368,-0.9071],[30.0222,-0.9069],[30.0253,-0.8945],[30.0301,-0.8924],[30.0382,-0.8966],[30.0498,-0.8851],[30.0511,-0.8653],[30.0498,-0.8559],[30.0525,-0.8501],[30.0504,-0.8405],[30.0506,-0.8301],[30.0465,-0.8243],[30.0574,-0.8136],[30.0552,-0.8082],[30.0572,-0.7942],[30.0521,-0.7845],[30.0529,-0.7788],[30.0421,-0.7698],[30.0406,-0.7599],[30.0351,-0.7538],[30.0281,-0.7537],[30.0228,-0.7494],[30.0221,-0.7415],[30.0155,-0.7458],[30.0034,-0.7438],[30.0034,-0.7302],[29.9978,-0.7295],[29.9895,-0.7192],[29.9869,-0.7089],[29.9813,-0.7006],[29.9728,-0.695],[29.9714,-0.6874],[29.9571,-0.6654],[29.9578,-0.6577],[29.9381,-0.6507],[29.935,-0.6464],[29.9143,-0.6411],[29.9096,-0.6316],[29.9016,-0.6221],[29.897,-0.6237],[29.8928,-0.6169],[29.8842,-0.6113],[29.8969,-0.5961],[29.8965,-0.5922],[29.9105,-0.5821],[29.9162,-0.5693],[29.9252,-0.5643],[29.9262,-0.559],[29.9195,-0.5513],[29.936,-0.5411],[29.9346,-0.534],[29.9246,-0.5176],[29.9342,-0.4935],[29.9446,-0.4669],[29.9442,-0.4596],[29.9365,-0.4489]]]},"properties":{"name":"Rukungiri","code":"UG4133","region":"ANKOLE"}},{"type":"Feature","geometry":{"type":"Polygon","coordinates":[[[30.641,-0.7662],[30.6303,-0.7639],[30.6119,-0.7547],[30.5861,-0.7287],[30.5843,-0.7227],[30.5682,-0.7102],[30.5658,-0.7052],[30.5576,-0.6967],[30.5572,-0.6911],[30.5408,-0.6805],[30.5316,-0.6733],[30.5256,-0.6604],[30.5292,-0.6524],[30.5372,-0.6433],[30.5411,-0.6422],[30.5425,-0.6273],[30.537,-0.6239],[30.5327,-0.6148],[30.5227,-0.6057],[30.5173,-0.6041],[30.5103,-0.6067],[30.4977,-0.6021],[30.4895,-0.6111],[30.4828,-0.6124],[30.4747,-0.6188],[30.4547,-0.6226],[30.4392,-0.6313],[30.4346,-0.6345],[30.4224,-0.6488],[30.4193,-0.6559],[30.4072,-0.6697],[30.4058,-0.6739],[30.3909,-0.6851],[30.3891,-0.6897],[30.3797,-0.6981],[30.377,-0.705],[30.3724,-0.7071],[30.3615,-0.7075],[30.356,-0.7118],[30.3416,-0.7151],[30.335,-0.7197],[30.33,-0.7138],[30.3141,-0.7173],[30.3192,-0.7178],[30.325,-0.7229],[30.3236,-0.7301],[30.3384,-0.7484],[30.337,-0.7539],[30.3442,-0.7568],[30.3519,-0.7662],[30.3536,-0.7741],[30.359,-0.7794],[30.3604,-0.7868],[30.3756,-0.7996],[30.3875,-0.8062],[30.4003,-0.815],[30.4133,-0.8114],[30.4303,-0.8163],[30.4378,-0.83],[30.4468,-0.8341],[30.4619,-0.832],[30.4743,-0.8411],[30.4939,-0.8457],[30.5051,-0.8459],[30.5099,-0.8436],[30.5155,-0.8302],[30.5201,-0.8279],[30.5299,-0.8282],[30.5485,-0.8262],[30.5557,-0.8289],[30.5658,-0.8261],[30.568,-0.8216],[30.5777,-0.8195],[30.5928,-0.8197],[30.5937,-0.8272],[30.5707,-0.8444],[30.5678,-0.8585],[30.5808,-0.8578],[30.5905,-0.8616],[30.6034,-0.8624],[30.6029,-0.8674],[30.6158,-0.8676],[30.6308,-0.8644],[30.6318,-0.8567],[30.6356,-0.8511],[30.637,-0.8415],[30.64,-0.838],[30.6481,-0.839],[30.6506,-0.8321],[30.6506,-0.8103],[30.6549,-0.7964],[30.6566,-0.7862],[30.6462,-0.7673],[30.641,-0.7662]]]},"properties":{"name":"Rwampara","code":"UG4134","region":"ANKOLE"}},{"type":"Feature","geometry":{"type":"Polygon","coordinates":[[[33.7081,1.5702],[33.6688,1.5738],[33.6463,1.574],[33.6348,1.5722],[33.6318,1.5694],[33.6193,1.5696],[33.6103,1.5605],[33.6012,1.5556],[33.5882,1.5599],[33.5825,1.5642],[33.5769,1.5736],[33.5594,1.5869],[33.559,1.5955],[33.5531,1.6091],[33.5533,1.6151],[33.5478,1.6185],[33.5386,1.6192],[33.5261,1.6236],[33.5146,1.6249],[33.4913,1.6295],[33.4519,1.6533],[33.4142,1.6684],[33.3993,1.6725],[33.3903,1.6727],[33.3668,1.6633],[33.339,1.6555],[33.3174,1.6471],[33.2839,1.6386],[33.2749,1.6334],[33.2508,1.6254],[33.2265,1.6133],[33.205,1.6057],[33.1713,1.5943],[33.1518,1.5863],[33.1097,1.5641],[33.0624,1.5355],[33.0467,1.5234],[33.031,1.506],[33.0245,1.4933],[33.0155,1.4609],[33.0644,1.4368],[33.1053,1.4005],[33.1516,1.3561],[33.1985,1.345],[33.2469,1.3343],[33.2515,1.3368],[33.2868,1.3631],[33.2988,1.3704],[33.314,1.376],[33.3275,1.3741],[33.3377,1.3743],[33.3541,1.3688],[33.3641,1.3694],[33.3763,1.3668],[33.3818,1.3615],[33.3909,1.3461],[33.3954,1.3339],[33.407,1.3382],[33.4203,1.3404],[33.4282,1.3399],[33.4313,1.3364],[33.4341,1.3224],[33.4454,1.3225],[33.4535,1.3285],[33.4713,1.3316],[33.4832,1.3297],[33.4986,1.3216],[33.5085,1.3116],[33.5238,1.3093],[33.5376,1.3172],[33.5451,1.3175],[33.5497,1.3249],[33.5531,1.3366],[33.5571,1.3394],[33.5575,1.3491],[33.5618,1.3571],[33.5778,1.3688],[33.5835,1.3806],[33.5942,1.3896],[33.6276,1.3901],[33.6311,1.4],[33.649,1.4086],[33.663,1.4061],[33.6706,1.4133],[33.6733,1.4218],[33.6748,1.4539],[33.6769,1.4614],[33.6883,1.4809],[33.6981,1.506],[33.6976,1.5143],[33.7028,1.5344],[33.7067,1.545],[33.7059,1.5524],[33.7081,1.5702]]]},"properties":{"name":"Serere","code":"UG2060","region":"TESO"}},{"type":"Feature","geometry":{"type":"Polygon","coordinates":[[[30.4572,-0.4293],[30.442,-0.43],[30.4368,-0.4257],[30.4191,-0.4289],[30.4163,-0.4329],[30.4066,-0.4321],[30.4023,-0.4292],[30.3975,-0.437],[30.3902,-0.4329],[30.3846,-0.4347],[30.3742,-0.4558],[30.3687,-0.4567],[30.3601,-0.4464],[30.3511,-0.4517],[30.3478,-0.4492],[30.3371,-0.4568],[30.3212,-0.4567],[30.3172,-0.452],[30.317,-0.4456],[30.3057,-0.4335],[30.3081,-0.4471],[30.3059,-0.4517],[30.3096,-0.469],[30.3053,-0.4749],[30.3051,-0.4834],[30.3104,-0.4931],[30.3105,-0.5013],[30.3079,-0.513],[30.3092,-0.5285],[30.3077,-0.5341],[30.3092,-0.5486],[30.3059,-0.5636],[30.3096,-0.5743],[30.3017,-0.5783],[30.2973,-0.5877],[30.3004,-0.591],[30.2898,-0.6098],[30.2887,-0.6205],[30.2759,-0.6201],[30.2654,-0.6245],[30.2511,-0.6252],[30.2422,-0.6276],[30.2368,-0.6212],[30.2281,-0.6198],[30.2181,-0.626],[30.2112,-0.6219],[30.1959,-0.6302],[30.1903,-0.6292],[30.1831,-0.6323],[30.1782,-0.6435],[30.1678,-0.6529],[30.1598,-0.6667],[30.1511,-0.6557],[30.1369,-0.6534],[30.1274,-0.6504],[30.1172,-0.6513],[30.1218,-0.6782],[30.1258,-0.683],[30.1193,-0.6903],[30.1321,-0.701],[30.1348,-0.7091],[30.1438,-0.712],[30.1587,-0.7254],[30.1665,-0.7247],[30.1685,-0.7333],[30.1834,-0.7397],[30.1927,-0.748],[30.1918,-0.7526],[30.2001,-0.7633],[30.2161,-0.7584],[30.2235,-0.7576],[30.2334,-0.751],[30.2463,-0.7491],[30.248,-0.7451],[30.2627,-0.7366],[30.2741,-0.7361],[30.2774,-0.7321],[30.2865,-0.7361],[30.2975,-0.7295],[30.3039,-0.7299],[30.3118,-0.7354],[30.3141,-0.7173],[30.33,-0.7138],[30.335,-0.7197],[30.3416,-0.7151],[30.356,-0.7118],[30.3615,-0.7075],[30.3724,-0.7071],[30.377,-0.705],[30.3797,-0.6981],[30.3891,-0.6897],[30.3909,-0.6851],[30.4058,-0.6739],[30.4072,-0.6697],[30.4193,-0.6559],[30.4224,-0.6488],[30.4346,-0.6345],[30.4392,-0.6313],[30.442,-0.6219],[30.4415,-0.6115],[30.448,-0.6023],[30.4481,-0.5884],[30.4514,-0.5795],[30.4576,-0.5746],[30.4544,-0.5669],[30.4576,-0.5468],[30.4572,-0.541],[30.4601,-0.5291],[30.4644,-0.5215],[30.4689,-0.5025],[30.4696,-0.4937],[30.4736,-0.4725],[30.4775,-0.4667],[30.4771,-0.454],[30.4689,-0.4434],[30.4622,-0.4405],[30.4572,-0.4293]]]},"properties":{"name":"Sheema","code":"UG4135","region":"ANKOLE"}},{"type":"Feature","geometry":{"type":"Polygon","coordinates":[[[34.5268,1.13],[34.5076,1.1324],[34.5041,1.1305],[34.4846,1.1305],[34.48,1.1293],[34.4664,1.1329],[34.4616,1.1359],[34.4346,1.1427],[34.4263,1.139],[34.416,1.1548],[34.4249,1.1608],[34.4101,1.168],[34.409,1.174],[34.4039,1.1791],[34.4014,1.1861],[34.3955,1.1914],[34.3923,1.1998],[34.3744,1.2073],[34.3649,1.2139],[34.3463,1.2242],[34.3376,1.2318],[34.3338,1.2386],[34.3307,1.2522],[34.3185,1.2622],[34.3139,1.2735],[34.3046,1.2764],[34.3045,1.2846],[34.2828,1.2783],[34.2772,1.2726],[34.2759,1.2649],[34.2682,1.2559],[34.2607,1.2521],[34.2573,1.2584],[34.2502,1.2642],[34.2485,1.2787],[34.2506,1.2838],[34.2445,1.291],[34.2408,1.2809],[34.2253,1.2546],[34.2138,1.2407],[34.2016,1.2305],[34.2006,1.2272],[34.1894,1.2125],[34.1885,1.2038],[34.1844,1.1985],[34.1837,1.19],[34.1875,1.1731],[34.1819,1.1614],[34.17,1.1603],[34.1748,1.1543],[34.185,1.1548],[34.1928,1.1505],[34.1956,1.1585],[34.2047,1.1625],[34.2147,1.1635],[34.2251,1.1602],[34.2253,1.13],[34.2274,1.122],[34.2422,1.122],[34.2748,1.1043],[34.2861,1.101],[34.2993,1.1066],[34.3237,1.1017],[34.3309,1.091],[34.3369,1.0873],[34.3498,1.0894],[34.3729,1.0848],[34.374,1.097],[34.3762,1.1028],[34.3878,1.1041],[34.3997,1.1019],[34.4177,1.1066],[34.4243,1.1029],[34.4298,1.1043],[34.4425,1.1011],[34.4537,1.1034],[34.4597,1.1002],[34.4737,1.1005],[34.4787,1.0921],[34.4876,1.0922],[34.5053,1.1075],[34.5249,1.1156],[34.5264,1.119],[34.5268,1.13]]]},"properties":{"name":"Sironko","code":"UG2061","region":"ELGON"}},{"type":"Feature","geometry":{"type":"Polygon","coordinates":[[[33.8106,1.7152],[33.8045,1.7252],[33.8092,1.7334],[33.7984,1.7364],[33.7897,1.7552],[33.7885,1.7796],[33.7807,1.7947],[33.7694,1.807],[33.7534,1.8145],[33.7516,1.8191],[33.734,1.8273],[33.7272,1.8374],[33.7221,1.8413],[33.7126,1.8573],[33.7015,1.8693],[33.6885,1.88],[33.6746,1.8853],[33.6631,1.8926],[33.6567,1.9083],[33.6572,1.9214],[33.6456,1.9366],[33.6218,1.9381],[33.6126,1.9428],[33.5996,1.9527],[33.5897,1.9504],[33.5843,1.9548],[33.5769,1.9557],[33.5721,1.9619],[33.5687,1.9709],[33.5588,1.9837],[33.5535,1.986],[33.5319,2.0183],[33.5152,2.0194],[33.5024,2.0118],[33.4904,2.0176],[33.4845,2.0159],[33.4644,2.0019],[33.4611,1.9971],[33.4605,1.9828],[33.4533,1.9764],[33.4467,1.9602],[33.4555,1.9437],[33.4523,1.9372],[33.4408,1.9284],[33.4432,1.9076],[33.4395,1.8968],[33.4474,1.8815],[33.4527,1.8797],[33.4509,1.8679],[33.4524,1.8584],[33.4476,1.8457],[33.4409,1.8417],[33.4365,1.8349],[33.4355,1.8283],[33.4306,1.8255],[33.4289,1.8193],[33.4343,1.8095],[33.4348,1.8006],[33.4278,1.7927],[33.4292,1.7882],[33.427,1.7729],[33.4171,1.7583],[33.4171,1.7446],[33.4134,1.7174],[33.41,1.7043],[33.4032,1.6884],[33.3903,1.6727],[33.3993,1.6725],[33.4142,1.6684],[33.4519,1.6533],[33.4913,1.6295],[33.5146,1.6249],[33.5261,1.6236],[33.5386,1.6192],[33.5478,1.6185],[33.5533,1.6151],[33.5531,1.6091],[33.559,1.5955],[33.5594,1.5869],[33.5769,1.5736],[33.5825,1.5642],[33.5882,1.5599],[33.6012,1.5556],[33.6103,1.5605],[33.6193,1.5696],[33.6318,1.5694],[33.6348,1.5722],[33.6463,1.574],[33.6688,1.5738],[33.7081,1.5702],[33.7151,1.5766],[33.7171,1.588],[33.724,1.5938],[33.7168,1.5991],[33.7122,1.607],[33.713,1.6154],[33.7274,1.6335],[33.7434,1.6702],[33.749,1.6727],[33.7594,1.6728],[33.7723,1.6703],[33.7883,1.6698],[33.7976,1.6638],[33.8041,1.6731],[33.8118,1.6789],[33.8158,1.6936],[33.8077,1.6999],[33.8133,1.7028],[33.8144,1.7106],[33.8106,1.7152]]]},"properties":{"name":"Soroti","code":"UG2062","region":"TESO"}},{"type":"Feature","geometry":{"type":"Polygon","coordinates":[[[31.3023,0.2019],[31.2939,0.197],[31.2939,0.1874],[31.2811,0.1779],[31.2779,0.1712],[31.2637,0.1623],[31.2453,0.1667],[31.2336,0.1792],[31.224,0.1809],[31.2042,0.1938],[31.1896,0.2005],[31.1853,0.21],[31.1675,0.233],[31.1582,0.2353],[31.145,0.2328],[31.1301,0.233],[31.1113,0.2243],[31.1044,0.2155],[31.0816,0.2041],[31.0637,0.2018],[31.0444,0.1972],[31.0394,0.1979],[31.0267,0.1935],[31.0193,0.1974],[31.0134,0.1982],[31.0132,0.1897],[31.0164,0.1689],[31.032,0.1555],[31.0473,0.1467],[31.0515,0.1289],[31.0491,0.1212],[31.0564,0.1175],[31.0539,0.1101],[31.0475,0.1],[31.049,0.0932],[31.0444,0.0916],[31.0454,0.0831],[31.052,0.078],[31.0546,0.0614],[31.0571,0.0584],[31.0537,0.0504],[31.0589,0.0435],[31.0566,0.0268],[31.0593,0.0182],[31.0569,0.012],[31.04,0.0003],[31.0299,-0.0098],[31.0285,-0.0166],[31.0235,-0.0257],[31.0264,-0.0361],[31.0399,-0.0353],[31.0433,-0.031],[31.0526,-0.027],[31.0593,-0.0307],[31.0695,-0.0302],[31.0753,-0.024],[31.0831,-0.0296],[31.0914,-0.0439],[31.101,-0.0397],[31.1165,-0.0409],[31.1271,-0.0306],[31.1635,-0.0305],[31.161,-0.036],[31.1858,-0.0444],[31.2065,-0.0495],[31.2067,-0.0696],[31.2144,-0.0708],[31.2507,-0.0882],[31.2659,-0.094],[31.3048,-0.1052],[31.3243,-0.11],[31.324,-0.1141],[31.3303,-0.14],[31.3328,-0.1677],[31.3316,-0.1839],[31.3268,-0.1985],[31.3136,-0.2148],[31.3117,-0.2235],[31.3065,-0.2369],[31.304,-0.2502],[31.2932,-0.2689],[31.2952,-0.2755],[31.2928,-0.2917],[31.2881,-0.3017],[31.2973,-0.3103],[31.3358,-0.3158],[31.354,-0.3228],[31.3597,-0.333],[31.384,-0.346],[31.3974,-0.3393],[31.4084,-0.3261],[31.4253,-0.3165],[31.438,-0.3184],[31.4452,-0.3158],[31.4624,-0.3135],[31.4754,-0.3171],[31.4952,-0.3158],[31.5039,-0.3181],[31.5262,-0.3136],[31.5288,-0.3306],[31.5277,-0.3353],[31.5367,-0.3395],[31.5464,-0.3342],[31.5465,-0.3198],[31.558,-0.3214],[31.5711,-0.3315],[31.5896,-0.3256],[31.5972,-0.2957],[31.596,-0.2848],[31.5824,-0.2528],[31.5805,-0.2426],[31.5672,-0.2295],[31.5546,-0.2083],[31.5548,-0.2021],[31.5516,-0.1798],[31.5479,-0.1771],[31.5468,-0.1681],[31.5508,-0.1487],[31.5494,-0.1328],[31.553,-0.126],[31.5427,-0.084],[31.5442,-0.0646],[31.5349,-0.0373],[31.5349,-0.0276],[31.5377,-0.0197],[31.5362,-0.0158],[31.5425,0.0004],[31.5506,0.0091],[31.5576,0.0136],[31.5662,0.0266],[31.5899,0.0378],[31.6009,0.05],[31.5783,0.0599],[31.5279,0.1111],[31.5008,0.126],[31.4875,0.1388],[31.4696,0.1457],[31.4581,0.1472],[31.4461,0.1567],[31.4341,0.1613],[31.4248,0.161],[31.4196,0.1634],[31.4085,0.1846],[31.4106,0.193],[31.4065,0.1984],[31.3968,0.2003],[31.3892,0.2038],[31.3767,0.207],[31.3675,0.2072],[31.36,0.205],[31.3455,0.2068],[31.3369,0.2059],[31.3268,0.2083],[31.3127,0.2011],[31.3023,0.2019]]]},"properties":{"name":"Ssembabule","code":"UG1025","region":"BUGANDA"}},{"type":"Feature","geometry":{"type":"Polygon","coordinates":[[[34.1083,0.9025],[34.0922,0.903],[34.0773,0.8996],[34.0698,0.9028],[34.0622,0.878],[34.0404,0.8821],[34.0362,0.8854],[34.028,0.8845],[34.0216,0.88],[34.022,0.8752],[34.0106,0.8721],[34.0007,0.8771],[33.9782,0.8646],[33.9607,0.8535],[33.9497,0.8439],[33.9417,0.8347],[33.9339,0.8161],[33.9326,0.8096],[33.9236,0.7857],[33.9178,0.7733],[33.9126,0.7671],[33.9103,0.7572],[33.8981,0.7448],[33.896,0.7384],[33.8981,0.7313],[33.8933,0.727],[33.8906,0.7168],[33.8949,0.7046],[33.8884,0.7012],[33.881,0.6914],[33.8907,0.6785],[33.8964,0.6763],[33.8941,0.6657],[33.8988,0.6598],[33.8946,0.6555],[33.901,0.6328],[33.907,0.6196],[33.9084,0.6124],[33.9191,0.6025],[33.9174,0.5982],[33.924,0.5885],[33.934,0.5874],[33.9639,0.5806],[33.9752,0.5824],[33.9787,0.578],[33.9826,0.5751],[33.994,0.5801],[33.9988,0.5759],[34.0075,0.578],[34.0166,0.5771],[34.0174,0.5832],[34.0334,0.5898],[34.0474,0.5901],[34.0538,0.584],[34.0655,0.5848],[34.0678,0.5929],[34.0863,0.5872],[34.0947,0.5831],[34.1004,0.5871],[34.1136,0.5811],[34.1254,0.5806],[34.1383,0.5829],[34.1411,0.5805],[34.1535,0.5856],[34.1603,0.5942],[34.1779,0.6065],[34.1833,0.6038],[34.1992,0.6249],[34.2054,0.6218],[34.2175,0.624],[34.2206,0.63],[34.2297,0.6253],[34.2406,0.6286],[34.2417,0.6324],[34.2505,0.6285],[34.2616,0.6369],[34.2776,0.6401],[34.2783,0.652],[34.2815,0.6641],[34.2782,0.6706],[34.2785,0.6788],[34.2868,0.68],[34.3037,0.6908],[34.3064,0.6952],[34.3143,0.698],[34.3093,0.7055],[34.3106,0.7129],[34.308,0.7167],[34.3099,0.7258],[34.3079,0.7291],[34.3103,0.7372],[34.3107,0.7467],[34.3041,0.7524],[34.2961,0.7558],[34.2857,0.7576],[34.2727,0.7595],[34.2606,0.7694],[34.2519,0.773],[34.2378,0.7813],[34.224,0.8029],[34.2176,0.8078],[34.2031,0.8115],[34.1922,0.817],[34.1831,0.8292],[34.1842,0.8337],[34.1807,0.8408],[34.1796,0.8571],[34.1757,0.8609],[34.1547,0.8717],[34.14,0.8805],[34.1243,0.8952],[34.1192,0.8936],[34.1083,0.9025]]]},"properties":{"name":"Tororo","code":"UG2063","region":"BUKEDI"}},{"type":"Feature","geometry":{"type":"Polygon","coordinates":[[[32.6817,0.5573],[32.6651,0.5614],[32.6595,0.5576],[32.6496,0.5569],[32.6382,0.5596],[32.6301,0.5652],[32.6183,0.5682],[32.6095,0.5638],[32.6001,0.5722],[32.5871,0.575],[32.5803,0.5842],[32.57,0.5768],[32.5682,0.5689],[32.5584,0.5684],[32.537,0.5477],[32.5328,0.5506],[32.5267,0.5636],[32.5211,0.5667],[32.5115,0.5653],[32.5007,0.5615],[32.4943,0.5625],[32.4861,0.5595],[32.4732,0.5677],[32.4592,0.5667],[32.4476,0.5629],[32.4416,0.5638],[32.4164,0.5638],[32.4038,0.5704],[32.3939,0.5733],[32.3771,0.5663],[32.3677,0.5671],[32.359,0.5651],[32.3396,0.5571],[32.333,0.552],[32.3296,0.5497],[32.3157,0.5472],[32.3118,0.5445],[32.3061,0.534],[32.2909,0.5384],[32.2851,0.5361],[32.2686,0.5566],[32.2616,0.5674],[32.2507,0.5743],[32.2413,0.574],[32.2319,0.5794],[32.2235,0.5732],[32.2164,0.5652],[32.2106,0.5549],[32.2066,0.5437],[32.1985,0.5318],[32.1983,0.5229],[32.2013,0.5164],[32.2022,0.5003],[32.1987,0.497],[32.1933,0.4846],[32.1927,0.4771],[32.2025,0.459],[32.2038,0.4532],[32.2143,0.4399],[32.2203,0.4349],[32.2212,0.4284],[32.237,0.4165],[32.2384,0.413],[32.2543,0.4059],[32.2759,0.4037],[32.2877,0.401],[32.3014,0.391],[32.3277,0.3858],[32.3408,0.3804],[32.3556,0.3776],[32.3777,0.3623],[32.4004,0.3554],[32.4088,0.3492],[32.421,0.3363],[32.4225,0.3284],[32.4174,0.3201],[32.4172,0.3138],[32.4214,0.2967],[32.4269,0.2858],[32.4255,0.2765],[32.4204,0.2594],[32.4082,0.2362],[32.4107,0.2212],[32.4008,0.2263],[32.3903,0.2059],[32.3851,0.2012],[32.3783,0.2022],[32.3748,0.1925],[32.3679,0.1896],[32.3608,0.1924],[32.3454,0.1673],[32.3419,0.1532],[32.3329,0.1437],[32.3084,0.121],[32.3014,0.1169],[32.287,0.1141],[32.2806,0.1101],[32.2738,0.1008],[32.2707,0.0843],[32.2636,0.0726],[32.2523,0.0613],[32.2432,0.0551],[32.2361,0.0547],[32.2283,0.0479],[32.2215,0.0464],[32.2216,0.0406],[32.2135,0.0297],[32.212,0.0126],[32.2132,0.0072],[32.223,-0.0031],[32.2299,-0.0217],[32.2489,-0.0527],[32.2501,-0.1529],[32.3384,-0.1526],[32.4458,-0.1524],[32.501,-0.1525],[32.5878,-0.0426],[32.6201,-0.0021],[32.6199,0.1588],[32.6202,0.1658],[32.6343,0.2143],[32.6163,0.226],[32.6105,0.2434],[32.6035,0.2566],[32.5866,0.2677],[32.5765,0.2793],[32.5651,0.2743],[32.5417,0.2713],[32.5308,0.2849],[32.5267,0.2972],[32.5129,0.3035],[32.5104,0.3073],[32.523,0.3265],[32.5253,0.3349],[32.534,0.3436],[32.5482,0.3491],[32.5535,0.3486],[32.5563,0.3566],[32.5544,0.3676],[32.5497,0.3759],[32.5551,0.3788],[32.5586,0.3851],[32.5637,0.3875],[32.565,0.4025],[32.5758,0.4004],[32.5989,0.4057],[32.6065,0.3994],[32.6051,0.3907],[32.6107,0.385],[32.6176,0.3877],[32.6193,0.3773],[32.6281,0.3762],[32.6343,0.3779],[32.6339,0.3689],[32.6396,0.3504],[32.6391,0.3318],[32.646,0.3259],[32.656,0.3283],[32.6654,0.3239],[32.6656,0.313],[32.6617,0.3095],[32.6646,0.3015],[32.6634,0.297],[32.6677,0.2909],[32.6628,0.2813],[32.6688,0.2746],[32.6742,0.2811],[32.6871,0.2898],[32.6859,0.3161],[32.6839,0.3425],[32.6846,0.3526],[32.6834,0.3699],[32.6725,0.3865],[32.6744,0.3941],[32.667,0.4065],[32.6666,0.4159],[32.6618,0.4285],[32.6652,0.4355],[32.6658,0.4437],[32.662,0.4584],[32.6774,0.4725],[32.6748,0.4904],[32.6645,0.4969],[32.6627,0.5016],[32.6632,0.5134],[32.6688,0.5244],[32.6757,0.5465],[32.6817,0.5573]]]},"properties":{"name":"Wakiso","code":"UG1026","region":"BUGANDA"}},{"type":"Feature","geometry":{"type":"Polygon","coordinates":[[[31.516,3.6368],[31.5057,3.6388],[31.5031,3.6487],[31.5091,3.6693],[31.5086,3.6742],[31.4897,3.6802],[31.4504,3.6991],[31.4153,3.7201],[31.4062,3.7236],[31.3799,3.7372],[31.3523,3.7507],[31.3373,3.7616],[31.2909,3.7934],[31.2891,3.7939],[31.2008,3.7943],[31.1659,3.794],[31.1559,3.7797],[31.1462,3.7733],[31.1357,3.7685],[31.1337,3.7646],[31.1226,3.7602],[31.1149,3.7544],[31.1047,3.7496],[31.1006,3.7451],[31.1005,3.7358],[31.0999,3.6161],[31.0996,3.591],[31.0911,3.5789],[31.092,3.5687],[31.0894,3.5661],[31.0889,3.5554],[31.0864,3.5436],[31.0928,3.529],[31.0934,3.5229],[31.0892,3.4758],[31.0922,3.4728],[31.0923,3.4618],[31.0898,3.4557],[31.0934,3.4441],[31.102,3.4369],[31.0974,3.4337],[31.0904,3.4204],[31.0874,3.4001],[31.0835,3.3936],[31.085,3.3889],[31.0803,3.3775],[31.0685,3.3705],[31.0643,3.3755],[31.0588,3.3627],[31.0505,3.3245],[31.0459,3.3223],[31.0478,3.3139],[31.0544,3.3052],[31.0696,3.2956],[31.0757,3.299],[31.0948,3.3044],[31.0989,3.3006],[31.1185,3.3141],[31.1313,3.3022],[31.1373,3.305],[31.1362,3.3153],[31.1381,3.3236],[31.1456,3.3338],[31.141,3.3388],[31.1435,3.3459],[31.1559,3.3506],[31.1723,3.3511],[31.1788,3.3402],[31.1848,3.3369],[31.1892,3.3407],[31.2005,3.3387],[31.2062,3.3296],[31.2155,3.3203],[31.2179,3.3145],[31.224,3.3107],[31.2353,3.3104],[31.2394,3.2917],[31.2487,3.284],[31.2569,3.2816],[31.2647,3.2873],[31.277,3.2806],[31.2978,3.2771],[31.3056,3.2792],[31.3113,3.2732],[31.3091,3.2701],[31.3279,3.2657],[31.3366,3.245],[31.3405,3.2386],[31.3425,3.2261],[31.3538,3.2198],[31.3619,3.2237],[31.3666,3.2216],[31.3852,3.2236],[31.3996,3.2169],[31.398,3.2105],[31.4078,3.2005],[31.4112,3.1894],[31.4088,3.184],[31.4125,3.1812],[31.44,3.1824],[31.4507,3.1843],[31.455,3.1871],[31.464,3.1851],[31.4687,3.1884],[31.4784,3.1891],[31.471,3.2037],[31.4514,3.2251],[31.4397,3.2413],[31.4272,3.2661],[31.4413,3.3633],[31.4531,3.4466],[31.469,3.4719],[31.5101,3.5352],[31.5367,3.5766],[31.5353,3.5876],[31.5366,3.6012],[31.5356,3.6097],[31.5267,3.6229],[31.5238,3.6314],[31.516,3.6368]]]},"properties":{"name":"Yumbe","code":"UG3099","region":"WESTNILE"}},{"type":"Feature","geometry":{"type":"Polygon","coordinates":[[[30.9767,2.6878],[30.9732,2.6934],[30.9678,2.6959],[30.9568,2.7119],[30.9516,2.7106],[30.947,2.6992],[30.9462,2.6925],[30.9411,2.6916],[30.9374,2.696],[30.9263,2.7028],[30.9164,2.6935],[30.9123,2.6854],[30.9139,2.6749],[30.9024,2.6672],[30.8955,2.6712],[30.8892,2.6676],[30.8861,2.6729],[30.8796,2.6702],[30.8686,2.6747],[30.8569,2.6725],[30.8435,2.6671],[30.8378,2.6611],[30.8268,2.6586],[30.8211,2.66],[30.8104,2.6529],[30.8002,2.652],[30.7968,2.646],[30.792,2.6444],[30.7882,2.6439],[30.7874,2.6357],[30.7913,2.6331],[30.7797,2.6094],[30.7804,2.6037],[30.7727,2.5959],[30.7676,2.5959],[30.7547,2.5883],[30.7508,2.5824],[30.7546,2.576],[30.7535,2.5694],[30.7583,2.562],[30.7565,2.554],[30.7594,2.5493],[30.7572,2.538],[30.7602,2.5149],[30.7625,2.5072],[30.7592,2.4949],[30.7519,2.494],[30.7468,2.4872],[30.7468,2.4783],[30.7443,2.4701],[30.7447,2.4565],[30.7408,2.4513],[30.742,2.4457],[30.7492,2.4382],[30.7509,2.422],[30.7699,2.4276],[30.78,2.4356],[30.7842,2.4314],[30.7896,2.4323],[30.7982,2.4241],[30.8092,2.4215],[30.8205,2.4209],[30.8345,2.4241],[30.8352,2.4174],[30.8401,2.4042],[30.8466,2.3936],[30.8455,2.3907],[30.8501,2.3805],[30.8564,2.3743],[30.8651,2.3733],[30.8656,2.3682],[30.8734,2.3661],[30.877,2.3611],[30.8766,2.3516],[30.8817,2.3441],[30.8826,2.3379],[30.8926,2.337],[30.9056,2.3294],[30.9113,2.3286],[30.9137,2.3386],[30.9262,2.3361],[30.9348,2.3322],[30.9428,2.3415],[30.9491,2.3626],[30.9441,2.3632],[30.9425,2.3715],[30.9502,2.3857],[30.9494,2.3906],[30.9556,2.3979],[30.9603,2.3942],[30.9666,2.4006],[30.9812,2.4043],[30.9966,2.4014],[31.0034,2.3957],[31.0111,2.3953],[31.0157,2.3859],[31.0194,2.3955],[31.027,2.4032],[31.0295,2.4164],[31.0399,2.4454],[31.0411,2.4539],[31.0513,2.4778],[31.0609,2.4816],[31.0648,2.4873],[31.0703,2.4896],[31.07,2.4983],[31.0565,2.5003],[31.0454,2.4973],[31.0394,2.5001],[31.0318,2.5078],[31.0218,2.5222],[31.0097,2.5195],[30.9913,2.5203],[30.9929,2.5252],[30.9962,2.5484],[30.9948,2.5504],[31.0073,2.5659],[31.0205,2.5752],[30.9847,2.5956],[30.9813,2.6139],[30.9837,2.635],[30.9838,2.6581],[30.9785,2.6763],[30.9767,2.6878]]]},"properties":{"name":"Zombo","code":"UG3100","region":"WESTNILE"}},{"type":"Feature","geometry":{"type":"Polygon","coordinates":[[[30.2851,0.5828],[30.2937,0.5777],[30.2999,0.5881],[30.3068,0.5941],[30.3017,0.602],[30.3029,0.6142],[30.2911,0.6209],[30.2953,0.6285],[30.3118,0.64],[30.3209,0.6349],[30.3257,0.6424],[30.3223,0.6478],[30.3066,0.652],[30.3099,0.6615],[30.3076,0.6673],[30.2975,0.6684],[30.2944,0.6799],[30.278,0.6856],[30.2702,0.6986],[30.2586,0.7002],[30.2478,0.698],[30.2412,0.6887],[30.2387,0.6767],[30.2309,0.6799],[30.2139,0.6805],[30.2072,0.6915],[30.1971,0.6974],[30.184,0.6968],[30.1788,0.6871],[30.1717,0.6682],[30.1703,0.656],[30.1661,0.6495],[30.171,0.6389],[30.1776,0.6332],[30.1856,0.6411],[30.1949,0.6448],[30.2054,0.6444],[30.219,0.6383],[30.2248,0.6266],[30.2351,0.6234],[30.2441,0.6174],[30.2515,0.6067],[30.2542,0.596],[30.2635,0.5912],[30.2772,0.5807],[30.2851,0.5828]]]},"properties":{"name":"Fort Portal City","code":"OSM-R14693932","region":"TORO"}},{"type":"Feature","geometry":{"type":"Polygon","coordinates":[[[31.3835,3.1841],[31.3965,3.1776],[31.4056,3.181],[31.4106,3.1938],[31.4067,3.2037],[31.3972,3.2134],[31.3989,3.2193],[31.3845,3.2263],[31.3672,3.2243],[31.3597,3.2265],[31.3514,3.2227],[31.3425,3.2265],[31.3395,3.2418],[31.3273,3.2684],[31.3102,3.2718],[31.3046,3.2821],[31.295,3.2768],[31.2897,3.281],[31.2722,3.2847],[31.2639,3.2901],[31.251,3.2848],[31.2407,3.2938],[31.2344,3.3155],[31.223,3.315],[31.2051,3.3345],[31.2027,3.3396],[31.1887,3.3435],[31.1818,3.3421],[31.1716,3.3557],[31.1533,3.3543],[31.1435,3.349],[31.1449,3.3376],[31.1375,3.3232],[31.1378,3.3097],[31.1177,3.3085],[31.1128,3.3116],[31.0983,3.3016],[31.0875,3.308],[31.0833,3.3029],[31.0758,3.304],[31.0682,3.3119],[31.0606,3.3046],[31.0656,3.2979],[31.068,3.2883],[31.074,3.2772],[31.0516,3.2702],[31.0474,3.2739],[31.0342,3.2774],[31.0281,3.2656],[31.0204,3.2551],[31.0187,3.2486],[31.0126,3.2434],[31.0109,3.2328],[31.0137,3.2252],[30.9951,3.2166],[30.9966,3.2072],[31.0031,3.1949],[30.9881,3.1868],[30.9792,3.1863],[30.9721,3.1779],[30.9692,3.1687],[30.9607,3.1693],[30.9468,3.147],[30.9401,3.1254],[30.9309,3.1187],[30.9293,3.1134],[30.9382,3.1045],[30.9494,3.098],[30.9582,3.0983],[30.9627,3.0903],[30.9584,3.0838],[30.9673,3.0782],[30.9775,3.0857],[30.9933,3.0857],[30.9987,3.0828],[31.0045,3.0678],[31.0022,3.0589],[31.0129,3.0513],[31.0183,3.0427],[31.0272,3.0437],[31.0339,3.0387],[31.0569,3.0446],[31.068,3.0502],[31.0735,3.0456],[31.0742,3.0389],[31.0861,3.0458],[31.0892,3.0398],[31.1084,3.0321],[31.1143,3.0345],[31.1212,3.0258],[31.1232,3.0165],[31.1433,3.012],[31.1478,3.0091],[31.1664,3.0108],[31.1714,3.0268],[31.1704,3.0415],[31.1735,3.0537],[31.184,3.0678],[31.1962,3.0769],[31.2084,3.0763],[31.2121,3.0691],[31.2224,3.0683],[31.2271,3.0745],[31.2412,3.0781],[31.2466,3.0735],[31.252,3.0784],[31.2459,3.0877],[31.2459,3.0968],[31.2537,3.0988],[31.2779,3.0872],[31.2889,3.0737],[31.3017,3.0761],[31.3133,3.0857],[31.3234,3.0969],[31.3323,3.097],[31.3491,3.1056],[31.3453,3.1138],[31.3387,3.1144],[31.3444,3.1258],[31.3497,3.1604],[31.3638,3.1615],[31.3696,3.1743],[31.3725,3.1913],[31.3832,3.192],[31.3835,3.1841]]]},"properties":{"name":"Terego","code":"OSM-R3501793","region":"WESTNILE"}}]}